TimeQuest Timing Analyzer report for lyrics_vga_top
Fri May 15 14:20:31 2026
Quartus II 64-Bit Version 13.0.1 Build 232 06/12/2013 Service Pack 1 SJ Web Edition


---------------------
; Table of Contents ;
---------------------
  1. Legal Notice
  2. TimeQuest Timing Analyzer Summary
  3. Parallel Compilation
  4. Clocks
  5. Slow Model Fmax Summary
  6. Slow Model Setup Summary
  7. Slow Model Hold Summary
  8. Slow Model Recovery Summary
  9. Slow Model Removal Summary
 10. Slow Model Minimum Pulse Width Summary
 11. Slow Model Setup: 'CLOCK_50'
 12. Slow Model Hold: 'CLOCK_50'
 13. Slow Model Minimum Pulse Width: 'CLOCK_50'
 14. Setup Times
 15. Hold Times
 16. Clock to Output Times
 17. Minimum Clock to Output Times
 18. Fast Model Setup Summary
 19. Fast Model Hold Summary
 20. Fast Model Recovery Summary
 21. Fast Model Removal Summary
 22. Fast Model Minimum Pulse Width Summary
 23. Fast Model Setup: 'CLOCK_50'
 24. Fast Model Hold: 'CLOCK_50'
 25. Fast Model Minimum Pulse Width: 'CLOCK_50'
 26. Setup Times
 27. Hold Times
 28. Clock to Output Times
 29. Minimum Clock to Output Times
 30. Multicorner Timing Analysis Summary
 31. Setup Times
 32. Hold Times
 33. Clock to Output Times
 34. Minimum Clock to Output Times
 35. Setup Transfers
 36. Hold Transfers
 37. Report TCCS
 38. Report RSKM
 39. Unconstrained Paths
 40. TimeQuest Timing Analyzer Messages



----------------
; Legal Notice ;
----------------
Copyright (C) 1991-2013 Altera Corporation
Your use of Altera Corporation's design tools, logic functions 
and other software and tools, and its AMPP partner logic 
functions, and any output files from any of the foregoing 
(including device programming or simulation files), and any 
associated documentation or information are expressly subject 
to the terms and conditions of the Altera Program License 
Subscription Agreement, Altera MegaCore Function License 
Agreement, or other applicable license agreement, including, 
without limitation, that your use is for the sole purpose of 
programming logic devices manufactured by Altera and sold by 
Altera or its authorized distributors.  Please refer to the 
applicable agreement for further details.



+----------------------------------------------------------------------------------------+
; TimeQuest Timing Analyzer Summary                                                      ;
+--------------------+-------------------------------------------------------------------+
; Quartus II Version ; Version 13.0.1 Build 232 06/12/2013 Service Pack 1 SJ Web Edition ;
; Revision Name      ; lyrics_vga_top                                                    ;
; Device Family      ; Cyclone II                                                        ;
; Device Name        ; EP2C35F672C6                                                      ;
; Timing Models      ; Final                                                             ;
; Delay Model        ; Combined                                                          ;
; Rise/Fall Delays   ; Unavailable                                                       ;
+--------------------+-------------------------------------------------------------------+


Parallel compilation was disabled, but you have multiple processors available. Enable parallel compilation to reduce compilation time.
+-------------------------------------+
; Parallel Compilation                ;
+----------------------------+--------+
; Processors                 ; Number ;
+----------------------------+--------+
; Number detected on machine ; 8      ;
; Maximum allowed            ; 1      ;
+----------------------------+--------+


+--------------------------------------------------------------------------------------------------------------------------------------------------------------------------------------+
; Clocks                                                                                                                                                                               ;
+------------+------+--------+------------+-------+-------+------------+-----------+-------------+-------+--------+-----------+------------+----------+--------+--------+--------------+
; Clock Name ; Type ; Period ; Frequency  ; Rise  ; Fall  ; Duty Cycle ; Divide by ; Multiply by ; Phase ; Offset ; Edge List ; Edge Shift ; Inverted ; Master ; Source ; Targets      ;
+------------+------+--------+------------+-------+-------+------------+-----------+-------------+-------+--------+-----------+------------+----------+--------+--------+--------------+
; CLOCK_50   ; Base ; 1.000  ; 1000.0 MHz ; 0.000 ; 0.500 ;            ;           ;             ;       ;        ;           ;            ;          ;        ;        ; { CLOCK_50 } ;
+------------+------+--------+------------+-------+-------+------------+-----------+-------------+-------+--------+-----------+------------+----------+--------+--------+--------------+


+--------------------------------------------------+
; Slow Model Fmax Summary                          ;
+------------+-----------------+------------+------+
; Fmax       ; Restricted Fmax ; Clock Name ; Note ;
+------------+-----------------+------------+------+
; 171.85 MHz ; 171.85 MHz      ; CLOCK_50   ;      ;
+------------+-----------------+------------+------+
This panel reports FMAX for every clock in the design, regardless of the user-specified clock periods.  FMAX is only computed for paths where the source and destination registers or ports are driven by the same clock.  Paths of different clocks, including generated clocks, are ignored.  For paths between a clock and its inversion, FMAX is computed as if the rising and falling edges are scaled along with FMAX, such that the duty cycle (in terms of a percentage) is maintained. Altera recommends that you always use clock constraints and other slack reports for sign-off analysis.


+-----------------------------------+
; Slow Model Setup Summary          ;
+----------+--------+---------------+
; Clock    ; Slack  ; End Point TNS ;
+----------+--------+---------------+
; CLOCK_50 ; -4.819 ; -429.016      ;
+----------+--------+---------------+


+----------------------------------+
; Slow Model Hold Summary          ;
+----------+-------+---------------+
; Clock    ; Slack ; End Point TNS ;
+----------+-------+---------------+
; CLOCK_50 ; 0.391 ; 0.000         ;
+----------+-------+---------------+


-------------------------------
; Slow Model Recovery Summary ;
-------------------------------
No paths to report.


------------------------------
; Slow Model Removal Summary ;
------------------------------
No paths to report.


+----------------------------------------+
; Slow Model Minimum Pulse Width Summary ;
+----------+--------+--------------------+
; Clock    ; Slack  ; End Point TNS      ;
+----------+--------+--------------------+
; CLOCK_50 ; -1.423 ; -328.828           ;
+----------+--------+--------------------+


+----------------------------------------------------------------------------------------------------------------------------------------------------------------------------------------------------------------------------------------------------------------+
; Slow Model Setup: 'CLOCK_50'                                                                                                                                                                                                                                   ;
+--------+----------------------------------------------------------------------------------------------------------------------------------------+----------------------------------------+--------------+-------------+--------------+------------+------------+
; Slack  ; From Node                                                                                                                              ; To Node                                ; Launch Clock ; Latch Clock ; Relationship ; Clock Skew ; Data Delay ;
+--------+----------------------------------------------------------------------------------------------------------------------------------------+----------------------------------------+--------------+-------------+--------------+------------+------------+
; -4.819 ; text_renderer:u_text_renderer|font_rom:u_font_rom|altsyncram:rom_rtl_0|altsyncram_dm71:auto_generated|ram_block1a5~porta_address_reg0  ; text_renderer:u_text_renderer|vga_r[0] ; CLOCK_50     ; CLOCK_50    ; 1.000        ; -0.074     ; 5.781      ;
; -4.819 ; text_renderer:u_text_renderer|font_rom:u_font_rom|altsyncram:rom_rtl_0|altsyncram_dm71:auto_generated|ram_block1a5~porta_address_reg1  ; text_renderer:u_text_renderer|vga_r[0] ; CLOCK_50     ; CLOCK_50    ; 1.000        ; -0.074     ; 5.781      ;
; -4.819 ; text_renderer:u_text_renderer|font_rom:u_font_rom|altsyncram:rom_rtl_0|altsyncram_dm71:auto_generated|ram_block1a5~porta_address_reg2  ; text_renderer:u_text_renderer|vga_r[0] ; CLOCK_50     ; CLOCK_50    ; 1.000        ; -0.074     ; 5.781      ;
; -4.819 ; text_renderer:u_text_renderer|font_rom:u_font_rom|altsyncram:rom_rtl_0|altsyncram_dm71:auto_generated|ram_block1a5~porta_address_reg3  ; text_renderer:u_text_renderer|vga_r[0] ; CLOCK_50     ; CLOCK_50    ; 1.000        ; -0.074     ; 5.781      ;
; -4.819 ; text_renderer:u_text_renderer|font_rom:u_font_rom|altsyncram:rom_rtl_0|altsyncram_dm71:auto_generated|ram_block1a5~porta_address_reg4  ; text_renderer:u_text_renderer|vga_r[0] ; CLOCK_50     ; CLOCK_50    ; 1.000        ; -0.074     ; 5.781      ;
; -4.819 ; text_renderer:u_text_renderer|font_rom:u_font_rom|altsyncram:rom_rtl_0|altsyncram_dm71:auto_generated|ram_block1a5~porta_address_reg5  ; text_renderer:u_text_renderer|vga_r[0] ; CLOCK_50     ; CLOCK_50    ; 1.000        ; -0.074     ; 5.781      ;
; -4.819 ; text_renderer:u_text_renderer|font_rom:u_font_rom|altsyncram:rom_rtl_0|altsyncram_dm71:auto_generated|ram_block1a5~porta_address_reg6  ; text_renderer:u_text_renderer|vga_r[0] ; CLOCK_50     ; CLOCK_50    ; 1.000        ; -0.074     ; 5.781      ;
; -4.819 ; text_renderer:u_text_renderer|font_rom:u_font_rom|altsyncram:rom_rtl_0|altsyncram_dm71:auto_generated|ram_block1a5~porta_address_reg7  ; text_renderer:u_text_renderer|vga_r[0] ; CLOCK_50     ; CLOCK_50    ; 1.000        ; -0.074     ; 5.781      ;
; -4.819 ; text_renderer:u_text_renderer|font_rom:u_font_rom|altsyncram:rom_rtl_0|altsyncram_dm71:auto_generated|ram_block1a5~porta_address_reg8  ; text_renderer:u_text_renderer|vga_r[0] ; CLOCK_50     ; CLOCK_50    ; 1.000        ; -0.074     ; 5.781      ;
; -4.819 ; text_renderer:u_text_renderer|font_rom:u_font_rom|altsyncram:rom_rtl_0|altsyncram_dm71:auto_generated|ram_block1a5~porta_address_reg9  ; text_renderer:u_text_renderer|vga_r[0] ; CLOCK_50     ; CLOCK_50    ; 1.000        ; -0.074     ; 5.781      ;
; -4.819 ; text_renderer:u_text_renderer|font_rom:u_font_rom|altsyncram:rom_rtl_0|altsyncram_dm71:auto_generated|ram_block1a5~porta_address_reg10 ; text_renderer:u_text_renderer|vga_r[0] ; CLOCK_50     ; CLOCK_50    ; 1.000        ; -0.074     ; 5.781      ;
; -4.818 ; text_renderer:u_text_renderer|font_rom:u_font_rom|altsyncram:rom_rtl_0|altsyncram_dm71:auto_generated|ram_block1a5~porta_address_reg0  ; text_renderer:u_text_renderer|vga_r[1] ; CLOCK_50     ; CLOCK_50    ; 1.000        ; -0.074     ; 5.780      ;
; -4.818 ; text_renderer:u_text_renderer|font_rom:u_font_rom|altsyncram:rom_rtl_0|altsyncram_dm71:auto_generated|ram_block1a5~porta_address_reg0  ; text_renderer:u_text_renderer|vga_g[1] ; CLOCK_50     ; CLOCK_50    ; 1.000        ; -0.074     ; 5.780      ;
; -4.818 ; text_renderer:u_text_renderer|font_rom:u_font_rom|altsyncram:rom_rtl_0|altsyncram_dm71:auto_generated|ram_block1a5~porta_address_reg1  ; text_renderer:u_text_renderer|vga_r[1] ; CLOCK_50     ; CLOCK_50    ; 1.000        ; -0.074     ; 5.780      ;
; -4.818 ; text_renderer:u_text_renderer|font_rom:u_font_rom|altsyncram:rom_rtl_0|altsyncram_dm71:auto_generated|ram_block1a5~porta_address_reg2  ; text_renderer:u_text_renderer|vga_r[1] ; CLOCK_50     ; CLOCK_50    ; 1.000        ; -0.074     ; 5.780      ;
; -4.818 ; text_renderer:u_text_renderer|font_rom:u_font_rom|altsyncram:rom_rtl_0|altsyncram_dm71:auto_generated|ram_block1a5~porta_address_reg3  ; text_renderer:u_text_renderer|vga_r[1] ; CLOCK_50     ; CLOCK_50    ; 1.000        ; -0.074     ; 5.780      ;
; -4.818 ; text_renderer:u_text_renderer|font_rom:u_font_rom|altsyncram:rom_rtl_0|altsyncram_dm71:auto_generated|ram_block1a5~porta_address_reg4  ; text_renderer:u_text_renderer|vga_r[1] ; CLOCK_50     ; CLOCK_50    ; 1.000        ; -0.074     ; 5.780      ;
; -4.818 ; text_renderer:u_text_renderer|font_rom:u_font_rom|altsyncram:rom_rtl_0|altsyncram_dm71:auto_generated|ram_block1a5~porta_address_reg5  ; text_renderer:u_text_renderer|vga_r[1] ; CLOCK_50     ; CLOCK_50    ; 1.000        ; -0.074     ; 5.780      ;
; -4.818 ; text_renderer:u_text_renderer|font_rom:u_font_rom|altsyncram:rom_rtl_0|altsyncram_dm71:auto_generated|ram_block1a5~porta_address_reg6  ; text_renderer:u_text_renderer|vga_r[1] ; CLOCK_50     ; CLOCK_50    ; 1.000        ; -0.074     ; 5.780      ;
; -4.818 ; text_renderer:u_text_renderer|font_rom:u_font_rom|altsyncram:rom_rtl_0|altsyncram_dm71:auto_generated|ram_block1a5~porta_address_reg7  ; text_renderer:u_text_renderer|vga_r[1] ; CLOCK_50     ; CLOCK_50    ; 1.000        ; -0.074     ; 5.780      ;
; -4.818 ; text_renderer:u_text_renderer|font_rom:u_font_rom|altsyncram:rom_rtl_0|altsyncram_dm71:auto_generated|ram_block1a5~porta_address_reg8  ; text_renderer:u_text_renderer|vga_r[1] ; CLOCK_50     ; CLOCK_50    ; 1.000        ; -0.074     ; 5.780      ;
; -4.818 ; text_renderer:u_text_renderer|font_rom:u_font_rom|altsyncram:rom_rtl_0|altsyncram_dm71:auto_generated|ram_block1a5~porta_address_reg9  ; text_renderer:u_text_renderer|vga_r[1] ; CLOCK_50     ; CLOCK_50    ; 1.000        ; -0.074     ; 5.780      ;
; -4.818 ; text_renderer:u_text_renderer|font_rom:u_font_rom|altsyncram:rom_rtl_0|altsyncram_dm71:auto_generated|ram_block1a5~porta_address_reg10 ; text_renderer:u_text_renderer|vga_r[1] ; CLOCK_50     ; CLOCK_50    ; 1.000        ; -0.074     ; 5.780      ;
; -4.818 ; text_renderer:u_text_renderer|font_rom:u_font_rom|altsyncram:rom_rtl_0|altsyncram_dm71:auto_generated|ram_block1a5~porta_address_reg1  ; text_renderer:u_text_renderer|vga_g[1] ; CLOCK_50     ; CLOCK_50    ; 1.000        ; -0.074     ; 5.780      ;
; -4.818 ; text_renderer:u_text_renderer|font_rom:u_font_rom|altsyncram:rom_rtl_0|altsyncram_dm71:auto_generated|ram_block1a5~porta_address_reg2  ; text_renderer:u_text_renderer|vga_g[1] ; CLOCK_50     ; CLOCK_50    ; 1.000        ; -0.074     ; 5.780      ;
; -4.818 ; text_renderer:u_text_renderer|font_rom:u_font_rom|altsyncram:rom_rtl_0|altsyncram_dm71:auto_generated|ram_block1a5~porta_address_reg3  ; text_renderer:u_text_renderer|vga_g[1] ; CLOCK_50     ; CLOCK_50    ; 1.000        ; -0.074     ; 5.780      ;
; -4.818 ; text_renderer:u_text_renderer|font_rom:u_font_rom|altsyncram:rom_rtl_0|altsyncram_dm71:auto_generated|ram_block1a5~porta_address_reg4  ; text_renderer:u_text_renderer|vga_g[1] ; CLOCK_50     ; CLOCK_50    ; 1.000        ; -0.074     ; 5.780      ;
; -4.818 ; text_renderer:u_text_renderer|font_rom:u_font_rom|altsyncram:rom_rtl_0|altsyncram_dm71:auto_generated|ram_block1a5~porta_address_reg5  ; text_renderer:u_text_renderer|vga_g[1] ; CLOCK_50     ; CLOCK_50    ; 1.000        ; -0.074     ; 5.780      ;
; -4.818 ; text_renderer:u_text_renderer|font_rom:u_font_rom|altsyncram:rom_rtl_0|altsyncram_dm71:auto_generated|ram_block1a5~porta_address_reg6  ; text_renderer:u_text_renderer|vga_g[1] ; CLOCK_50     ; CLOCK_50    ; 1.000        ; -0.074     ; 5.780      ;
; -4.818 ; text_renderer:u_text_renderer|font_rom:u_font_rom|altsyncram:rom_rtl_0|altsyncram_dm71:auto_generated|ram_block1a5~porta_address_reg7  ; text_renderer:u_text_renderer|vga_g[1] ; CLOCK_50     ; CLOCK_50    ; 1.000        ; -0.074     ; 5.780      ;
; -4.818 ; text_renderer:u_text_renderer|font_rom:u_font_rom|altsyncram:rom_rtl_0|altsyncram_dm71:auto_generated|ram_block1a5~porta_address_reg8  ; text_renderer:u_text_renderer|vga_g[1] ; CLOCK_50     ; CLOCK_50    ; 1.000        ; -0.074     ; 5.780      ;
; -4.818 ; text_renderer:u_text_renderer|font_rom:u_font_rom|altsyncram:rom_rtl_0|altsyncram_dm71:auto_generated|ram_block1a5~porta_address_reg9  ; text_renderer:u_text_renderer|vga_g[1] ; CLOCK_50     ; CLOCK_50    ; 1.000        ; -0.074     ; 5.780      ;
; -4.818 ; text_renderer:u_text_renderer|font_rom:u_font_rom|altsyncram:rom_rtl_0|altsyncram_dm71:auto_generated|ram_block1a5~porta_address_reg10 ; text_renderer:u_text_renderer|vga_g[1] ; CLOCK_50     ; CLOCK_50    ; 1.000        ; -0.074     ; 5.780      ;
; -4.817 ; text_renderer:u_text_renderer|font_rom:u_font_rom|altsyncram:rom_rtl_0|altsyncram_dm71:auto_generated|ram_block1a5~porta_address_reg0  ; text_renderer:u_text_renderer|vga_g[2] ; CLOCK_50     ; CLOCK_50    ; 1.000        ; -0.074     ; 5.779      ;
; -4.817 ; text_renderer:u_text_renderer|font_rom:u_font_rom|altsyncram:rom_rtl_0|altsyncram_dm71:auto_generated|ram_block1a5~porta_address_reg0  ; text_renderer:u_text_renderer|vga_g[3] ; CLOCK_50     ; CLOCK_50    ; 1.000        ; -0.074     ; 5.779      ;
; -4.817 ; text_renderer:u_text_renderer|font_rom:u_font_rom|altsyncram:rom_rtl_0|altsyncram_dm71:auto_generated|ram_block1a5~porta_address_reg1  ; text_renderer:u_text_renderer|vga_g[2] ; CLOCK_50     ; CLOCK_50    ; 1.000        ; -0.074     ; 5.779      ;
; -4.817 ; text_renderer:u_text_renderer|font_rom:u_font_rom|altsyncram:rom_rtl_0|altsyncram_dm71:auto_generated|ram_block1a5~porta_address_reg2  ; text_renderer:u_text_renderer|vga_g[2] ; CLOCK_50     ; CLOCK_50    ; 1.000        ; -0.074     ; 5.779      ;
; -4.817 ; text_renderer:u_text_renderer|font_rom:u_font_rom|altsyncram:rom_rtl_0|altsyncram_dm71:auto_generated|ram_block1a5~porta_address_reg3  ; text_renderer:u_text_renderer|vga_g[2] ; CLOCK_50     ; CLOCK_50    ; 1.000        ; -0.074     ; 5.779      ;
; -4.817 ; text_renderer:u_text_renderer|font_rom:u_font_rom|altsyncram:rom_rtl_0|altsyncram_dm71:auto_generated|ram_block1a5~porta_address_reg4  ; text_renderer:u_text_renderer|vga_g[2] ; CLOCK_50     ; CLOCK_50    ; 1.000        ; -0.074     ; 5.779      ;
; -4.817 ; text_renderer:u_text_renderer|font_rom:u_font_rom|altsyncram:rom_rtl_0|altsyncram_dm71:auto_generated|ram_block1a5~porta_address_reg5  ; text_renderer:u_text_renderer|vga_g[2] ; CLOCK_50     ; CLOCK_50    ; 1.000        ; -0.074     ; 5.779      ;
; -4.817 ; text_renderer:u_text_renderer|font_rom:u_font_rom|altsyncram:rom_rtl_0|altsyncram_dm71:auto_generated|ram_block1a5~porta_address_reg6  ; text_renderer:u_text_renderer|vga_g[2] ; CLOCK_50     ; CLOCK_50    ; 1.000        ; -0.074     ; 5.779      ;
; -4.817 ; text_renderer:u_text_renderer|font_rom:u_font_rom|altsyncram:rom_rtl_0|altsyncram_dm71:auto_generated|ram_block1a5~porta_address_reg7  ; text_renderer:u_text_renderer|vga_g[2] ; CLOCK_50     ; CLOCK_50    ; 1.000        ; -0.074     ; 5.779      ;
; -4.817 ; text_renderer:u_text_renderer|font_rom:u_font_rom|altsyncram:rom_rtl_0|altsyncram_dm71:auto_generated|ram_block1a5~porta_address_reg8  ; text_renderer:u_text_renderer|vga_g[2] ; CLOCK_50     ; CLOCK_50    ; 1.000        ; -0.074     ; 5.779      ;
; -4.817 ; text_renderer:u_text_renderer|font_rom:u_font_rom|altsyncram:rom_rtl_0|altsyncram_dm71:auto_generated|ram_block1a5~porta_address_reg9  ; text_renderer:u_text_renderer|vga_g[2] ; CLOCK_50     ; CLOCK_50    ; 1.000        ; -0.074     ; 5.779      ;
; -4.817 ; text_renderer:u_text_renderer|font_rom:u_font_rom|altsyncram:rom_rtl_0|altsyncram_dm71:auto_generated|ram_block1a5~porta_address_reg10 ; text_renderer:u_text_renderer|vga_g[2] ; CLOCK_50     ; CLOCK_50    ; 1.000        ; -0.074     ; 5.779      ;
; -4.817 ; text_renderer:u_text_renderer|font_rom:u_font_rom|altsyncram:rom_rtl_0|altsyncram_dm71:auto_generated|ram_block1a5~porta_address_reg1  ; text_renderer:u_text_renderer|vga_g[3] ; CLOCK_50     ; CLOCK_50    ; 1.000        ; -0.074     ; 5.779      ;
; -4.817 ; text_renderer:u_text_renderer|font_rom:u_font_rom|altsyncram:rom_rtl_0|altsyncram_dm71:auto_generated|ram_block1a5~porta_address_reg2  ; text_renderer:u_text_renderer|vga_g[3] ; CLOCK_50     ; CLOCK_50    ; 1.000        ; -0.074     ; 5.779      ;
; -4.817 ; text_renderer:u_text_renderer|font_rom:u_font_rom|altsyncram:rom_rtl_0|altsyncram_dm71:auto_generated|ram_block1a5~porta_address_reg3  ; text_renderer:u_text_renderer|vga_g[3] ; CLOCK_50     ; CLOCK_50    ; 1.000        ; -0.074     ; 5.779      ;
; -4.817 ; text_renderer:u_text_renderer|font_rom:u_font_rom|altsyncram:rom_rtl_0|altsyncram_dm71:auto_generated|ram_block1a5~porta_address_reg4  ; text_renderer:u_text_renderer|vga_g[3] ; CLOCK_50     ; CLOCK_50    ; 1.000        ; -0.074     ; 5.779      ;
; -4.817 ; text_renderer:u_text_renderer|font_rom:u_font_rom|altsyncram:rom_rtl_0|altsyncram_dm71:auto_generated|ram_block1a5~porta_address_reg5  ; text_renderer:u_text_renderer|vga_g[3] ; CLOCK_50     ; CLOCK_50    ; 1.000        ; -0.074     ; 5.779      ;
; -4.817 ; text_renderer:u_text_renderer|font_rom:u_font_rom|altsyncram:rom_rtl_0|altsyncram_dm71:auto_generated|ram_block1a5~porta_address_reg6  ; text_renderer:u_text_renderer|vga_g[3] ; CLOCK_50     ; CLOCK_50    ; 1.000        ; -0.074     ; 5.779      ;
; -4.817 ; text_renderer:u_text_renderer|font_rom:u_font_rom|altsyncram:rom_rtl_0|altsyncram_dm71:auto_generated|ram_block1a5~porta_address_reg7  ; text_renderer:u_text_renderer|vga_g[3] ; CLOCK_50     ; CLOCK_50    ; 1.000        ; -0.074     ; 5.779      ;
; -4.817 ; text_renderer:u_text_renderer|font_rom:u_font_rom|altsyncram:rom_rtl_0|altsyncram_dm71:auto_generated|ram_block1a5~porta_address_reg8  ; text_renderer:u_text_renderer|vga_g[3] ; CLOCK_50     ; CLOCK_50    ; 1.000        ; -0.074     ; 5.779      ;
; -4.817 ; text_renderer:u_text_renderer|font_rom:u_font_rom|altsyncram:rom_rtl_0|altsyncram_dm71:auto_generated|ram_block1a5~porta_address_reg9  ; text_renderer:u_text_renderer|vga_g[3] ; CLOCK_50     ; CLOCK_50    ; 1.000        ; -0.074     ; 5.779      ;
; -4.817 ; text_renderer:u_text_renderer|font_rom:u_font_rom|altsyncram:rom_rtl_0|altsyncram_dm71:auto_generated|ram_block1a5~porta_address_reg10 ; text_renderer:u_text_renderer|vga_g[3] ; CLOCK_50     ; CLOCK_50    ; 1.000        ; -0.074     ; 5.779      ;
; -4.815 ; text_renderer:u_text_renderer|font_rom:u_font_rom|altsyncram:rom_rtl_0|altsyncram_dm71:auto_generated|ram_block1a5~porta_address_reg0  ; text_renderer:u_text_renderer|vga_r[2] ; CLOCK_50     ; CLOCK_50    ; 1.000        ; -0.074     ; 5.777      ;
; -4.815 ; text_renderer:u_text_renderer|font_rom:u_font_rom|altsyncram:rom_rtl_0|altsyncram_dm71:auto_generated|ram_block1a5~porta_address_reg1  ; text_renderer:u_text_renderer|vga_r[2] ; CLOCK_50     ; CLOCK_50    ; 1.000        ; -0.074     ; 5.777      ;
; -4.815 ; text_renderer:u_text_renderer|font_rom:u_font_rom|altsyncram:rom_rtl_0|altsyncram_dm71:auto_generated|ram_block1a5~porta_address_reg2  ; text_renderer:u_text_renderer|vga_r[2] ; CLOCK_50     ; CLOCK_50    ; 1.000        ; -0.074     ; 5.777      ;
; -4.815 ; text_renderer:u_text_renderer|font_rom:u_font_rom|altsyncram:rom_rtl_0|altsyncram_dm71:auto_generated|ram_block1a5~porta_address_reg3  ; text_renderer:u_text_renderer|vga_r[2] ; CLOCK_50     ; CLOCK_50    ; 1.000        ; -0.074     ; 5.777      ;
; -4.815 ; text_renderer:u_text_renderer|font_rom:u_font_rom|altsyncram:rom_rtl_0|altsyncram_dm71:auto_generated|ram_block1a5~porta_address_reg4  ; text_renderer:u_text_renderer|vga_r[2] ; CLOCK_50     ; CLOCK_50    ; 1.000        ; -0.074     ; 5.777      ;
; -4.815 ; text_renderer:u_text_renderer|font_rom:u_font_rom|altsyncram:rom_rtl_0|altsyncram_dm71:auto_generated|ram_block1a5~porta_address_reg5  ; text_renderer:u_text_renderer|vga_r[2] ; CLOCK_50     ; CLOCK_50    ; 1.000        ; -0.074     ; 5.777      ;
; -4.815 ; text_renderer:u_text_renderer|font_rom:u_font_rom|altsyncram:rom_rtl_0|altsyncram_dm71:auto_generated|ram_block1a5~porta_address_reg6  ; text_renderer:u_text_renderer|vga_r[2] ; CLOCK_50     ; CLOCK_50    ; 1.000        ; -0.074     ; 5.777      ;
; -4.815 ; text_renderer:u_text_renderer|font_rom:u_font_rom|altsyncram:rom_rtl_0|altsyncram_dm71:auto_generated|ram_block1a5~porta_address_reg7  ; text_renderer:u_text_renderer|vga_r[2] ; CLOCK_50     ; CLOCK_50    ; 1.000        ; -0.074     ; 5.777      ;
; -4.815 ; text_renderer:u_text_renderer|font_rom:u_font_rom|altsyncram:rom_rtl_0|altsyncram_dm71:auto_generated|ram_block1a5~porta_address_reg8  ; text_renderer:u_text_renderer|vga_r[2] ; CLOCK_50     ; CLOCK_50    ; 1.000        ; -0.074     ; 5.777      ;
; -4.815 ; text_renderer:u_text_renderer|font_rom:u_font_rom|altsyncram:rom_rtl_0|altsyncram_dm71:auto_generated|ram_block1a5~porta_address_reg9  ; text_renderer:u_text_renderer|vga_r[2] ; CLOCK_50     ; CLOCK_50    ; 1.000        ; -0.074     ; 5.777      ;
; -4.815 ; text_renderer:u_text_renderer|font_rom:u_font_rom|altsyncram:rom_rtl_0|altsyncram_dm71:auto_generated|ram_block1a5~porta_address_reg10 ; text_renderer:u_text_renderer|vga_r[2] ; CLOCK_50     ; CLOCK_50    ; 1.000        ; -0.074     ; 5.777      ;
; -4.742 ; text_renderer:u_text_renderer|font_rom:u_font_rom|altsyncram:rom_rtl_0|altsyncram_dm71:auto_generated|ram_block1a1~porta_address_reg0  ; text_renderer:u_text_renderer|vga_r[0] ; CLOCK_50     ; CLOCK_50    ; 1.000        ; -0.064     ; 5.714      ;
; -4.742 ; text_renderer:u_text_renderer|font_rom:u_font_rom|altsyncram:rom_rtl_0|altsyncram_dm71:auto_generated|ram_block1a1~porta_address_reg1  ; text_renderer:u_text_renderer|vga_r[0] ; CLOCK_50     ; CLOCK_50    ; 1.000        ; -0.064     ; 5.714      ;
; -4.742 ; text_renderer:u_text_renderer|font_rom:u_font_rom|altsyncram:rom_rtl_0|altsyncram_dm71:auto_generated|ram_block1a1~porta_address_reg2  ; text_renderer:u_text_renderer|vga_r[0] ; CLOCK_50     ; CLOCK_50    ; 1.000        ; -0.064     ; 5.714      ;
; -4.742 ; text_renderer:u_text_renderer|font_rom:u_font_rom|altsyncram:rom_rtl_0|altsyncram_dm71:auto_generated|ram_block1a1~porta_address_reg3  ; text_renderer:u_text_renderer|vga_r[0] ; CLOCK_50     ; CLOCK_50    ; 1.000        ; -0.064     ; 5.714      ;
; -4.742 ; text_renderer:u_text_renderer|font_rom:u_font_rom|altsyncram:rom_rtl_0|altsyncram_dm71:auto_generated|ram_block1a1~porta_address_reg4  ; text_renderer:u_text_renderer|vga_r[0] ; CLOCK_50     ; CLOCK_50    ; 1.000        ; -0.064     ; 5.714      ;
; -4.742 ; text_renderer:u_text_renderer|font_rom:u_font_rom|altsyncram:rom_rtl_0|altsyncram_dm71:auto_generated|ram_block1a1~porta_address_reg5  ; text_renderer:u_text_renderer|vga_r[0] ; CLOCK_50     ; CLOCK_50    ; 1.000        ; -0.064     ; 5.714      ;
; -4.742 ; text_renderer:u_text_renderer|font_rom:u_font_rom|altsyncram:rom_rtl_0|altsyncram_dm71:auto_generated|ram_block1a1~porta_address_reg6  ; text_renderer:u_text_renderer|vga_r[0] ; CLOCK_50     ; CLOCK_50    ; 1.000        ; -0.064     ; 5.714      ;
; -4.742 ; text_renderer:u_text_renderer|font_rom:u_font_rom|altsyncram:rom_rtl_0|altsyncram_dm71:auto_generated|ram_block1a1~porta_address_reg7  ; text_renderer:u_text_renderer|vga_r[0] ; CLOCK_50     ; CLOCK_50    ; 1.000        ; -0.064     ; 5.714      ;
; -4.742 ; text_renderer:u_text_renderer|font_rom:u_font_rom|altsyncram:rom_rtl_0|altsyncram_dm71:auto_generated|ram_block1a1~porta_address_reg8  ; text_renderer:u_text_renderer|vga_r[0] ; CLOCK_50     ; CLOCK_50    ; 1.000        ; -0.064     ; 5.714      ;
; -4.742 ; text_renderer:u_text_renderer|font_rom:u_font_rom|altsyncram:rom_rtl_0|altsyncram_dm71:auto_generated|ram_block1a1~porta_address_reg9  ; text_renderer:u_text_renderer|vga_r[0] ; CLOCK_50     ; CLOCK_50    ; 1.000        ; -0.064     ; 5.714      ;
; -4.742 ; text_renderer:u_text_renderer|font_rom:u_font_rom|altsyncram:rom_rtl_0|altsyncram_dm71:auto_generated|ram_block1a1~porta_address_reg10 ; text_renderer:u_text_renderer|vga_r[0] ; CLOCK_50     ; CLOCK_50    ; 1.000        ; -0.064     ; 5.714      ;
; -4.741 ; text_renderer:u_text_renderer|font_rom:u_font_rom|altsyncram:rom_rtl_0|altsyncram_dm71:auto_generated|ram_block1a1~porta_address_reg0  ; text_renderer:u_text_renderer|vga_r[1] ; CLOCK_50     ; CLOCK_50    ; 1.000        ; -0.064     ; 5.713      ;
; -4.741 ; text_renderer:u_text_renderer|font_rom:u_font_rom|altsyncram:rom_rtl_0|altsyncram_dm71:auto_generated|ram_block1a1~porta_address_reg0  ; text_renderer:u_text_renderer|vga_g[1] ; CLOCK_50     ; CLOCK_50    ; 1.000        ; -0.064     ; 5.713      ;
; -4.741 ; text_renderer:u_text_renderer|font_rom:u_font_rom|altsyncram:rom_rtl_0|altsyncram_dm71:auto_generated|ram_block1a1~porta_address_reg1  ; text_renderer:u_text_renderer|vga_r[1] ; CLOCK_50     ; CLOCK_50    ; 1.000        ; -0.064     ; 5.713      ;
; -4.741 ; text_renderer:u_text_renderer|font_rom:u_font_rom|altsyncram:rom_rtl_0|altsyncram_dm71:auto_generated|ram_block1a1~porta_address_reg2  ; text_renderer:u_text_renderer|vga_r[1] ; CLOCK_50     ; CLOCK_50    ; 1.000        ; -0.064     ; 5.713      ;
; -4.741 ; text_renderer:u_text_renderer|font_rom:u_font_rom|altsyncram:rom_rtl_0|altsyncram_dm71:auto_generated|ram_block1a1~porta_address_reg3  ; text_renderer:u_text_renderer|vga_r[1] ; CLOCK_50     ; CLOCK_50    ; 1.000        ; -0.064     ; 5.713      ;
; -4.741 ; text_renderer:u_text_renderer|font_rom:u_font_rom|altsyncram:rom_rtl_0|altsyncram_dm71:auto_generated|ram_block1a1~porta_address_reg4  ; text_renderer:u_text_renderer|vga_r[1] ; CLOCK_50     ; CLOCK_50    ; 1.000        ; -0.064     ; 5.713      ;
; -4.741 ; text_renderer:u_text_renderer|font_rom:u_font_rom|altsyncram:rom_rtl_0|altsyncram_dm71:auto_generated|ram_block1a1~porta_address_reg5  ; text_renderer:u_text_renderer|vga_r[1] ; CLOCK_50     ; CLOCK_50    ; 1.000        ; -0.064     ; 5.713      ;
; -4.741 ; text_renderer:u_text_renderer|font_rom:u_font_rom|altsyncram:rom_rtl_0|altsyncram_dm71:auto_generated|ram_block1a1~porta_address_reg6  ; text_renderer:u_text_renderer|vga_r[1] ; CLOCK_50     ; CLOCK_50    ; 1.000        ; -0.064     ; 5.713      ;
; -4.741 ; text_renderer:u_text_renderer|font_rom:u_font_rom|altsyncram:rom_rtl_0|altsyncram_dm71:auto_generated|ram_block1a1~porta_address_reg7  ; text_renderer:u_text_renderer|vga_r[1] ; CLOCK_50     ; CLOCK_50    ; 1.000        ; -0.064     ; 5.713      ;
; -4.741 ; text_renderer:u_text_renderer|font_rom:u_font_rom|altsyncram:rom_rtl_0|altsyncram_dm71:auto_generated|ram_block1a1~porta_address_reg8  ; text_renderer:u_text_renderer|vga_r[1] ; CLOCK_50     ; CLOCK_50    ; 1.000        ; -0.064     ; 5.713      ;
; -4.741 ; text_renderer:u_text_renderer|font_rom:u_font_rom|altsyncram:rom_rtl_0|altsyncram_dm71:auto_generated|ram_block1a1~porta_address_reg9  ; text_renderer:u_text_renderer|vga_r[1] ; CLOCK_50     ; CLOCK_50    ; 1.000        ; -0.064     ; 5.713      ;
; -4.741 ; text_renderer:u_text_renderer|font_rom:u_font_rom|altsyncram:rom_rtl_0|altsyncram_dm71:auto_generated|ram_block1a1~porta_address_reg10 ; text_renderer:u_text_renderer|vga_r[1] ; CLOCK_50     ; CLOCK_50    ; 1.000        ; -0.064     ; 5.713      ;
; -4.741 ; text_renderer:u_text_renderer|font_rom:u_font_rom|altsyncram:rom_rtl_0|altsyncram_dm71:auto_generated|ram_block1a1~porta_address_reg1  ; text_renderer:u_text_renderer|vga_g[1] ; CLOCK_50     ; CLOCK_50    ; 1.000        ; -0.064     ; 5.713      ;
; -4.741 ; text_renderer:u_text_renderer|font_rom:u_font_rom|altsyncram:rom_rtl_0|altsyncram_dm71:auto_generated|ram_block1a1~porta_address_reg2  ; text_renderer:u_text_renderer|vga_g[1] ; CLOCK_50     ; CLOCK_50    ; 1.000        ; -0.064     ; 5.713      ;
; -4.741 ; text_renderer:u_text_renderer|font_rom:u_font_rom|altsyncram:rom_rtl_0|altsyncram_dm71:auto_generated|ram_block1a1~porta_address_reg3  ; text_renderer:u_text_renderer|vga_g[1] ; CLOCK_50     ; CLOCK_50    ; 1.000        ; -0.064     ; 5.713      ;
; -4.741 ; text_renderer:u_text_renderer|font_rom:u_font_rom|altsyncram:rom_rtl_0|altsyncram_dm71:auto_generated|ram_block1a1~porta_address_reg4  ; text_renderer:u_text_renderer|vga_g[1] ; CLOCK_50     ; CLOCK_50    ; 1.000        ; -0.064     ; 5.713      ;
; -4.741 ; text_renderer:u_text_renderer|font_rom:u_font_rom|altsyncram:rom_rtl_0|altsyncram_dm71:auto_generated|ram_block1a1~porta_address_reg5  ; text_renderer:u_text_renderer|vga_g[1] ; CLOCK_50     ; CLOCK_50    ; 1.000        ; -0.064     ; 5.713      ;
; -4.741 ; text_renderer:u_text_renderer|font_rom:u_font_rom|altsyncram:rom_rtl_0|altsyncram_dm71:auto_generated|ram_block1a1~porta_address_reg6  ; text_renderer:u_text_renderer|vga_g[1] ; CLOCK_50     ; CLOCK_50    ; 1.000        ; -0.064     ; 5.713      ;
; -4.741 ; text_renderer:u_text_renderer|font_rom:u_font_rom|altsyncram:rom_rtl_0|altsyncram_dm71:auto_generated|ram_block1a1~porta_address_reg7  ; text_renderer:u_text_renderer|vga_g[1] ; CLOCK_50     ; CLOCK_50    ; 1.000        ; -0.064     ; 5.713      ;
; -4.741 ; text_renderer:u_text_renderer|font_rom:u_font_rom|altsyncram:rom_rtl_0|altsyncram_dm71:auto_generated|ram_block1a1~porta_address_reg8  ; text_renderer:u_text_renderer|vga_g[1] ; CLOCK_50     ; CLOCK_50    ; 1.000        ; -0.064     ; 5.713      ;
; -4.741 ; text_renderer:u_text_renderer|font_rom:u_font_rom|altsyncram:rom_rtl_0|altsyncram_dm71:auto_generated|ram_block1a1~porta_address_reg9  ; text_renderer:u_text_renderer|vga_g[1] ; CLOCK_50     ; CLOCK_50    ; 1.000        ; -0.064     ; 5.713      ;
; -4.741 ; text_renderer:u_text_renderer|font_rom:u_font_rom|altsyncram:rom_rtl_0|altsyncram_dm71:auto_generated|ram_block1a1~porta_address_reg10 ; text_renderer:u_text_renderer|vga_g[1] ; CLOCK_50     ; CLOCK_50    ; 1.000        ; -0.064     ; 5.713      ;
; -4.740 ; text_renderer:u_text_renderer|font_rom:u_font_rom|altsyncram:rom_rtl_0|altsyncram_dm71:auto_generated|ram_block1a1~porta_address_reg0  ; text_renderer:u_text_renderer|vga_g[2] ; CLOCK_50     ; CLOCK_50    ; 1.000        ; -0.064     ; 5.712      ;
+--------+----------------------------------------------------------------------------------------------------------------------------------------+----------------------------------------+--------------+-------------+--------------+------------+------------+


+------------------------------------------------------------------------------------------------------------------------------------------------------------------------------------------------------------------------------------------------------------------+
; Slow Model Hold: 'CLOCK_50'                                                                                                                                                                                                                                      ;
+-------+--------------------------------------------+---------------------------------------------------------------------------------------------------------------------------------------+--------------+-------------+--------------+------------+------------+
; Slack ; From Node                                  ; To Node                                                                                                                               ; Launch Clock ; Latch Clock ; Relationship ; Clock Skew ; Data Delay ;
+-------+--------------------------------------------+---------------------------------------------------------------------------------------------------------------------------------------+--------------+-------------+--------------+------------+------------+
; 0.391 ; vga_sync:u_vga_sync|pixel_q                ; vga_sync:u_vga_sync|pixel_q                                                                                                           ; CLOCK_50     ; CLOCK_50    ; 0.000        ; 0.000      ; 0.657      ;
; 0.518 ; text_renderer:u_text_renderer|font_x_d1[0] ; text_renderer:u_text_renderer|font_x_d2[0]                                                                                            ; CLOCK_50     ; CLOCK_50    ; 0.000        ; 0.000      ; 0.784      ;
; 0.520 ; text_renderer:u_text_renderer|font_x_d1[2] ; text_renderer:u_text_renderer|font_x_d2[2]                                                                                            ; CLOCK_50     ; CLOCK_50    ; 0.000        ; 0.000      ; 0.786      ;
; 0.521 ; lyric_controller:u_lyric_ctrl|auto_cnt[27] ; lyric_controller:u_lyric_ctrl|auto_cnt[27]                                                                                            ; CLOCK_50     ; CLOCK_50    ; 0.000        ; 0.000      ; 0.787      ;
; 0.658 ; text_renderer:u_text_renderer|video_on_d1  ; text_renderer:u_text_renderer|video_on_d2                                                                                             ; CLOCK_50     ; CLOCK_50    ; 0.000        ; 0.000      ; 0.924      ;
; 0.667 ; text_renderer:u_text_renderer|font_y_d1[1] ; text_renderer:u_text_renderer|font_rom:u_font_rom|altsyncram:rom_rtl_0|altsyncram_dm71:auto_generated|ram_block1a0~porta_address_reg1 ; CLOCK_50     ; CLOCK_50    ; 0.000        ; 0.064      ; 0.965      ;
; 0.671 ; text_renderer:u_text_renderer|font_y_d1[3] ; text_renderer:u_text_renderer|font_rom:u_font_rom|altsyncram:rom_rtl_0|altsyncram_dm71:auto_generated|ram_block1a0~porta_address_reg3 ; CLOCK_50     ; CLOCK_50    ; 0.000        ; 0.064      ; 0.969      ;
; 0.671 ; text_renderer:u_text_renderer|font_y_d1[0] ; text_renderer:u_text_renderer|font_rom:u_font_rom|altsyncram:rom_rtl_0|altsyncram_dm71:auto_generated|ram_block1a0~porta_address_reg0 ; CLOCK_50     ; CLOCK_50    ; 0.000        ; 0.064      ; 0.969      ;
; 0.672 ; text_renderer:u_text_renderer|font_y_d1[2] ; text_renderer:u_text_renderer|font_rom:u_font_rom|altsyncram:rom_rtl_0|altsyncram_dm71:auto_generated|ram_block1a0~porta_address_reg2 ; CLOCK_50     ; CLOCK_50    ; 0.000        ; 0.064      ; 0.970      ;
; 0.678 ; text_renderer:u_text_renderer|font_x_d1[1] ; text_renderer:u_text_renderer|font_x_d2[1]                                                                                            ; CLOCK_50     ; CLOCK_50    ; 0.000        ; 0.000      ; 0.944      ;
; 0.769 ; text_renderer:u_text_renderer|font_x_d2[2] ; text_renderer:u_text_renderer|vga_r[3]                                                                                                ; CLOCK_50     ; CLOCK_50    ; 0.000        ; 0.000      ; 1.035      ;
; 0.800 ; lyric_controller:u_lyric_ctrl|auto_cnt[14] ; lyric_controller:u_lyric_ctrl|auto_cnt[14]                                                                                            ; CLOCK_50     ; CLOCK_50    ; 0.000        ; 0.000      ; 1.066      ;
; 0.802 ; lyric_controller:u_lyric_ctrl|auto_cnt[7]  ; lyric_controller:u_lyric_ctrl|auto_cnt[7]                                                                                             ; CLOCK_50     ; CLOCK_50    ; 0.000        ; 0.000      ; 1.068      ;
; 0.806 ; lyric_controller:u_lyric_ctrl|auto_cnt[9]  ; lyric_controller:u_lyric_ctrl|auto_cnt[9]                                                                                             ; CLOCK_50     ; CLOCK_50    ; 0.000        ; 0.000      ; 1.072      ;
; 0.806 ; lyric_controller:u_lyric_ctrl|auto_cnt[11] ; lyric_controller:u_lyric_ctrl|auto_cnt[11]                                                                                            ; CLOCK_50     ; CLOCK_50    ; 0.000        ; 0.000      ; 1.072      ;
; 0.806 ; lyric_controller:u_lyric_ctrl|auto_cnt[12] ; lyric_controller:u_lyric_ctrl|auto_cnt[12]                                                                                            ; CLOCK_50     ; CLOCK_50    ; 0.000        ; 0.000      ; 1.072      ;
; 0.806 ; lyric_controller:u_lyric_ctrl|auto_cnt[13] ; lyric_controller:u_lyric_ctrl|auto_cnt[13]                                                                                            ; CLOCK_50     ; CLOCK_50    ; 0.000        ; 0.000      ; 1.072      ;
; 0.806 ; lyric_controller:u_lyric_ctrl|auto_cnt[23] ; lyric_controller:u_lyric_ctrl|auto_cnt[23]                                                                                            ; CLOCK_50     ; CLOCK_50    ; 0.000        ; 0.000      ; 1.072      ;
; 0.809 ; lyric_controller:u_lyric_ctrl|auto_cnt[15] ; lyric_controller:u_lyric_ctrl|auto_cnt[15]                                                                                            ; CLOCK_50     ; CLOCK_50    ; 0.000        ; 0.000      ; 1.075      ;
; 0.810 ; vga_sync:u_vga_sync|h_count[6]             ; vga_sync:u_vga_sync|h_count[6]                                                                                                        ; CLOCK_50     ; CLOCK_50    ; 0.000        ; 0.000      ; 1.076      ;
; 0.810 ; vga_sync:u_vga_sync|v_count[4]             ; vga_sync:u_vga_sync|v_count[4]                                                                                                        ; CLOCK_50     ; CLOCK_50    ; 0.000        ; 0.000      ; 1.076      ;
; 0.810 ; lyric_controller:u_lyric_ctrl|auto_cnt[25] ; lyric_controller:u_lyric_ctrl|auto_cnt[25]                                                                                            ; CLOCK_50     ; CLOCK_50    ; 0.000        ; 0.000      ; 1.076      ;
; 0.813 ; vga_sync:u_vga_sync|v_count[7]             ; vga_sync:u_vga_sync|v_count[7]                                                                                                        ; CLOCK_50     ; CLOCK_50    ; 0.000        ; 0.000      ; 1.079      ;
; 0.813 ; lyric_controller:u_lyric_ctrl|auto_cnt[16] ; lyric_controller:u_lyric_ctrl|auto_cnt[16]                                                                                            ; CLOCK_50     ; CLOCK_50    ; 0.000        ; 0.000      ; 1.079      ;
; 0.814 ; vga_sync:u_vga_sync|h_count[1]             ; vga_sync:u_vga_sync|h_count[1]                                                                                                        ; CLOCK_50     ; CLOCK_50    ; 0.000        ; 0.000      ; 1.080      ;
; 0.814 ; lyric_controller:u_lyric_ctrl|auto_cnt[5]  ; lyric_controller:u_lyric_ctrl|auto_cnt[5]                                                                                             ; CLOCK_50     ; CLOCK_50    ; 0.000        ; 0.000      ; 1.080      ;
; 0.814 ; lyric_controller:u_lyric_ctrl|auto_cnt[18] ; lyric_controller:u_lyric_ctrl|auto_cnt[18]                                                                                            ; CLOCK_50     ; CLOCK_50    ; 0.000        ; 0.000      ; 1.080      ;
; 0.815 ; vga_sync:u_vga_sync|v_count[1]             ; vga_sync:u_vga_sync|v_count[1]                                                                                                        ; CLOCK_50     ; CLOCK_50    ; 0.000        ; 0.000      ; 1.081      ;
; 0.815 ; lyric_controller:u_lyric_ctrl|auto_cnt[0]  ; lyric_controller:u_lyric_ctrl|auto_cnt[0]                                                                                             ; CLOCK_50     ; CLOCK_50    ; 0.000        ; 0.000      ; 1.081      ;
; 0.815 ; lyric_controller:u_lyric_ctrl|auto_cnt[2]  ; lyric_controller:u_lyric_ctrl|auto_cnt[2]                                                                                             ; CLOCK_50     ; CLOCK_50    ; 0.000        ; 0.000      ; 1.081      ;
; 0.815 ; lyric_controller:u_lyric_ctrl|auto_cnt[21] ; lyric_controller:u_lyric_ctrl|auto_cnt[21]                                                                                            ; CLOCK_50     ; CLOCK_50    ; 0.000        ; 0.000      ; 1.081      ;
; 0.821 ; vga_sync:u_vga_sync|h_count[4]             ; vga_sync:u_vga_sync|h_count[4]                                                                                                        ; CLOCK_50     ; CLOCK_50    ; 0.000        ; 0.000      ; 1.087      ;
; 0.835 ; text_renderer:u_text_renderer|in_lyric_d1  ; text_renderer:u_text_renderer|in_lyric_d2                                                                                             ; CLOCK_50     ; CLOCK_50    ; 0.000        ; 0.000      ; 1.101      ;
; 0.837 ; lyric_controller:u_lyric_ctrl|auto_cnt[6]  ; lyric_controller:u_lyric_ctrl|auto_cnt[6]                                                                                             ; CLOCK_50     ; CLOCK_50    ; 0.000        ; 0.000      ; 1.103      ;
; 0.838 ; lyric_controller:u_lyric_ctrl|auto_cnt[22] ; lyric_controller:u_lyric_ctrl|auto_cnt[22]                                                                                            ; CLOCK_50     ; CLOCK_50    ; 0.000        ; 0.000      ; 1.104      ;
; 0.842 ; lyric_controller:u_lyric_ctrl|auto_cnt[8]  ; lyric_controller:u_lyric_ctrl|auto_cnt[8]                                                                                             ; CLOCK_50     ; CLOCK_50    ; 0.000        ; 0.000      ; 1.108      ;
; 0.842 ; lyric_controller:u_lyric_ctrl|auto_cnt[10] ; lyric_controller:u_lyric_ctrl|auto_cnt[10]                                                                                            ; CLOCK_50     ; CLOCK_50    ; 0.000        ; 0.000      ; 1.108      ;
; 0.842 ; lyric_controller:u_lyric_ctrl|auto_cnt[24] ; lyric_controller:u_lyric_ctrl|auto_cnt[24]                                                                                            ; CLOCK_50     ; CLOCK_50    ; 0.000        ; 0.000      ; 1.108      ;
; 0.842 ; lyric_controller:u_lyric_ctrl|auto_cnt[26] ; lyric_controller:u_lyric_ctrl|auto_cnt[26]                                                                                            ; CLOCK_50     ; CLOCK_50    ; 0.000        ; 0.000      ; 1.108      ;
; 0.844 ; vga_sync:u_vga_sync|v_count[8]             ; vga_sync:u_vga_sync|v_count[8]                                                                                                        ; CLOCK_50     ; CLOCK_50    ; 0.000        ; 0.000      ; 1.110      ;
; 0.845 ; vga_sync:u_vga_sync|h_count[0]             ; vga_sync:u_vga_sync|h_count[0]                                                                                                        ; CLOCK_50     ; CLOCK_50    ; 0.000        ; 0.000      ; 1.111      ;
; 0.845 ; lyric_controller:u_lyric_ctrl|auto_cnt[17] ; lyric_controller:u_lyric_ctrl|auto_cnt[17]                                                                                            ; CLOCK_50     ; CLOCK_50    ; 0.000        ; 0.000      ; 1.111      ;
; 0.846 ; lyric_controller:u_lyric_ctrl|auto_cnt[1]  ; lyric_controller:u_lyric_ctrl|auto_cnt[1]                                                                                             ; CLOCK_50     ; CLOCK_50    ; 0.000        ; 0.000      ; 1.112      ;
; 0.846 ; lyric_controller:u_lyric_ctrl|auto_cnt[19] ; lyric_controller:u_lyric_ctrl|auto_cnt[19]                                                                                            ; CLOCK_50     ; CLOCK_50    ; 0.000        ; 0.000      ; 1.112      ;
; 0.846 ; lyric_controller:u_lyric_ctrl|auto_cnt[20] ; lyric_controller:u_lyric_ctrl|auto_cnt[20]                                                                                            ; CLOCK_50     ; CLOCK_50    ; 0.000        ; 0.000      ; 1.112      ;
; 0.846 ; lyric_controller:u_lyric_ctrl|auto_cnt[4]  ; lyric_controller:u_lyric_ctrl|auto_cnt[4]                                                                                             ; CLOCK_50     ; CLOCK_50    ; 0.000        ; 0.000      ; 1.112      ;
; 0.847 ; lyric_controller:u_lyric_ctrl|auto_cnt[3]  ; lyric_controller:u_lyric_ctrl|auto_cnt[3]                                                                                             ; CLOCK_50     ; CLOCK_50    ; 0.000        ; 0.000      ; 1.113      ;
; 0.848 ; vga_sync:u_vga_sync|h_count[7]             ; vga_sync:u_vga_sync|h_count[7]                                                                                                        ; CLOCK_50     ; CLOCK_50    ; 0.000        ; 0.000      ; 1.114      ;
; 0.848 ; vga_sync:u_vga_sync|v_count[5]             ; vga_sync:u_vga_sync|v_count[5]                                                                                                        ; CLOCK_50     ; CLOCK_50    ; 0.000        ; 0.000      ; 1.114      ;
; 0.849 ; vga_sync:u_vga_sync|h_count[2]             ; vga_sync:u_vga_sync|h_count[2]                                                                                                        ; CLOCK_50     ; CLOCK_50    ; 0.000        ; 0.000      ; 1.115      ;
; 0.849 ; vga_sync:u_vga_sync|h_count[3]             ; vga_sync:u_vga_sync|h_count[3]                                                                                                        ; CLOCK_50     ; CLOCK_50    ; 0.000        ; 0.000      ; 1.115      ;
; 0.849 ; vga_sync:u_vga_sync|v_count[6]             ; vga_sync:u_vga_sync|v_count[6]                                                                                                        ; CLOCK_50     ; CLOCK_50    ; 0.000        ; 0.000      ; 1.115      ;
; 0.942 ; vga_sync:u_vga_sync|pixel_q                ; vga_sync:u_vga_sync|h_count[8]                                                                                                        ; CLOCK_50     ; CLOCK_50    ; 0.000        ; 0.000      ; 1.208      ;
; 0.942 ; vga_sync:u_vga_sync|pixel_q                ; vga_sync:u_vga_sync|h_count[9]                                                                                                        ; CLOCK_50     ; CLOCK_50    ; 0.000        ; 0.000      ; 1.208      ;
; 0.960 ; vga_sync:u_vga_sync|v_count[2]             ; vga_sync:u_vga_sync|v_count[2]                                                                                                        ; CLOCK_50     ; CLOCK_50    ; 0.000        ; 0.000      ; 1.226      ;
; 0.961 ; vga_sync:u_vga_sync|v_count[2]             ; vga_sync:u_vga_sync|v_count[3]                                                                                                        ; CLOCK_50     ; CLOCK_50    ; 0.000        ; 0.000      ; 1.227      ;
; 0.961 ; vga_sync:u_vga_sync|v_count[2]             ; vga_sync:u_vga_sync|v_count[0]                                                                                                        ; CLOCK_50     ; CLOCK_50    ; 0.000        ; 0.000      ; 1.227      ;
; 0.966 ; vga_sync:u_vga_sync|v_count[0]             ; text_renderer:u_text_renderer|font_y_d1[0]                                                                                            ; CLOCK_50     ; CLOCK_50    ; 0.000        ; 0.001      ; 1.233      ;
; 0.979 ; text_renderer:u_text_renderer|font_y_d1[2] ; text_renderer:u_text_renderer|font_rom:u_font_rom|altsyncram:rom_rtl_0|altsyncram_dm71:auto_generated|ram_block1a5~porta_address_reg2 ; CLOCK_50     ; CLOCK_50    ; 0.000        ; 0.057      ; 1.270      ;
; 0.985 ; vga_sync:u_vga_sync|v_count[2]             ; text_renderer:u_text_renderer|font_y_d1[2]                                                                                            ; CLOCK_50     ; CLOCK_50    ; 0.000        ; 0.001      ; 1.252      ;
; 0.985 ; text_renderer:u_text_renderer|font_y_d1[3] ; text_renderer:u_text_renderer|font_rom:u_font_rom|altsyncram:rom_rtl_0|altsyncram_dm71:auto_generated|ram_block1a5~porta_address_reg3 ; CLOCK_50     ; CLOCK_50    ; 0.000        ; 0.057      ; 1.276      ;
; 0.985 ; text_renderer:u_text_renderer|font_y_d1[0] ; text_renderer:u_text_renderer|font_rom:u_font_rom|altsyncram:rom_rtl_0|altsyncram_dm71:auto_generated|ram_block1a5~porta_address_reg0 ; CLOCK_50     ; CLOCK_50    ; 0.000        ; 0.057      ; 1.276      ;
; 0.994 ; vga_sync:u_vga_sync|v_count[3]             ; text_renderer:u_text_renderer|font_y_d1[3]                                                                                            ; CLOCK_50     ; CLOCK_50    ; 0.000        ; 0.001      ; 1.261      ;
; 1.000 ; text_renderer:u_text_renderer|font_y_d1[1] ; text_renderer:u_text_renderer|font_rom:u_font_rom|altsyncram:rom_rtl_0|altsyncram_dm71:auto_generated|ram_block1a1~porta_address_reg1 ; CLOCK_50     ; CLOCK_50    ; 0.000        ; 0.047      ; 1.281      ;
; 1.000 ; text_renderer:u_text_renderer|font_y_d1[1] ; text_renderer:u_text_renderer|font_rom:u_font_rom|altsyncram:rom_rtl_0|altsyncram_dm71:auto_generated|ram_block1a4~porta_address_reg1 ; CLOCK_50     ; CLOCK_50    ; 0.000        ; 0.057      ; 1.291      ;
; 1.001 ; text_renderer:u_text_renderer|font_y_d1[3] ; text_renderer:u_text_renderer|font_rom:u_font_rom|altsyncram:rom_rtl_0|altsyncram_dm71:auto_generated|ram_block1a1~porta_address_reg3 ; CLOCK_50     ; CLOCK_50    ; 0.000        ; 0.047      ; 1.282      ;
; 1.001 ; text_renderer:u_text_renderer|font_y_d1[3] ; text_renderer:u_text_renderer|font_rom:u_font_rom|altsyncram:rom_rtl_0|altsyncram_dm71:auto_generated|ram_block1a4~porta_address_reg3 ; CLOCK_50     ; CLOCK_50    ; 0.000        ; 0.057      ; 1.292      ;
; 1.001 ; text_renderer:u_text_renderer|font_y_d1[0] ; text_renderer:u_text_renderer|font_rom:u_font_rom|altsyncram:rom_rtl_0|altsyncram_dm71:auto_generated|ram_block1a4~porta_address_reg0 ; CLOCK_50     ; CLOCK_50    ; 0.000        ; 0.057      ; 1.292      ;
; 1.002 ; text_renderer:u_text_renderer|font_y_d1[0] ; text_renderer:u_text_renderer|font_rom:u_font_rom|altsyncram:rom_rtl_0|altsyncram_dm71:auto_generated|ram_block1a1~porta_address_reg0 ; CLOCK_50     ; CLOCK_50    ; 0.000        ; 0.047      ; 1.283      ;
; 1.006 ; text_renderer:u_text_renderer|font_y_d1[2] ; text_renderer:u_text_renderer|font_rom:u_font_rom|altsyncram:rom_rtl_0|altsyncram_dm71:auto_generated|ram_block1a1~porta_address_reg2 ; CLOCK_50     ; CLOCK_50    ; 0.000        ; 0.047      ; 1.287      ;
; 1.006 ; text_renderer:u_text_renderer|font_y_d1[2] ; text_renderer:u_text_renderer|font_rom:u_font_rom|altsyncram:rom_rtl_0|altsyncram_dm71:auto_generated|ram_block1a4~porta_address_reg2 ; CLOCK_50     ; CLOCK_50    ; 0.000        ; 0.057      ; 1.297      ;
; 1.016 ; vga_sync:u_vga_sync|v_count[1]             ; text_renderer:u_text_renderer|font_y_d1[1]                                                                                            ; CLOCK_50     ; CLOCK_50    ; 0.000        ; 0.001      ; 1.283      ;
; 1.020 ; vga_sync:u_vga_sync|v_count[4]             ; text_renderer:u_text_renderer|in_lyric_d1                                                                                             ; CLOCK_50     ; CLOCK_50    ; 0.000        ; 0.001      ; 1.287      ;
; 1.093 ; lyric_controller:u_lyric_ctrl|line_reg[1]  ; lyric_controller:u_lyric_ctrl|line_reg[4]                                                                                             ; CLOCK_50     ; CLOCK_50    ; 0.000        ; 0.000      ; 1.359      ;
; 1.095 ; lyric_controller:u_lyric_ctrl|line_reg[1]  ; lyric_controller:u_lyric_ctrl|line_reg[3]                                                                                             ; CLOCK_50     ; CLOCK_50    ; 0.000        ; 0.000      ; 1.361      ;
; 1.096 ; lyric_controller:u_lyric_ctrl|line_reg[1]  ; lyric_controller:u_lyric_ctrl|line_reg[2]                                                                                             ; CLOCK_50     ; CLOCK_50    ; 0.000        ; 0.000      ; 1.362      ;
; 1.177 ; text_renderer:u_text_renderer|font_x_d2[1] ; text_renderer:u_text_renderer|vga_r[3]                                                                                                ; CLOCK_50     ; CLOCK_50    ; 0.000        ; 0.000      ; 1.443      ;
; 1.183 ; lyric_controller:u_lyric_ctrl|auto_cnt[14] ; lyric_controller:u_lyric_ctrl|auto_cnt[15]                                                                                            ; CLOCK_50     ; CLOCK_50    ; 0.000        ; 0.000      ; 1.449      ;
; 1.185 ; lyric_controller:u_lyric_ctrl|auto_cnt[7]  ; lyric_controller:u_lyric_ctrl|auto_cnt[8]                                                                                             ; CLOCK_50     ; CLOCK_50    ; 0.000        ; 0.000      ; 1.451      ;
; 1.189 ; lyric_controller:u_lyric_ctrl|auto_cnt[11] ; lyric_controller:u_lyric_ctrl|auto_cnt[12]                                                                                            ; CLOCK_50     ; CLOCK_50    ; 0.000        ; 0.000      ; 1.455      ;
; 1.189 ; lyric_controller:u_lyric_ctrl|auto_cnt[12] ; lyric_controller:u_lyric_ctrl|auto_cnt[13]                                                                                            ; CLOCK_50     ; CLOCK_50    ; 0.000        ; 0.000      ; 1.455      ;
; 1.189 ; lyric_controller:u_lyric_ctrl|auto_cnt[9]  ; lyric_controller:u_lyric_ctrl|auto_cnt[10]                                                                                            ; CLOCK_50     ; CLOCK_50    ; 0.000        ; 0.000      ; 1.455      ;
; 1.189 ; lyric_controller:u_lyric_ctrl|auto_cnt[23] ; lyric_controller:u_lyric_ctrl|auto_cnt[24]                                                                                            ; CLOCK_50     ; CLOCK_50    ; 0.000        ; 0.000      ; 1.455      ;
; 1.189 ; vga_sync:u_vga_sync|v_count[1]             ; vga_sync:u_vga_sync|v_count[2]                                                                                                        ; CLOCK_50     ; CLOCK_50    ; 0.000        ; 0.000      ; 1.455      ;
; 1.190 ; vga_sync:u_vga_sync|v_count[1]             ; vga_sync:u_vga_sync|v_count[3]                                                                                                        ; CLOCK_50     ; CLOCK_50    ; 0.000        ; 0.000      ; 1.456      ;
; 1.190 ; vga_sync:u_vga_sync|v_count[1]             ; vga_sync:u_vga_sync|v_count[0]                                                                                                        ; CLOCK_50     ; CLOCK_50    ; 0.000        ; 0.000      ; 1.456      ;
; 1.192 ; lyric_controller:u_lyric_ctrl|auto_cnt[15] ; lyric_controller:u_lyric_ctrl|auto_cnt[16]                                                                                            ; CLOCK_50     ; CLOCK_50    ; 0.000        ; 0.000      ; 1.458      ;
; 1.193 ; lyric_controller:u_lyric_ctrl|auto_cnt[25] ; lyric_controller:u_lyric_ctrl|auto_cnt[26]                                                                                            ; CLOCK_50     ; CLOCK_50    ; 0.000        ; 0.000      ; 1.459      ;
; 1.193 ; vga_sync:u_vga_sync|h_count[6]             ; vga_sync:u_vga_sync|h_count[7]                                                                                                        ; CLOCK_50     ; CLOCK_50    ; 0.000        ; 0.000      ; 1.459      ;
; 1.193 ; vga_sync:u_vga_sync|v_count[4]             ; vga_sync:u_vga_sync|v_count[5]                                                                                                        ; CLOCK_50     ; CLOCK_50    ; 0.000        ; 0.000      ; 1.459      ;
; 1.196 ; lyric_controller:u_lyric_ctrl|auto_cnt[16] ; lyric_controller:u_lyric_ctrl|auto_cnt[17]                                                                                            ; CLOCK_50     ; CLOCK_50    ; 0.000        ; 0.000      ; 1.462      ;
; 1.197 ; vga_sync:u_vga_sync|v_count[3]             ; vga_sync:u_vga_sync|v_count[4]                                                                                                        ; CLOCK_50     ; CLOCK_50    ; 0.000        ; 0.000      ; 1.463      ;
; 1.197 ; lyric_controller:u_lyric_ctrl|auto_cnt[18] ; lyric_controller:u_lyric_ctrl|auto_cnt[19]                                                                                            ; CLOCK_50     ; CLOCK_50    ; 0.000        ; 0.000      ; 1.463      ;
; 1.197 ; vga_sync:u_vga_sync|h_count[1]             ; vga_sync:u_vga_sync|h_count[2]                                                                                                        ; CLOCK_50     ; CLOCK_50    ; 0.000        ; 0.000      ; 1.463      ;
; 1.198 ; lyric_controller:u_lyric_ctrl|auto_cnt[0]  ; lyric_controller:u_lyric_ctrl|auto_cnt[1]                                                                                             ; CLOCK_50     ; CLOCK_50    ; 0.000        ; 0.000      ; 1.464      ;
; 1.198 ; lyric_controller:u_lyric_ctrl|auto_cnt[2]  ; lyric_controller:u_lyric_ctrl|auto_cnt[3]                                                                                             ; CLOCK_50     ; CLOCK_50    ; 0.000        ; 0.000      ; 1.464      ;
; 1.211 ; vga_sync:u_vga_sync|h_count[2]             ; vga_sync:u_vga_sync|h_count[5]                                                                                                        ; CLOCK_50     ; CLOCK_50    ; 0.000        ; 0.000      ; 1.477      ;
; 1.213 ; text_renderer:u_text_renderer|font_y_d1[1] ; text_renderer:u_text_renderer|font_rom:u_font_rom|altsyncram:rom_rtl_0|altsyncram_dm71:auto_generated|ram_block1a5~porta_address_reg1 ; CLOCK_50     ; CLOCK_50    ; 0.000        ; 0.057      ; 1.504      ;
; 1.223 ; lyric_controller:u_lyric_ctrl|auto_cnt[6]  ; lyric_controller:u_lyric_ctrl|auto_cnt[7]                                                                                             ; CLOCK_50     ; CLOCK_50    ; 0.000        ; 0.000      ; 1.489      ;
; 1.224 ; lyric_controller:u_lyric_ctrl|auto_cnt[22] ; lyric_controller:u_lyric_ctrl|auto_cnt[23]                                                                                            ; CLOCK_50     ; CLOCK_50    ; 0.000        ; 0.000      ; 1.490      ;
+-------+--------------------------------------------+---------------------------------------------------------------------------------------------------------------------------------------+--------------+-------------+--------------+------------+------------+


+------------------------------------------------------------------------------------------------------------------------------------------------------------------------------------------------------------------------------+
; Slow Model Minimum Pulse Width: 'CLOCK_50'                                                                                                                                                                                   ;
+--------+--------------+----------------+------------------+----------+------------+------------------------------------------------------------------------------------------------------------------------------------------+
; Slack  ; Actual Width ; Required Width ; Type             ; Clock    ; Clock Edge ; Target                                                                                                                                   ;
+--------+--------------+----------------+------------------+----------+------------+------------------------------------------------------------------------------------------------------------------------------------------+
; -1.423 ; 0.500        ; 1.923          ; High Pulse Width ; CLOCK_50 ; Rise       ; text_renderer:u_text_renderer|font_rom:u_font_rom|altsyncram:rom_rtl_0|altsyncram_dm71:auto_generated|ram_block1a0~porta_address_reg0    ;
; -1.423 ; 0.500        ; 1.923          ; Low Pulse Width  ; CLOCK_50 ; Rise       ; text_renderer:u_text_renderer|font_rom:u_font_rom|altsyncram:rom_rtl_0|altsyncram_dm71:auto_generated|ram_block1a0~porta_address_reg0    ;
; -1.423 ; 0.500        ; 1.923          ; High Pulse Width ; CLOCK_50 ; Rise       ; text_renderer:u_text_renderer|font_rom:u_font_rom|altsyncram:rom_rtl_0|altsyncram_dm71:auto_generated|ram_block1a0~porta_address_reg1    ;
; -1.423 ; 0.500        ; 1.923          ; Low Pulse Width  ; CLOCK_50 ; Rise       ; text_renderer:u_text_renderer|font_rom:u_font_rom|altsyncram:rom_rtl_0|altsyncram_dm71:auto_generated|ram_block1a0~porta_address_reg1    ;
; -1.423 ; 0.500        ; 1.923          ; High Pulse Width ; CLOCK_50 ; Rise       ; text_renderer:u_text_renderer|font_rom:u_font_rom|altsyncram:rom_rtl_0|altsyncram_dm71:auto_generated|ram_block1a0~porta_address_reg10   ;
; -1.423 ; 0.500        ; 1.923          ; Low Pulse Width  ; CLOCK_50 ; Rise       ; text_renderer:u_text_renderer|font_rom:u_font_rom|altsyncram:rom_rtl_0|altsyncram_dm71:auto_generated|ram_block1a0~porta_address_reg10   ;
; -1.423 ; 0.500        ; 1.923          ; High Pulse Width ; CLOCK_50 ; Rise       ; text_renderer:u_text_renderer|font_rom:u_font_rom|altsyncram:rom_rtl_0|altsyncram_dm71:auto_generated|ram_block1a0~porta_address_reg2    ;
; -1.423 ; 0.500        ; 1.923          ; Low Pulse Width  ; CLOCK_50 ; Rise       ; text_renderer:u_text_renderer|font_rom:u_font_rom|altsyncram:rom_rtl_0|altsyncram_dm71:auto_generated|ram_block1a0~porta_address_reg2    ;
; -1.423 ; 0.500        ; 1.923          ; High Pulse Width ; CLOCK_50 ; Rise       ; text_renderer:u_text_renderer|font_rom:u_font_rom|altsyncram:rom_rtl_0|altsyncram_dm71:auto_generated|ram_block1a0~porta_address_reg3    ;
; -1.423 ; 0.500        ; 1.923          ; Low Pulse Width  ; CLOCK_50 ; Rise       ; text_renderer:u_text_renderer|font_rom:u_font_rom|altsyncram:rom_rtl_0|altsyncram_dm71:auto_generated|ram_block1a0~porta_address_reg3    ;
; -1.423 ; 0.500        ; 1.923          ; High Pulse Width ; CLOCK_50 ; Rise       ; text_renderer:u_text_renderer|font_rom:u_font_rom|altsyncram:rom_rtl_0|altsyncram_dm71:auto_generated|ram_block1a0~porta_address_reg4    ;
; -1.423 ; 0.500        ; 1.923          ; Low Pulse Width  ; CLOCK_50 ; Rise       ; text_renderer:u_text_renderer|font_rom:u_font_rom|altsyncram:rom_rtl_0|altsyncram_dm71:auto_generated|ram_block1a0~porta_address_reg4    ;
; -1.423 ; 0.500        ; 1.923          ; High Pulse Width ; CLOCK_50 ; Rise       ; text_renderer:u_text_renderer|font_rom:u_font_rom|altsyncram:rom_rtl_0|altsyncram_dm71:auto_generated|ram_block1a0~porta_address_reg5    ;
; -1.423 ; 0.500        ; 1.923          ; Low Pulse Width  ; CLOCK_50 ; Rise       ; text_renderer:u_text_renderer|font_rom:u_font_rom|altsyncram:rom_rtl_0|altsyncram_dm71:auto_generated|ram_block1a0~porta_address_reg5    ;
; -1.423 ; 0.500        ; 1.923          ; High Pulse Width ; CLOCK_50 ; Rise       ; text_renderer:u_text_renderer|font_rom:u_font_rom|altsyncram:rom_rtl_0|altsyncram_dm71:auto_generated|ram_block1a0~porta_address_reg6    ;
; -1.423 ; 0.500        ; 1.923          ; Low Pulse Width  ; CLOCK_50 ; Rise       ; text_renderer:u_text_renderer|font_rom:u_font_rom|altsyncram:rom_rtl_0|altsyncram_dm71:auto_generated|ram_block1a0~porta_address_reg6    ;
; -1.423 ; 0.500        ; 1.923          ; High Pulse Width ; CLOCK_50 ; Rise       ; text_renderer:u_text_renderer|font_rom:u_font_rom|altsyncram:rom_rtl_0|altsyncram_dm71:auto_generated|ram_block1a0~porta_address_reg7    ;
; -1.423 ; 0.500        ; 1.923          ; Low Pulse Width  ; CLOCK_50 ; Rise       ; text_renderer:u_text_renderer|font_rom:u_font_rom|altsyncram:rom_rtl_0|altsyncram_dm71:auto_generated|ram_block1a0~porta_address_reg7    ;
; -1.423 ; 0.500        ; 1.923          ; High Pulse Width ; CLOCK_50 ; Rise       ; text_renderer:u_text_renderer|font_rom:u_font_rom|altsyncram:rom_rtl_0|altsyncram_dm71:auto_generated|ram_block1a0~porta_address_reg8    ;
; -1.423 ; 0.500        ; 1.923          ; Low Pulse Width  ; CLOCK_50 ; Rise       ; text_renderer:u_text_renderer|font_rom:u_font_rom|altsyncram:rom_rtl_0|altsyncram_dm71:auto_generated|ram_block1a0~porta_address_reg8    ;
; -1.423 ; 0.500        ; 1.923          ; High Pulse Width ; CLOCK_50 ; Rise       ; text_renderer:u_text_renderer|font_rom:u_font_rom|altsyncram:rom_rtl_0|altsyncram_dm71:auto_generated|ram_block1a0~porta_address_reg9    ;
; -1.423 ; 0.500        ; 1.923          ; Low Pulse Width  ; CLOCK_50 ; Rise       ; text_renderer:u_text_renderer|font_rom:u_font_rom|altsyncram:rom_rtl_0|altsyncram_dm71:auto_generated|ram_block1a0~porta_address_reg9    ;
; -1.423 ; 0.500        ; 1.923          ; High Pulse Width ; CLOCK_50 ; Rise       ; text_renderer:u_text_renderer|font_rom:u_font_rom|altsyncram:rom_rtl_0|altsyncram_dm71:auto_generated|ram_block1a1~porta_address_reg0    ;
; -1.423 ; 0.500        ; 1.923          ; Low Pulse Width  ; CLOCK_50 ; Rise       ; text_renderer:u_text_renderer|font_rom:u_font_rom|altsyncram:rom_rtl_0|altsyncram_dm71:auto_generated|ram_block1a1~porta_address_reg0    ;
; -1.423 ; 0.500        ; 1.923          ; High Pulse Width ; CLOCK_50 ; Rise       ; text_renderer:u_text_renderer|font_rom:u_font_rom|altsyncram:rom_rtl_0|altsyncram_dm71:auto_generated|ram_block1a1~porta_address_reg1    ;
; -1.423 ; 0.500        ; 1.923          ; Low Pulse Width  ; CLOCK_50 ; Rise       ; text_renderer:u_text_renderer|font_rom:u_font_rom|altsyncram:rom_rtl_0|altsyncram_dm71:auto_generated|ram_block1a1~porta_address_reg1    ;
; -1.423 ; 0.500        ; 1.923          ; High Pulse Width ; CLOCK_50 ; Rise       ; text_renderer:u_text_renderer|font_rom:u_font_rom|altsyncram:rom_rtl_0|altsyncram_dm71:auto_generated|ram_block1a1~porta_address_reg10   ;
; -1.423 ; 0.500        ; 1.923          ; Low Pulse Width  ; CLOCK_50 ; Rise       ; text_renderer:u_text_renderer|font_rom:u_font_rom|altsyncram:rom_rtl_0|altsyncram_dm71:auto_generated|ram_block1a1~porta_address_reg10   ;
; -1.423 ; 0.500        ; 1.923          ; High Pulse Width ; CLOCK_50 ; Rise       ; text_renderer:u_text_renderer|font_rom:u_font_rom|altsyncram:rom_rtl_0|altsyncram_dm71:auto_generated|ram_block1a1~porta_address_reg2    ;
; -1.423 ; 0.500        ; 1.923          ; Low Pulse Width  ; CLOCK_50 ; Rise       ; text_renderer:u_text_renderer|font_rom:u_font_rom|altsyncram:rom_rtl_0|altsyncram_dm71:auto_generated|ram_block1a1~porta_address_reg2    ;
; -1.423 ; 0.500        ; 1.923          ; High Pulse Width ; CLOCK_50 ; Rise       ; text_renderer:u_text_renderer|font_rom:u_font_rom|altsyncram:rom_rtl_0|altsyncram_dm71:auto_generated|ram_block1a1~porta_address_reg3    ;
; -1.423 ; 0.500        ; 1.923          ; Low Pulse Width  ; CLOCK_50 ; Rise       ; text_renderer:u_text_renderer|font_rom:u_font_rom|altsyncram:rom_rtl_0|altsyncram_dm71:auto_generated|ram_block1a1~porta_address_reg3    ;
; -1.423 ; 0.500        ; 1.923          ; High Pulse Width ; CLOCK_50 ; Rise       ; text_renderer:u_text_renderer|font_rom:u_font_rom|altsyncram:rom_rtl_0|altsyncram_dm71:auto_generated|ram_block1a1~porta_address_reg4    ;
; -1.423 ; 0.500        ; 1.923          ; Low Pulse Width  ; CLOCK_50 ; Rise       ; text_renderer:u_text_renderer|font_rom:u_font_rom|altsyncram:rom_rtl_0|altsyncram_dm71:auto_generated|ram_block1a1~porta_address_reg4    ;
; -1.423 ; 0.500        ; 1.923          ; High Pulse Width ; CLOCK_50 ; Rise       ; text_renderer:u_text_renderer|font_rom:u_font_rom|altsyncram:rom_rtl_0|altsyncram_dm71:auto_generated|ram_block1a1~porta_address_reg5    ;
; -1.423 ; 0.500        ; 1.923          ; Low Pulse Width  ; CLOCK_50 ; Rise       ; text_renderer:u_text_renderer|font_rom:u_font_rom|altsyncram:rom_rtl_0|altsyncram_dm71:auto_generated|ram_block1a1~porta_address_reg5    ;
; -1.423 ; 0.500        ; 1.923          ; High Pulse Width ; CLOCK_50 ; Rise       ; text_renderer:u_text_renderer|font_rom:u_font_rom|altsyncram:rom_rtl_0|altsyncram_dm71:auto_generated|ram_block1a1~porta_address_reg6    ;
; -1.423 ; 0.500        ; 1.923          ; Low Pulse Width  ; CLOCK_50 ; Rise       ; text_renderer:u_text_renderer|font_rom:u_font_rom|altsyncram:rom_rtl_0|altsyncram_dm71:auto_generated|ram_block1a1~porta_address_reg6    ;
; -1.423 ; 0.500        ; 1.923          ; High Pulse Width ; CLOCK_50 ; Rise       ; text_renderer:u_text_renderer|font_rom:u_font_rom|altsyncram:rom_rtl_0|altsyncram_dm71:auto_generated|ram_block1a1~porta_address_reg7    ;
; -1.423 ; 0.500        ; 1.923          ; Low Pulse Width  ; CLOCK_50 ; Rise       ; text_renderer:u_text_renderer|font_rom:u_font_rom|altsyncram:rom_rtl_0|altsyncram_dm71:auto_generated|ram_block1a1~porta_address_reg7    ;
; -1.423 ; 0.500        ; 1.923          ; High Pulse Width ; CLOCK_50 ; Rise       ; text_renderer:u_text_renderer|font_rom:u_font_rom|altsyncram:rom_rtl_0|altsyncram_dm71:auto_generated|ram_block1a1~porta_address_reg8    ;
; -1.423 ; 0.500        ; 1.923          ; Low Pulse Width  ; CLOCK_50 ; Rise       ; text_renderer:u_text_renderer|font_rom:u_font_rom|altsyncram:rom_rtl_0|altsyncram_dm71:auto_generated|ram_block1a1~porta_address_reg8    ;
; -1.423 ; 0.500        ; 1.923          ; High Pulse Width ; CLOCK_50 ; Rise       ; text_renderer:u_text_renderer|font_rom:u_font_rom|altsyncram:rom_rtl_0|altsyncram_dm71:auto_generated|ram_block1a1~porta_address_reg9    ;
; -1.423 ; 0.500        ; 1.923          ; Low Pulse Width  ; CLOCK_50 ; Rise       ; text_renderer:u_text_renderer|font_rom:u_font_rom|altsyncram:rom_rtl_0|altsyncram_dm71:auto_generated|ram_block1a1~porta_address_reg9    ;
; -1.423 ; 0.500        ; 1.923          ; High Pulse Width ; CLOCK_50 ; Rise       ; text_renderer:u_text_renderer|font_rom:u_font_rom|altsyncram:rom_rtl_0|altsyncram_dm71:auto_generated|ram_block1a4~porta_address_reg0    ;
; -1.423 ; 0.500        ; 1.923          ; Low Pulse Width  ; CLOCK_50 ; Rise       ; text_renderer:u_text_renderer|font_rom:u_font_rom|altsyncram:rom_rtl_0|altsyncram_dm71:auto_generated|ram_block1a4~porta_address_reg0    ;
; -1.423 ; 0.500        ; 1.923          ; High Pulse Width ; CLOCK_50 ; Rise       ; text_renderer:u_text_renderer|font_rom:u_font_rom|altsyncram:rom_rtl_0|altsyncram_dm71:auto_generated|ram_block1a4~porta_address_reg1    ;
; -1.423 ; 0.500        ; 1.923          ; Low Pulse Width  ; CLOCK_50 ; Rise       ; text_renderer:u_text_renderer|font_rom:u_font_rom|altsyncram:rom_rtl_0|altsyncram_dm71:auto_generated|ram_block1a4~porta_address_reg1    ;
; -1.423 ; 0.500        ; 1.923          ; High Pulse Width ; CLOCK_50 ; Rise       ; text_renderer:u_text_renderer|font_rom:u_font_rom|altsyncram:rom_rtl_0|altsyncram_dm71:auto_generated|ram_block1a4~porta_address_reg10   ;
; -1.423 ; 0.500        ; 1.923          ; Low Pulse Width  ; CLOCK_50 ; Rise       ; text_renderer:u_text_renderer|font_rom:u_font_rom|altsyncram:rom_rtl_0|altsyncram_dm71:auto_generated|ram_block1a4~porta_address_reg10   ;
; -1.423 ; 0.500        ; 1.923          ; High Pulse Width ; CLOCK_50 ; Rise       ; text_renderer:u_text_renderer|font_rom:u_font_rom|altsyncram:rom_rtl_0|altsyncram_dm71:auto_generated|ram_block1a4~porta_address_reg2    ;
; -1.423 ; 0.500        ; 1.923          ; Low Pulse Width  ; CLOCK_50 ; Rise       ; text_renderer:u_text_renderer|font_rom:u_font_rom|altsyncram:rom_rtl_0|altsyncram_dm71:auto_generated|ram_block1a4~porta_address_reg2    ;
; -1.423 ; 0.500        ; 1.923          ; High Pulse Width ; CLOCK_50 ; Rise       ; text_renderer:u_text_renderer|font_rom:u_font_rom|altsyncram:rom_rtl_0|altsyncram_dm71:auto_generated|ram_block1a4~porta_address_reg3    ;
; -1.423 ; 0.500        ; 1.923          ; Low Pulse Width  ; CLOCK_50 ; Rise       ; text_renderer:u_text_renderer|font_rom:u_font_rom|altsyncram:rom_rtl_0|altsyncram_dm71:auto_generated|ram_block1a4~porta_address_reg3    ;
; -1.423 ; 0.500        ; 1.923          ; High Pulse Width ; CLOCK_50 ; Rise       ; text_renderer:u_text_renderer|font_rom:u_font_rom|altsyncram:rom_rtl_0|altsyncram_dm71:auto_generated|ram_block1a4~porta_address_reg4    ;
; -1.423 ; 0.500        ; 1.923          ; Low Pulse Width  ; CLOCK_50 ; Rise       ; text_renderer:u_text_renderer|font_rom:u_font_rom|altsyncram:rom_rtl_0|altsyncram_dm71:auto_generated|ram_block1a4~porta_address_reg4    ;
; -1.423 ; 0.500        ; 1.923          ; High Pulse Width ; CLOCK_50 ; Rise       ; text_renderer:u_text_renderer|font_rom:u_font_rom|altsyncram:rom_rtl_0|altsyncram_dm71:auto_generated|ram_block1a4~porta_address_reg5    ;
; -1.423 ; 0.500        ; 1.923          ; Low Pulse Width  ; CLOCK_50 ; Rise       ; text_renderer:u_text_renderer|font_rom:u_font_rom|altsyncram:rom_rtl_0|altsyncram_dm71:auto_generated|ram_block1a4~porta_address_reg5    ;
; -1.423 ; 0.500        ; 1.923          ; High Pulse Width ; CLOCK_50 ; Rise       ; text_renderer:u_text_renderer|font_rom:u_font_rom|altsyncram:rom_rtl_0|altsyncram_dm71:auto_generated|ram_block1a4~porta_address_reg6    ;
; -1.423 ; 0.500        ; 1.923          ; Low Pulse Width  ; CLOCK_50 ; Rise       ; text_renderer:u_text_renderer|font_rom:u_font_rom|altsyncram:rom_rtl_0|altsyncram_dm71:auto_generated|ram_block1a4~porta_address_reg6    ;
; -1.423 ; 0.500        ; 1.923          ; High Pulse Width ; CLOCK_50 ; Rise       ; text_renderer:u_text_renderer|font_rom:u_font_rom|altsyncram:rom_rtl_0|altsyncram_dm71:auto_generated|ram_block1a4~porta_address_reg7    ;
; -1.423 ; 0.500        ; 1.923          ; Low Pulse Width  ; CLOCK_50 ; Rise       ; text_renderer:u_text_renderer|font_rom:u_font_rom|altsyncram:rom_rtl_0|altsyncram_dm71:auto_generated|ram_block1a4~porta_address_reg7    ;
; -1.423 ; 0.500        ; 1.923          ; High Pulse Width ; CLOCK_50 ; Rise       ; text_renderer:u_text_renderer|font_rom:u_font_rom|altsyncram:rom_rtl_0|altsyncram_dm71:auto_generated|ram_block1a4~porta_address_reg8    ;
; -1.423 ; 0.500        ; 1.923          ; Low Pulse Width  ; CLOCK_50 ; Rise       ; text_renderer:u_text_renderer|font_rom:u_font_rom|altsyncram:rom_rtl_0|altsyncram_dm71:auto_generated|ram_block1a4~porta_address_reg8    ;
; -1.423 ; 0.500        ; 1.923          ; High Pulse Width ; CLOCK_50 ; Rise       ; text_renderer:u_text_renderer|font_rom:u_font_rom|altsyncram:rom_rtl_0|altsyncram_dm71:auto_generated|ram_block1a4~porta_address_reg9    ;
; -1.423 ; 0.500        ; 1.923          ; Low Pulse Width  ; CLOCK_50 ; Rise       ; text_renderer:u_text_renderer|font_rom:u_font_rom|altsyncram:rom_rtl_0|altsyncram_dm71:auto_generated|ram_block1a4~porta_address_reg9    ;
; -1.423 ; 0.500        ; 1.923          ; High Pulse Width ; CLOCK_50 ; Rise       ; text_renderer:u_text_renderer|font_rom:u_font_rom|altsyncram:rom_rtl_0|altsyncram_dm71:auto_generated|ram_block1a5~porta_address_reg0    ;
; -1.423 ; 0.500        ; 1.923          ; Low Pulse Width  ; CLOCK_50 ; Rise       ; text_renderer:u_text_renderer|font_rom:u_font_rom|altsyncram:rom_rtl_0|altsyncram_dm71:auto_generated|ram_block1a5~porta_address_reg0    ;
; -1.423 ; 0.500        ; 1.923          ; High Pulse Width ; CLOCK_50 ; Rise       ; text_renderer:u_text_renderer|font_rom:u_font_rom|altsyncram:rom_rtl_0|altsyncram_dm71:auto_generated|ram_block1a5~porta_address_reg1    ;
; -1.423 ; 0.500        ; 1.923          ; Low Pulse Width  ; CLOCK_50 ; Rise       ; text_renderer:u_text_renderer|font_rom:u_font_rom|altsyncram:rom_rtl_0|altsyncram_dm71:auto_generated|ram_block1a5~porta_address_reg1    ;
; -1.423 ; 0.500        ; 1.923          ; High Pulse Width ; CLOCK_50 ; Rise       ; text_renderer:u_text_renderer|font_rom:u_font_rom|altsyncram:rom_rtl_0|altsyncram_dm71:auto_generated|ram_block1a5~porta_address_reg10   ;
; -1.423 ; 0.500        ; 1.923          ; Low Pulse Width  ; CLOCK_50 ; Rise       ; text_renderer:u_text_renderer|font_rom:u_font_rom|altsyncram:rom_rtl_0|altsyncram_dm71:auto_generated|ram_block1a5~porta_address_reg10   ;
; -1.423 ; 0.500        ; 1.923          ; High Pulse Width ; CLOCK_50 ; Rise       ; text_renderer:u_text_renderer|font_rom:u_font_rom|altsyncram:rom_rtl_0|altsyncram_dm71:auto_generated|ram_block1a5~porta_address_reg2    ;
; -1.423 ; 0.500        ; 1.923          ; Low Pulse Width  ; CLOCK_50 ; Rise       ; text_renderer:u_text_renderer|font_rom:u_font_rom|altsyncram:rom_rtl_0|altsyncram_dm71:auto_generated|ram_block1a5~porta_address_reg2    ;
; -1.423 ; 0.500        ; 1.923          ; High Pulse Width ; CLOCK_50 ; Rise       ; text_renderer:u_text_renderer|font_rom:u_font_rom|altsyncram:rom_rtl_0|altsyncram_dm71:auto_generated|ram_block1a5~porta_address_reg3    ;
; -1.423 ; 0.500        ; 1.923          ; Low Pulse Width  ; CLOCK_50 ; Rise       ; text_renderer:u_text_renderer|font_rom:u_font_rom|altsyncram:rom_rtl_0|altsyncram_dm71:auto_generated|ram_block1a5~porta_address_reg3    ;
; -1.423 ; 0.500        ; 1.923          ; High Pulse Width ; CLOCK_50 ; Rise       ; text_renderer:u_text_renderer|font_rom:u_font_rom|altsyncram:rom_rtl_0|altsyncram_dm71:auto_generated|ram_block1a5~porta_address_reg4    ;
; -1.423 ; 0.500        ; 1.923          ; Low Pulse Width  ; CLOCK_50 ; Rise       ; text_renderer:u_text_renderer|font_rom:u_font_rom|altsyncram:rom_rtl_0|altsyncram_dm71:auto_generated|ram_block1a5~porta_address_reg4    ;
; -1.423 ; 0.500        ; 1.923          ; High Pulse Width ; CLOCK_50 ; Rise       ; text_renderer:u_text_renderer|font_rom:u_font_rom|altsyncram:rom_rtl_0|altsyncram_dm71:auto_generated|ram_block1a5~porta_address_reg5    ;
; -1.423 ; 0.500        ; 1.923          ; Low Pulse Width  ; CLOCK_50 ; Rise       ; text_renderer:u_text_renderer|font_rom:u_font_rom|altsyncram:rom_rtl_0|altsyncram_dm71:auto_generated|ram_block1a5~porta_address_reg5    ;
; -1.423 ; 0.500        ; 1.923          ; High Pulse Width ; CLOCK_50 ; Rise       ; text_renderer:u_text_renderer|font_rom:u_font_rom|altsyncram:rom_rtl_0|altsyncram_dm71:auto_generated|ram_block1a5~porta_address_reg6    ;
; -1.423 ; 0.500        ; 1.923          ; Low Pulse Width  ; CLOCK_50 ; Rise       ; text_renderer:u_text_renderer|font_rom:u_font_rom|altsyncram:rom_rtl_0|altsyncram_dm71:auto_generated|ram_block1a5~porta_address_reg6    ;
; -1.423 ; 0.500        ; 1.923          ; High Pulse Width ; CLOCK_50 ; Rise       ; text_renderer:u_text_renderer|font_rom:u_font_rom|altsyncram:rom_rtl_0|altsyncram_dm71:auto_generated|ram_block1a5~porta_address_reg7    ;
; -1.423 ; 0.500        ; 1.923          ; Low Pulse Width  ; CLOCK_50 ; Rise       ; text_renderer:u_text_renderer|font_rom:u_font_rom|altsyncram:rom_rtl_0|altsyncram_dm71:auto_generated|ram_block1a5~porta_address_reg7    ;
; -1.423 ; 0.500        ; 1.923          ; High Pulse Width ; CLOCK_50 ; Rise       ; text_renderer:u_text_renderer|font_rom:u_font_rom|altsyncram:rom_rtl_0|altsyncram_dm71:auto_generated|ram_block1a5~porta_address_reg8    ;
; -1.423 ; 0.500        ; 1.923          ; Low Pulse Width  ; CLOCK_50 ; Rise       ; text_renderer:u_text_renderer|font_rom:u_font_rom|altsyncram:rom_rtl_0|altsyncram_dm71:auto_generated|ram_block1a5~porta_address_reg8    ;
; -1.423 ; 0.500        ; 1.923          ; High Pulse Width ; CLOCK_50 ; Rise       ; text_renderer:u_text_renderer|font_rom:u_font_rom|altsyncram:rom_rtl_0|altsyncram_dm71:auto_generated|ram_block1a5~porta_address_reg9    ;
; -1.423 ; 0.500        ; 1.923          ; Low Pulse Width  ; CLOCK_50 ; Rise       ; text_renderer:u_text_renderer|font_rom:u_font_rom|altsyncram:rom_rtl_0|altsyncram_dm71:auto_generated|ram_block1a5~porta_address_reg9    ;
; -1.423 ; 0.500        ; 1.923          ; High Pulse Width ; CLOCK_50 ; Rise       ; text_renderer:u_text_renderer|lyric_rom:u_lyric_rom|altsyncram:rom_rtl_0|altsyncram_js71:auto_generated|ram_block1a0~porta_address_reg0  ;
; -1.423 ; 0.500        ; 1.923          ; Low Pulse Width  ; CLOCK_50 ; Rise       ; text_renderer:u_text_renderer|lyric_rom:u_lyric_rom|altsyncram:rom_rtl_0|altsyncram_js71:auto_generated|ram_block1a0~porta_address_reg0  ;
; -1.423 ; 0.500        ; 1.923          ; High Pulse Width ; CLOCK_50 ; Rise       ; text_renderer:u_text_renderer|lyric_rom:u_lyric_rom|altsyncram:rom_rtl_0|altsyncram_js71:auto_generated|ram_block1a0~porta_address_reg1  ;
; -1.423 ; 0.500        ; 1.923          ; Low Pulse Width  ; CLOCK_50 ; Rise       ; text_renderer:u_text_renderer|lyric_rom:u_lyric_rom|altsyncram:rom_rtl_0|altsyncram_js71:auto_generated|ram_block1a0~porta_address_reg1  ;
; -1.423 ; 0.500        ; 1.923          ; High Pulse Width ; CLOCK_50 ; Rise       ; text_renderer:u_text_renderer|lyric_rom:u_lyric_rom|altsyncram:rom_rtl_0|altsyncram_js71:auto_generated|ram_block1a0~porta_address_reg10 ;
; -1.423 ; 0.500        ; 1.923          ; Low Pulse Width  ; CLOCK_50 ; Rise       ; text_renderer:u_text_renderer|lyric_rom:u_lyric_rom|altsyncram:rom_rtl_0|altsyncram_js71:auto_generated|ram_block1a0~porta_address_reg10 ;
; -1.423 ; 0.500        ; 1.923          ; High Pulse Width ; CLOCK_50 ; Rise       ; text_renderer:u_text_renderer|lyric_rom:u_lyric_rom|altsyncram:rom_rtl_0|altsyncram_js71:auto_generated|ram_block1a0~porta_address_reg2  ;
; -1.423 ; 0.500        ; 1.923          ; Low Pulse Width  ; CLOCK_50 ; Rise       ; text_renderer:u_text_renderer|lyric_rom:u_lyric_rom|altsyncram:rom_rtl_0|altsyncram_js71:auto_generated|ram_block1a0~porta_address_reg2  ;
; -1.423 ; 0.500        ; 1.923          ; High Pulse Width ; CLOCK_50 ; Rise       ; text_renderer:u_text_renderer|lyric_rom:u_lyric_rom|altsyncram:rom_rtl_0|altsyncram_js71:auto_generated|ram_block1a0~porta_address_reg3  ;
; -1.423 ; 0.500        ; 1.923          ; Low Pulse Width  ; CLOCK_50 ; Rise       ; text_renderer:u_text_renderer|lyric_rom:u_lyric_rom|altsyncram:rom_rtl_0|altsyncram_js71:auto_generated|ram_block1a0~porta_address_reg3  ;
; -1.423 ; 0.500        ; 1.923          ; High Pulse Width ; CLOCK_50 ; Rise       ; text_renderer:u_text_renderer|lyric_rom:u_lyric_rom|altsyncram:rom_rtl_0|altsyncram_js71:auto_generated|ram_block1a0~porta_address_reg4  ;
; -1.423 ; 0.500        ; 1.923          ; Low Pulse Width  ; CLOCK_50 ; Rise       ; text_renderer:u_text_renderer|lyric_rom:u_lyric_rom|altsyncram:rom_rtl_0|altsyncram_js71:auto_generated|ram_block1a0~porta_address_reg4  ;
+--------+--------------+----------------+------------------+----------+------------+------------------------------------------------------------------------------------------------------------------------------------------+


+-----------------------------------------------------------------------+
; Setup Times                                                           ;
+-----------+------------+-------+-------+------------+-----------------+
; Data Port ; Clock Port ; Rise  ; Fall  ; Clock Edge ; Clock Reference ;
+-----------+------------+-------+-------+------------+-----------------+
; KEY1      ; CLOCK_50   ; 5.879 ; 5.879 ; Rise       ; CLOCK_50        ;
; KEY2      ; CLOCK_50   ; 6.493 ; 6.493 ; Rise       ; CLOCK_50        ;
; SW0       ; CLOCK_50   ; 1.516 ; 1.516 ; Rise       ; CLOCK_50        ;
+-----------+------------+-------+-------+------------+-----------------+


+-------------------------------------------------------------------------+
; Hold Times                                                              ;
+-----------+------------+--------+--------+------------+-----------------+
; Data Port ; Clock Port ; Rise   ; Fall   ; Clock Edge ; Clock Reference ;
+-----------+------------+--------+--------+------------+-----------------+
; KEY1      ; CLOCK_50   ; -3.417 ; -3.417 ; Rise       ; CLOCK_50        ;
; KEY2      ; CLOCK_50   ; -3.722 ; -3.722 ; Rise       ; CLOCK_50        ;
; SW0       ; CLOCK_50   ; -0.578 ; -0.578 ; Rise       ; CLOCK_50        ;
+-----------+------------+--------+--------+------------+-----------------+


+---------------------------------------------------------------------------+
; Clock to Output Times                                                     ;
+-------------+------------+--------+--------+------------+-----------------+
; Data Port   ; Clock Port ; Rise   ; Fall   ; Clock Edge ; Clock Reference ;
+-------------+------------+--------+--------+------------+-----------------+
; VGA_BLANK_N ; CLOCK_50   ; 10.307 ; 10.307 ; Rise       ; CLOCK_50        ;
; VGA_CLK     ; CLOCK_50   ; 9.257  ; 9.257  ; Rise       ; CLOCK_50        ;
; VGA_G[*]    ; CLOCK_50   ; 8.597  ; 8.597  ; Rise       ; CLOCK_50        ;
;  VGA_G[1]   ; CLOCK_50   ; 8.593  ; 8.593  ; Rise       ; CLOCK_50        ;
;  VGA_G[2]   ; CLOCK_50   ; 7.860  ; 7.860  ; Rise       ; CLOCK_50        ;
;  VGA_G[3]   ; CLOCK_50   ; 8.597  ; 8.597  ; Rise       ; CLOCK_50        ;
; VGA_HS      ; CLOCK_50   ; 10.944 ; 10.944 ; Rise       ; CLOCK_50        ;
; VGA_R[*]    ; CLOCK_50   ; 8.870  ; 8.870  ; Rise       ; CLOCK_50        ;
;  VGA_R[0]   ; CLOCK_50   ; 8.345  ; 8.345  ; Rise       ; CLOCK_50        ;
;  VGA_R[1]   ; CLOCK_50   ; 8.140  ; 8.140  ; Rise       ; CLOCK_50        ;
;  VGA_R[2]   ; CLOCK_50   ; 8.870  ; 8.870  ; Rise       ; CLOCK_50        ;
;  VGA_R[3]   ; CLOCK_50   ; 8.066  ; 8.066  ; Rise       ; CLOCK_50        ;
; VGA_VS      ; CLOCK_50   ; 10.765 ; 10.765 ; Rise       ; CLOCK_50        ;
+-------------+------------+--------+--------+------------+-----------------+


+---------------------------------------------------------------------------+
; Minimum Clock to Output Times                                             ;
+-------------+------------+--------+--------+------------+-----------------+
; Data Port   ; Clock Port ; Rise   ; Fall   ; Clock Edge ; Clock Reference ;
+-------------+------------+--------+--------+------------+-----------------+
; VGA_BLANK_N ; CLOCK_50   ; 9.658  ; 9.658  ; Rise       ; CLOCK_50        ;
; VGA_CLK     ; CLOCK_50   ; 9.257  ; 9.257  ; Rise       ; CLOCK_50        ;
; VGA_G[*]    ; CLOCK_50   ; 7.860  ; 7.860  ; Rise       ; CLOCK_50        ;
;  VGA_G[1]   ; CLOCK_50   ; 8.593  ; 8.593  ; Rise       ; CLOCK_50        ;
;  VGA_G[2]   ; CLOCK_50   ; 7.860  ; 7.860  ; Rise       ; CLOCK_50        ;
;  VGA_G[3]   ; CLOCK_50   ; 8.597  ; 8.597  ; Rise       ; CLOCK_50        ;
; VGA_HS      ; CLOCK_50   ; 10.207 ; 10.207 ; Rise       ; CLOCK_50        ;
; VGA_R[*]    ; CLOCK_50   ; 8.066  ; 8.066  ; Rise       ; CLOCK_50        ;
;  VGA_R[0]   ; CLOCK_50   ; 8.345  ; 8.345  ; Rise       ; CLOCK_50        ;
;  VGA_R[1]   ; CLOCK_50   ; 8.140  ; 8.140  ; Rise       ; CLOCK_50        ;
;  VGA_R[2]   ; CLOCK_50   ; 8.870  ; 8.870  ; Rise       ; CLOCK_50        ;
;  VGA_R[3]   ; CLOCK_50   ; 8.066  ; 8.066  ; Rise       ; CLOCK_50        ;
; VGA_VS      ; CLOCK_50   ; 9.888  ; 9.888  ; Rise       ; CLOCK_50        ;
+-------------+------------+--------+--------+------------+-----------------+


+-----------------------------------+
; Fast Model Setup Summary          ;
+----------+--------+---------------+
; Clock    ; Slack  ; End Point TNS ;
+----------+--------+---------------+
; CLOCK_50 ; -2.229 ; -138.642      ;
+----------+--------+---------------+


+----------------------------------+
; Fast Model Hold Summary          ;
+----------+-------+---------------+
; Clock    ; Slack ; End Point TNS ;
+----------+-------+---------------+
; CLOCK_50 ; 0.215 ; 0.000         ;
+----------+-------+---------------+


-------------------------------
; Fast Model Recovery Summary ;
-------------------------------
No paths to report.


------------------------------
; Fast Model Removal Summary ;
------------------------------
No paths to report.


+----------------------------------------+
; Fast Model Minimum Pulse Width Summary ;
+----------+--------+--------------------+
; Clock    ; Slack  ; End Point TNS      ;
+----------+--------+--------------------+
; CLOCK_50 ; -1.423 ; -328.828           ;
+----------+--------+--------------------+


+----------------------------------------------------------------------------------------------------------------------------------------------------------------------------------------------------------------------------------------------------------------+
; Fast Model Setup: 'CLOCK_50'                                                                                                                                                                                                                                   ;
+--------+----------------------------------------------------------------------------------------------------------------------------------------+----------------------------------------+--------------+-------------+--------------+------------+------------+
; Slack  ; From Node                                                                                                                              ; To Node                                ; Launch Clock ; Latch Clock ; Relationship ; Clock Skew ; Data Delay ;
+--------+----------------------------------------------------------------------------------------------------------------------------------------+----------------------------------------+--------------+-------------+--------------+------------+------------+
; -2.229 ; text_renderer:u_text_renderer|font_rom:u_font_rom|altsyncram:rom_rtl_0|altsyncram_dm71:auto_generated|ram_block1a5~porta_address_reg0  ; text_renderer:u_text_renderer|vga_r[0] ; CLOCK_50     ; CLOCK_50    ; 1.000        ; -0.079     ; 3.182      ;
; -2.229 ; text_renderer:u_text_renderer|font_rom:u_font_rom|altsyncram:rom_rtl_0|altsyncram_dm71:auto_generated|ram_block1a5~porta_address_reg0  ; text_renderer:u_text_renderer|vga_g[1] ; CLOCK_50     ; CLOCK_50    ; 1.000        ; -0.079     ; 3.182      ;
; -2.229 ; text_renderer:u_text_renderer|font_rom:u_font_rom|altsyncram:rom_rtl_0|altsyncram_dm71:auto_generated|ram_block1a5~porta_address_reg1  ; text_renderer:u_text_renderer|vga_r[0] ; CLOCK_50     ; CLOCK_50    ; 1.000        ; -0.079     ; 3.182      ;
; -2.229 ; text_renderer:u_text_renderer|font_rom:u_font_rom|altsyncram:rom_rtl_0|altsyncram_dm71:auto_generated|ram_block1a5~porta_address_reg2  ; text_renderer:u_text_renderer|vga_r[0] ; CLOCK_50     ; CLOCK_50    ; 1.000        ; -0.079     ; 3.182      ;
; -2.229 ; text_renderer:u_text_renderer|font_rom:u_font_rom|altsyncram:rom_rtl_0|altsyncram_dm71:auto_generated|ram_block1a5~porta_address_reg3  ; text_renderer:u_text_renderer|vga_r[0] ; CLOCK_50     ; CLOCK_50    ; 1.000        ; -0.079     ; 3.182      ;
; -2.229 ; text_renderer:u_text_renderer|font_rom:u_font_rom|altsyncram:rom_rtl_0|altsyncram_dm71:auto_generated|ram_block1a5~porta_address_reg4  ; text_renderer:u_text_renderer|vga_r[0] ; CLOCK_50     ; CLOCK_50    ; 1.000        ; -0.079     ; 3.182      ;
; -2.229 ; text_renderer:u_text_renderer|font_rom:u_font_rom|altsyncram:rom_rtl_0|altsyncram_dm71:auto_generated|ram_block1a5~porta_address_reg5  ; text_renderer:u_text_renderer|vga_r[0] ; CLOCK_50     ; CLOCK_50    ; 1.000        ; -0.079     ; 3.182      ;
; -2.229 ; text_renderer:u_text_renderer|font_rom:u_font_rom|altsyncram:rom_rtl_0|altsyncram_dm71:auto_generated|ram_block1a5~porta_address_reg6  ; text_renderer:u_text_renderer|vga_r[0] ; CLOCK_50     ; CLOCK_50    ; 1.000        ; -0.079     ; 3.182      ;
; -2.229 ; text_renderer:u_text_renderer|font_rom:u_font_rom|altsyncram:rom_rtl_0|altsyncram_dm71:auto_generated|ram_block1a5~porta_address_reg7  ; text_renderer:u_text_renderer|vga_r[0] ; CLOCK_50     ; CLOCK_50    ; 1.000        ; -0.079     ; 3.182      ;
; -2.229 ; text_renderer:u_text_renderer|font_rom:u_font_rom|altsyncram:rom_rtl_0|altsyncram_dm71:auto_generated|ram_block1a5~porta_address_reg8  ; text_renderer:u_text_renderer|vga_r[0] ; CLOCK_50     ; CLOCK_50    ; 1.000        ; -0.079     ; 3.182      ;
; -2.229 ; text_renderer:u_text_renderer|font_rom:u_font_rom|altsyncram:rom_rtl_0|altsyncram_dm71:auto_generated|ram_block1a5~porta_address_reg9  ; text_renderer:u_text_renderer|vga_r[0] ; CLOCK_50     ; CLOCK_50    ; 1.000        ; -0.079     ; 3.182      ;
; -2.229 ; text_renderer:u_text_renderer|font_rom:u_font_rom|altsyncram:rom_rtl_0|altsyncram_dm71:auto_generated|ram_block1a5~porta_address_reg10 ; text_renderer:u_text_renderer|vga_r[0] ; CLOCK_50     ; CLOCK_50    ; 1.000        ; -0.079     ; 3.182      ;
; -2.229 ; text_renderer:u_text_renderer|font_rom:u_font_rom|altsyncram:rom_rtl_0|altsyncram_dm71:auto_generated|ram_block1a5~porta_address_reg1  ; text_renderer:u_text_renderer|vga_g[1] ; CLOCK_50     ; CLOCK_50    ; 1.000        ; -0.079     ; 3.182      ;
; -2.229 ; text_renderer:u_text_renderer|font_rom:u_font_rom|altsyncram:rom_rtl_0|altsyncram_dm71:auto_generated|ram_block1a5~porta_address_reg2  ; text_renderer:u_text_renderer|vga_g[1] ; CLOCK_50     ; CLOCK_50    ; 1.000        ; -0.079     ; 3.182      ;
; -2.229 ; text_renderer:u_text_renderer|font_rom:u_font_rom|altsyncram:rom_rtl_0|altsyncram_dm71:auto_generated|ram_block1a5~porta_address_reg3  ; text_renderer:u_text_renderer|vga_g[1] ; CLOCK_50     ; CLOCK_50    ; 1.000        ; -0.079     ; 3.182      ;
; -2.229 ; text_renderer:u_text_renderer|font_rom:u_font_rom|altsyncram:rom_rtl_0|altsyncram_dm71:auto_generated|ram_block1a5~porta_address_reg4  ; text_renderer:u_text_renderer|vga_g[1] ; CLOCK_50     ; CLOCK_50    ; 1.000        ; -0.079     ; 3.182      ;
; -2.229 ; text_renderer:u_text_renderer|font_rom:u_font_rom|altsyncram:rom_rtl_0|altsyncram_dm71:auto_generated|ram_block1a5~porta_address_reg5  ; text_renderer:u_text_renderer|vga_g[1] ; CLOCK_50     ; CLOCK_50    ; 1.000        ; -0.079     ; 3.182      ;
; -2.229 ; text_renderer:u_text_renderer|font_rom:u_font_rom|altsyncram:rom_rtl_0|altsyncram_dm71:auto_generated|ram_block1a5~porta_address_reg6  ; text_renderer:u_text_renderer|vga_g[1] ; CLOCK_50     ; CLOCK_50    ; 1.000        ; -0.079     ; 3.182      ;
; -2.229 ; text_renderer:u_text_renderer|font_rom:u_font_rom|altsyncram:rom_rtl_0|altsyncram_dm71:auto_generated|ram_block1a5~porta_address_reg7  ; text_renderer:u_text_renderer|vga_g[1] ; CLOCK_50     ; CLOCK_50    ; 1.000        ; -0.079     ; 3.182      ;
; -2.229 ; text_renderer:u_text_renderer|font_rom:u_font_rom|altsyncram:rom_rtl_0|altsyncram_dm71:auto_generated|ram_block1a5~porta_address_reg8  ; text_renderer:u_text_renderer|vga_g[1] ; CLOCK_50     ; CLOCK_50    ; 1.000        ; -0.079     ; 3.182      ;
; -2.229 ; text_renderer:u_text_renderer|font_rom:u_font_rom|altsyncram:rom_rtl_0|altsyncram_dm71:auto_generated|ram_block1a5~porta_address_reg9  ; text_renderer:u_text_renderer|vga_g[1] ; CLOCK_50     ; CLOCK_50    ; 1.000        ; -0.079     ; 3.182      ;
; -2.229 ; text_renderer:u_text_renderer|font_rom:u_font_rom|altsyncram:rom_rtl_0|altsyncram_dm71:auto_generated|ram_block1a5~porta_address_reg10 ; text_renderer:u_text_renderer|vga_g[1] ; CLOCK_50     ; CLOCK_50    ; 1.000        ; -0.079     ; 3.182      ;
; -2.227 ; text_renderer:u_text_renderer|font_rom:u_font_rom|altsyncram:rom_rtl_0|altsyncram_dm71:auto_generated|ram_block1a5~porta_address_reg0  ; text_renderer:u_text_renderer|vga_r[1] ; CLOCK_50     ; CLOCK_50    ; 1.000        ; -0.079     ; 3.180      ;
; -2.227 ; text_renderer:u_text_renderer|font_rom:u_font_rom|altsyncram:rom_rtl_0|altsyncram_dm71:auto_generated|ram_block1a5~porta_address_reg0  ; text_renderer:u_text_renderer|vga_g[3] ; CLOCK_50     ; CLOCK_50    ; 1.000        ; -0.079     ; 3.180      ;
; -2.227 ; text_renderer:u_text_renderer|font_rom:u_font_rom|altsyncram:rom_rtl_0|altsyncram_dm71:auto_generated|ram_block1a5~porta_address_reg1  ; text_renderer:u_text_renderer|vga_r[1] ; CLOCK_50     ; CLOCK_50    ; 1.000        ; -0.079     ; 3.180      ;
; -2.227 ; text_renderer:u_text_renderer|font_rom:u_font_rom|altsyncram:rom_rtl_0|altsyncram_dm71:auto_generated|ram_block1a5~porta_address_reg2  ; text_renderer:u_text_renderer|vga_r[1] ; CLOCK_50     ; CLOCK_50    ; 1.000        ; -0.079     ; 3.180      ;
; -2.227 ; text_renderer:u_text_renderer|font_rom:u_font_rom|altsyncram:rom_rtl_0|altsyncram_dm71:auto_generated|ram_block1a5~porta_address_reg3  ; text_renderer:u_text_renderer|vga_r[1] ; CLOCK_50     ; CLOCK_50    ; 1.000        ; -0.079     ; 3.180      ;
; -2.227 ; text_renderer:u_text_renderer|font_rom:u_font_rom|altsyncram:rom_rtl_0|altsyncram_dm71:auto_generated|ram_block1a5~porta_address_reg4  ; text_renderer:u_text_renderer|vga_r[1] ; CLOCK_50     ; CLOCK_50    ; 1.000        ; -0.079     ; 3.180      ;
; -2.227 ; text_renderer:u_text_renderer|font_rom:u_font_rom|altsyncram:rom_rtl_0|altsyncram_dm71:auto_generated|ram_block1a5~porta_address_reg5  ; text_renderer:u_text_renderer|vga_r[1] ; CLOCK_50     ; CLOCK_50    ; 1.000        ; -0.079     ; 3.180      ;
; -2.227 ; text_renderer:u_text_renderer|font_rom:u_font_rom|altsyncram:rom_rtl_0|altsyncram_dm71:auto_generated|ram_block1a5~porta_address_reg6  ; text_renderer:u_text_renderer|vga_r[1] ; CLOCK_50     ; CLOCK_50    ; 1.000        ; -0.079     ; 3.180      ;
; -2.227 ; text_renderer:u_text_renderer|font_rom:u_font_rom|altsyncram:rom_rtl_0|altsyncram_dm71:auto_generated|ram_block1a5~porta_address_reg7  ; text_renderer:u_text_renderer|vga_r[1] ; CLOCK_50     ; CLOCK_50    ; 1.000        ; -0.079     ; 3.180      ;
; -2.227 ; text_renderer:u_text_renderer|font_rom:u_font_rom|altsyncram:rom_rtl_0|altsyncram_dm71:auto_generated|ram_block1a5~porta_address_reg8  ; text_renderer:u_text_renderer|vga_r[1] ; CLOCK_50     ; CLOCK_50    ; 1.000        ; -0.079     ; 3.180      ;
; -2.227 ; text_renderer:u_text_renderer|font_rom:u_font_rom|altsyncram:rom_rtl_0|altsyncram_dm71:auto_generated|ram_block1a5~porta_address_reg9  ; text_renderer:u_text_renderer|vga_r[1] ; CLOCK_50     ; CLOCK_50    ; 1.000        ; -0.079     ; 3.180      ;
; -2.227 ; text_renderer:u_text_renderer|font_rom:u_font_rom|altsyncram:rom_rtl_0|altsyncram_dm71:auto_generated|ram_block1a5~porta_address_reg10 ; text_renderer:u_text_renderer|vga_r[1] ; CLOCK_50     ; CLOCK_50    ; 1.000        ; -0.079     ; 3.180      ;
; -2.227 ; text_renderer:u_text_renderer|font_rom:u_font_rom|altsyncram:rom_rtl_0|altsyncram_dm71:auto_generated|ram_block1a5~porta_address_reg1  ; text_renderer:u_text_renderer|vga_g[3] ; CLOCK_50     ; CLOCK_50    ; 1.000        ; -0.079     ; 3.180      ;
; -2.227 ; text_renderer:u_text_renderer|font_rom:u_font_rom|altsyncram:rom_rtl_0|altsyncram_dm71:auto_generated|ram_block1a5~porta_address_reg2  ; text_renderer:u_text_renderer|vga_g[3] ; CLOCK_50     ; CLOCK_50    ; 1.000        ; -0.079     ; 3.180      ;
; -2.227 ; text_renderer:u_text_renderer|font_rom:u_font_rom|altsyncram:rom_rtl_0|altsyncram_dm71:auto_generated|ram_block1a5~porta_address_reg3  ; text_renderer:u_text_renderer|vga_g[3] ; CLOCK_50     ; CLOCK_50    ; 1.000        ; -0.079     ; 3.180      ;
; -2.227 ; text_renderer:u_text_renderer|font_rom:u_font_rom|altsyncram:rom_rtl_0|altsyncram_dm71:auto_generated|ram_block1a5~porta_address_reg4  ; text_renderer:u_text_renderer|vga_g[3] ; CLOCK_50     ; CLOCK_50    ; 1.000        ; -0.079     ; 3.180      ;
; -2.227 ; text_renderer:u_text_renderer|font_rom:u_font_rom|altsyncram:rom_rtl_0|altsyncram_dm71:auto_generated|ram_block1a5~porta_address_reg5  ; text_renderer:u_text_renderer|vga_g[3] ; CLOCK_50     ; CLOCK_50    ; 1.000        ; -0.079     ; 3.180      ;
; -2.227 ; text_renderer:u_text_renderer|font_rom:u_font_rom|altsyncram:rom_rtl_0|altsyncram_dm71:auto_generated|ram_block1a5~porta_address_reg6  ; text_renderer:u_text_renderer|vga_g[3] ; CLOCK_50     ; CLOCK_50    ; 1.000        ; -0.079     ; 3.180      ;
; -2.227 ; text_renderer:u_text_renderer|font_rom:u_font_rom|altsyncram:rom_rtl_0|altsyncram_dm71:auto_generated|ram_block1a5~porta_address_reg7  ; text_renderer:u_text_renderer|vga_g[3] ; CLOCK_50     ; CLOCK_50    ; 1.000        ; -0.079     ; 3.180      ;
; -2.227 ; text_renderer:u_text_renderer|font_rom:u_font_rom|altsyncram:rom_rtl_0|altsyncram_dm71:auto_generated|ram_block1a5~porta_address_reg8  ; text_renderer:u_text_renderer|vga_g[3] ; CLOCK_50     ; CLOCK_50    ; 1.000        ; -0.079     ; 3.180      ;
; -2.227 ; text_renderer:u_text_renderer|font_rom:u_font_rom|altsyncram:rom_rtl_0|altsyncram_dm71:auto_generated|ram_block1a5~porta_address_reg9  ; text_renderer:u_text_renderer|vga_g[3] ; CLOCK_50     ; CLOCK_50    ; 1.000        ; -0.079     ; 3.180      ;
; -2.227 ; text_renderer:u_text_renderer|font_rom:u_font_rom|altsyncram:rom_rtl_0|altsyncram_dm71:auto_generated|ram_block1a5~porta_address_reg10 ; text_renderer:u_text_renderer|vga_g[3] ; CLOCK_50     ; CLOCK_50    ; 1.000        ; -0.079     ; 3.180      ;
; -2.226 ; text_renderer:u_text_renderer|font_rom:u_font_rom|altsyncram:rom_rtl_0|altsyncram_dm71:auto_generated|ram_block1a5~porta_address_reg0  ; text_renderer:u_text_renderer|vga_g[2] ; CLOCK_50     ; CLOCK_50    ; 1.000        ; -0.079     ; 3.179      ;
; -2.226 ; text_renderer:u_text_renderer|font_rom:u_font_rom|altsyncram:rom_rtl_0|altsyncram_dm71:auto_generated|ram_block1a5~porta_address_reg1  ; text_renderer:u_text_renderer|vga_g[2] ; CLOCK_50     ; CLOCK_50    ; 1.000        ; -0.079     ; 3.179      ;
; -2.226 ; text_renderer:u_text_renderer|font_rom:u_font_rom|altsyncram:rom_rtl_0|altsyncram_dm71:auto_generated|ram_block1a5~porta_address_reg2  ; text_renderer:u_text_renderer|vga_g[2] ; CLOCK_50     ; CLOCK_50    ; 1.000        ; -0.079     ; 3.179      ;
; -2.226 ; text_renderer:u_text_renderer|font_rom:u_font_rom|altsyncram:rom_rtl_0|altsyncram_dm71:auto_generated|ram_block1a5~porta_address_reg3  ; text_renderer:u_text_renderer|vga_g[2] ; CLOCK_50     ; CLOCK_50    ; 1.000        ; -0.079     ; 3.179      ;
; -2.226 ; text_renderer:u_text_renderer|font_rom:u_font_rom|altsyncram:rom_rtl_0|altsyncram_dm71:auto_generated|ram_block1a5~porta_address_reg4  ; text_renderer:u_text_renderer|vga_g[2] ; CLOCK_50     ; CLOCK_50    ; 1.000        ; -0.079     ; 3.179      ;
; -2.226 ; text_renderer:u_text_renderer|font_rom:u_font_rom|altsyncram:rom_rtl_0|altsyncram_dm71:auto_generated|ram_block1a5~porta_address_reg5  ; text_renderer:u_text_renderer|vga_g[2] ; CLOCK_50     ; CLOCK_50    ; 1.000        ; -0.079     ; 3.179      ;
; -2.226 ; text_renderer:u_text_renderer|font_rom:u_font_rom|altsyncram:rom_rtl_0|altsyncram_dm71:auto_generated|ram_block1a5~porta_address_reg6  ; text_renderer:u_text_renderer|vga_g[2] ; CLOCK_50     ; CLOCK_50    ; 1.000        ; -0.079     ; 3.179      ;
; -2.226 ; text_renderer:u_text_renderer|font_rom:u_font_rom|altsyncram:rom_rtl_0|altsyncram_dm71:auto_generated|ram_block1a5~porta_address_reg7  ; text_renderer:u_text_renderer|vga_g[2] ; CLOCK_50     ; CLOCK_50    ; 1.000        ; -0.079     ; 3.179      ;
; -2.226 ; text_renderer:u_text_renderer|font_rom:u_font_rom|altsyncram:rom_rtl_0|altsyncram_dm71:auto_generated|ram_block1a5~porta_address_reg8  ; text_renderer:u_text_renderer|vga_g[2] ; CLOCK_50     ; CLOCK_50    ; 1.000        ; -0.079     ; 3.179      ;
; -2.226 ; text_renderer:u_text_renderer|font_rom:u_font_rom|altsyncram:rom_rtl_0|altsyncram_dm71:auto_generated|ram_block1a5~porta_address_reg9  ; text_renderer:u_text_renderer|vga_g[2] ; CLOCK_50     ; CLOCK_50    ; 1.000        ; -0.079     ; 3.179      ;
; -2.226 ; text_renderer:u_text_renderer|font_rom:u_font_rom|altsyncram:rom_rtl_0|altsyncram_dm71:auto_generated|ram_block1a5~porta_address_reg10 ; text_renderer:u_text_renderer|vga_g[2] ; CLOCK_50     ; CLOCK_50    ; 1.000        ; -0.079     ; 3.179      ;
; -2.225 ; text_renderer:u_text_renderer|font_rom:u_font_rom|altsyncram:rom_rtl_0|altsyncram_dm71:auto_generated|ram_block1a5~porta_address_reg0  ; text_renderer:u_text_renderer|vga_r[2] ; CLOCK_50     ; CLOCK_50    ; 1.000        ; -0.079     ; 3.178      ;
; -2.225 ; text_renderer:u_text_renderer|font_rom:u_font_rom|altsyncram:rom_rtl_0|altsyncram_dm71:auto_generated|ram_block1a5~porta_address_reg1  ; text_renderer:u_text_renderer|vga_r[2] ; CLOCK_50     ; CLOCK_50    ; 1.000        ; -0.079     ; 3.178      ;
; -2.225 ; text_renderer:u_text_renderer|font_rom:u_font_rom|altsyncram:rom_rtl_0|altsyncram_dm71:auto_generated|ram_block1a5~porta_address_reg2  ; text_renderer:u_text_renderer|vga_r[2] ; CLOCK_50     ; CLOCK_50    ; 1.000        ; -0.079     ; 3.178      ;
; -2.225 ; text_renderer:u_text_renderer|font_rom:u_font_rom|altsyncram:rom_rtl_0|altsyncram_dm71:auto_generated|ram_block1a5~porta_address_reg3  ; text_renderer:u_text_renderer|vga_r[2] ; CLOCK_50     ; CLOCK_50    ; 1.000        ; -0.079     ; 3.178      ;
; -2.225 ; text_renderer:u_text_renderer|font_rom:u_font_rom|altsyncram:rom_rtl_0|altsyncram_dm71:auto_generated|ram_block1a5~porta_address_reg4  ; text_renderer:u_text_renderer|vga_r[2] ; CLOCK_50     ; CLOCK_50    ; 1.000        ; -0.079     ; 3.178      ;
; -2.225 ; text_renderer:u_text_renderer|font_rom:u_font_rom|altsyncram:rom_rtl_0|altsyncram_dm71:auto_generated|ram_block1a5~porta_address_reg5  ; text_renderer:u_text_renderer|vga_r[2] ; CLOCK_50     ; CLOCK_50    ; 1.000        ; -0.079     ; 3.178      ;
; -2.225 ; text_renderer:u_text_renderer|font_rom:u_font_rom|altsyncram:rom_rtl_0|altsyncram_dm71:auto_generated|ram_block1a5~porta_address_reg6  ; text_renderer:u_text_renderer|vga_r[2] ; CLOCK_50     ; CLOCK_50    ; 1.000        ; -0.079     ; 3.178      ;
; -2.225 ; text_renderer:u_text_renderer|font_rom:u_font_rom|altsyncram:rom_rtl_0|altsyncram_dm71:auto_generated|ram_block1a5~porta_address_reg7  ; text_renderer:u_text_renderer|vga_r[2] ; CLOCK_50     ; CLOCK_50    ; 1.000        ; -0.079     ; 3.178      ;
; -2.225 ; text_renderer:u_text_renderer|font_rom:u_font_rom|altsyncram:rom_rtl_0|altsyncram_dm71:auto_generated|ram_block1a5~porta_address_reg8  ; text_renderer:u_text_renderer|vga_r[2] ; CLOCK_50     ; CLOCK_50    ; 1.000        ; -0.079     ; 3.178      ;
; -2.225 ; text_renderer:u_text_renderer|font_rom:u_font_rom|altsyncram:rom_rtl_0|altsyncram_dm71:auto_generated|ram_block1a5~porta_address_reg9  ; text_renderer:u_text_renderer|vga_r[2] ; CLOCK_50     ; CLOCK_50    ; 1.000        ; -0.079     ; 3.178      ;
; -2.225 ; text_renderer:u_text_renderer|font_rom:u_font_rom|altsyncram:rom_rtl_0|altsyncram_dm71:auto_generated|ram_block1a5~porta_address_reg10 ; text_renderer:u_text_renderer|vga_r[2] ; CLOCK_50     ; CLOCK_50    ; 1.000        ; -0.079     ; 3.178      ;
; -2.206 ; text_renderer:u_text_renderer|font_rom:u_font_rom|altsyncram:rom_rtl_0|altsyncram_dm71:auto_generated|ram_block1a0~porta_address_reg0  ; text_renderer:u_text_renderer|vga_r[0] ; CLOCK_50     ; CLOCK_50    ; 1.000        ; -0.086     ; 3.152      ;
; -2.206 ; text_renderer:u_text_renderer|font_rom:u_font_rom|altsyncram:rom_rtl_0|altsyncram_dm71:auto_generated|ram_block1a0~porta_address_reg0  ; text_renderer:u_text_renderer|vga_g[1] ; CLOCK_50     ; CLOCK_50    ; 1.000        ; -0.086     ; 3.152      ;
; -2.206 ; text_renderer:u_text_renderer|font_rom:u_font_rom|altsyncram:rom_rtl_0|altsyncram_dm71:auto_generated|ram_block1a0~porta_address_reg1  ; text_renderer:u_text_renderer|vga_r[0] ; CLOCK_50     ; CLOCK_50    ; 1.000        ; -0.086     ; 3.152      ;
; -2.206 ; text_renderer:u_text_renderer|font_rom:u_font_rom|altsyncram:rom_rtl_0|altsyncram_dm71:auto_generated|ram_block1a0~porta_address_reg2  ; text_renderer:u_text_renderer|vga_r[0] ; CLOCK_50     ; CLOCK_50    ; 1.000        ; -0.086     ; 3.152      ;
; -2.206 ; text_renderer:u_text_renderer|font_rom:u_font_rom|altsyncram:rom_rtl_0|altsyncram_dm71:auto_generated|ram_block1a0~porta_address_reg3  ; text_renderer:u_text_renderer|vga_r[0] ; CLOCK_50     ; CLOCK_50    ; 1.000        ; -0.086     ; 3.152      ;
; -2.206 ; text_renderer:u_text_renderer|font_rom:u_font_rom|altsyncram:rom_rtl_0|altsyncram_dm71:auto_generated|ram_block1a0~porta_address_reg4  ; text_renderer:u_text_renderer|vga_r[0] ; CLOCK_50     ; CLOCK_50    ; 1.000        ; -0.086     ; 3.152      ;
; -2.206 ; text_renderer:u_text_renderer|font_rom:u_font_rom|altsyncram:rom_rtl_0|altsyncram_dm71:auto_generated|ram_block1a0~porta_address_reg5  ; text_renderer:u_text_renderer|vga_r[0] ; CLOCK_50     ; CLOCK_50    ; 1.000        ; -0.086     ; 3.152      ;
; -2.206 ; text_renderer:u_text_renderer|font_rom:u_font_rom|altsyncram:rom_rtl_0|altsyncram_dm71:auto_generated|ram_block1a0~porta_address_reg6  ; text_renderer:u_text_renderer|vga_r[0] ; CLOCK_50     ; CLOCK_50    ; 1.000        ; -0.086     ; 3.152      ;
; -2.206 ; text_renderer:u_text_renderer|font_rom:u_font_rom|altsyncram:rom_rtl_0|altsyncram_dm71:auto_generated|ram_block1a0~porta_address_reg7  ; text_renderer:u_text_renderer|vga_r[0] ; CLOCK_50     ; CLOCK_50    ; 1.000        ; -0.086     ; 3.152      ;
; -2.206 ; text_renderer:u_text_renderer|font_rom:u_font_rom|altsyncram:rom_rtl_0|altsyncram_dm71:auto_generated|ram_block1a0~porta_address_reg8  ; text_renderer:u_text_renderer|vga_r[0] ; CLOCK_50     ; CLOCK_50    ; 1.000        ; -0.086     ; 3.152      ;
; -2.206 ; text_renderer:u_text_renderer|font_rom:u_font_rom|altsyncram:rom_rtl_0|altsyncram_dm71:auto_generated|ram_block1a0~porta_address_reg9  ; text_renderer:u_text_renderer|vga_r[0] ; CLOCK_50     ; CLOCK_50    ; 1.000        ; -0.086     ; 3.152      ;
; -2.206 ; text_renderer:u_text_renderer|font_rom:u_font_rom|altsyncram:rom_rtl_0|altsyncram_dm71:auto_generated|ram_block1a0~porta_address_reg10 ; text_renderer:u_text_renderer|vga_r[0] ; CLOCK_50     ; CLOCK_50    ; 1.000        ; -0.086     ; 3.152      ;
; -2.206 ; text_renderer:u_text_renderer|font_rom:u_font_rom|altsyncram:rom_rtl_0|altsyncram_dm71:auto_generated|ram_block1a0~porta_address_reg1  ; text_renderer:u_text_renderer|vga_g[1] ; CLOCK_50     ; CLOCK_50    ; 1.000        ; -0.086     ; 3.152      ;
; -2.206 ; text_renderer:u_text_renderer|font_rom:u_font_rom|altsyncram:rom_rtl_0|altsyncram_dm71:auto_generated|ram_block1a0~porta_address_reg2  ; text_renderer:u_text_renderer|vga_g[1] ; CLOCK_50     ; CLOCK_50    ; 1.000        ; -0.086     ; 3.152      ;
; -2.206 ; text_renderer:u_text_renderer|font_rom:u_font_rom|altsyncram:rom_rtl_0|altsyncram_dm71:auto_generated|ram_block1a0~porta_address_reg3  ; text_renderer:u_text_renderer|vga_g[1] ; CLOCK_50     ; CLOCK_50    ; 1.000        ; -0.086     ; 3.152      ;
; -2.206 ; text_renderer:u_text_renderer|font_rom:u_font_rom|altsyncram:rom_rtl_0|altsyncram_dm71:auto_generated|ram_block1a0~porta_address_reg4  ; text_renderer:u_text_renderer|vga_g[1] ; CLOCK_50     ; CLOCK_50    ; 1.000        ; -0.086     ; 3.152      ;
; -2.206 ; text_renderer:u_text_renderer|font_rom:u_font_rom|altsyncram:rom_rtl_0|altsyncram_dm71:auto_generated|ram_block1a0~porta_address_reg5  ; text_renderer:u_text_renderer|vga_g[1] ; CLOCK_50     ; CLOCK_50    ; 1.000        ; -0.086     ; 3.152      ;
; -2.206 ; text_renderer:u_text_renderer|font_rom:u_font_rom|altsyncram:rom_rtl_0|altsyncram_dm71:auto_generated|ram_block1a0~porta_address_reg6  ; text_renderer:u_text_renderer|vga_g[1] ; CLOCK_50     ; CLOCK_50    ; 1.000        ; -0.086     ; 3.152      ;
; -2.206 ; text_renderer:u_text_renderer|font_rom:u_font_rom|altsyncram:rom_rtl_0|altsyncram_dm71:auto_generated|ram_block1a0~porta_address_reg7  ; text_renderer:u_text_renderer|vga_g[1] ; CLOCK_50     ; CLOCK_50    ; 1.000        ; -0.086     ; 3.152      ;
; -2.206 ; text_renderer:u_text_renderer|font_rom:u_font_rom|altsyncram:rom_rtl_0|altsyncram_dm71:auto_generated|ram_block1a0~porta_address_reg8  ; text_renderer:u_text_renderer|vga_g[1] ; CLOCK_50     ; CLOCK_50    ; 1.000        ; -0.086     ; 3.152      ;
; -2.206 ; text_renderer:u_text_renderer|font_rom:u_font_rom|altsyncram:rom_rtl_0|altsyncram_dm71:auto_generated|ram_block1a0~porta_address_reg9  ; text_renderer:u_text_renderer|vga_g[1] ; CLOCK_50     ; CLOCK_50    ; 1.000        ; -0.086     ; 3.152      ;
; -2.206 ; text_renderer:u_text_renderer|font_rom:u_font_rom|altsyncram:rom_rtl_0|altsyncram_dm71:auto_generated|ram_block1a0~porta_address_reg10 ; text_renderer:u_text_renderer|vga_g[1] ; CLOCK_50     ; CLOCK_50    ; 1.000        ; -0.086     ; 3.152      ;
; -2.204 ; text_renderer:u_text_renderer|font_rom:u_font_rom|altsyncram:rom_rtl_0|altsyncram_dm71:auto_generated|ram_block1a0~porta_address_reg0  ; text_renderer:u_text_renderer|vga_r[1] ; CLOCK_50     ; CLOCK_50    ; 1.000        ; -0.086     ; 3.150      ;
; -2.204 ; text_renderer:u_text_renderer|font_rom:u_font_rom|altsyncram:rom_rtl_0|altsyncram_dm71:auto_generated|ram_block1a0~porta_address_reg0  ; text_renderer:u_text_renderer|vga_g[3] ; CLOCK_50     ; CLOCK_50    ; 1.000        ; -0.086     ; 3.150      ;
; -2.204 ; text_renderer:u_text_renderer|font_rom:u_font_rom|altsyncram:rom_rtl_0|altsyncram_dm71:auto_generated|ram_block1a0~porta_address_reg1  ; text_renderer:u_text_renderer|vga_r[1] ; CLOCK_50     ; CLOCK_50    ; 1.000        ; -0.086     ; 3.150      ;
; -2.204 ; text_renderer:u_text_renderer|font_rom:u_font_rom|altsyncram:rom_rtl_0|altsyncram_dm71:auto_generated|ram_block1a0~porta_address_reg2  ; text_renderer:u_text_renderer|vga_r[1] ; CLOCK_50     ; CLOCK_50    ; 1.000        ; -0.086     ; 3.150      ;
; -2.204 ; text_renderer:u_text_renderer|font_rom:u_font_rom|altsyncram:rom_rtl_0|altsyncram_dm71:auto_generated|ram_block1a0~porta_address_reg3  ; text_renderer:u_text_renderer|vga_r[1] ; CLOCK_50     ; CLOCK_50    ; 1.000        ; -0.086     ; 3.150      ;
; -2.204 ; text_renderer:u_text_renderer|font_rom:u_font_rom|altsyncram:rom_rtl_0|altsyncram_dm71:auto_generated|ram_block1a0~porta_address_reg4  ; text_renderer:u_text_renderer|vga_r[1] ; CLOCK_50     ; CLOCK_50    ; 1.000        ; -0.086     ; 3.150      ;
; -2.204 ; text_renderer:u_text_renderer|font_rom:u_font_rom|altsyncram:rom_rtl_0|altsyncram_dm71:auto_generated|ram_block1a0~porta_address_reg5  ; text_renderer:u_text_renderer|vga_r[1] ; CLOCK_50     ; CLOCK_50    ; 1.000        ; -0.086     ; 3.150      ;
; -2.204 ; text_renderer:u_text_renderer|font_rom:u_font_rom|altsyncram:rom_rtl_0|altsyncram_dm71:auto_generated|ram_block1a0~porta_address_reg6  ; text_renderer:u_text_renderer|vga_r[1] ; CLOCK_50     ; CLOCK_50    ; 1.000        ; -0.086     ; 3.150      ;
; -2.204 ; text_renderer:u_text_renderer|font_rom:u_font_rom|altsyncram:rom_rtl_0|altsyncram_dm71:auto_generated|ram_block1a0~porta_address_reg7  ; text_renderer:u_text_renderer|vga_r[1] ; CLOCK_50     ; CLOCK_50    ; 1.000        ; -0.086     ; 3.150      ;
; -2.204 ; text_renderer:u_text_renderer|font_rom:u_font_rom|altsyncram:rom_rtl_0|altsyncram_dm71:auto_generated|ram_block1a0~porta_address_reg8  ; text_renderer:u_text_renderer|vga_r[1] ; CLOCK_50     ; CLOCK_50    ; 1.000        ; -0.086     ; 3.150      ;
; -2.204 ; text_renderer:u_text_renderer|font_rom:u_font_rom|altsyncram:rom_rtl_0|altsyncram_dm71:auto_generated|ram_block1a0~porta_address_reg9  ; text_renderer:u_text_renderer|vga_r[1] ; CLOCK_50     ; CLOCK_50    ; 1.000        ; -0.086     ; 3.150      ;
; -2.204 ; text_renderer:u_text_renderer|font_rom:u_font_rom|altsyncram:rom_rtl_0|altsyncram_dm71:auto_generated|ram_block1a0~porta_address_reg10 ; text_renderer:u_text_renderer|vga_r[1] ; CLOCK_50     ; CLOCK_50    ; 1.000        ; -0.086     ; 3.150      ;
+--------+----------------------------------------------------------------------------------------------------------------------------------------+----------------------------------------+--------------+-------------+--------------+------------+------------+


+------------------------------------------------------------------------------------------------------------------------------------------------------------------------------------------------------------------------------------------------------------------+
; Fast Model Hold: 'CLOCK_50'                                                                                                                                                                                                                                      ;
+-------+--------------------------------------------+---------------------------------------------------------------------------------------------------------------------------------------+--------------+-------------+--------------+------------+------------+
; Slack ; From Node                                  ; To Node                                                                                                                               ; Launch Clock ; Latch Clock ; Relationship ; Clock Skew ; Data Delay ;
+-------+--------------------------------------------+---------------------------------------------------------------------------------------------------------------------------------------+--------------+-------------+--------------+------------+------------+
; 0.215 ; vga_sync:u_vga_sync|pixel_q                ; vga_sync:u_vga_sync|pixel_q                                                                                                           ; CLOCK_50     ; CLOCK_50    ; 0.000        ; 0.000      ; 0.367      ;
; 0.238 ; lyric_controller:u_lyric_ctrl|auto_cnt[27] ; lyric_controller:u_lyric_ctrl|auto_cnt[27]                                                                                            ; CLOCK_50     ; CLOCK_50    ; 0.000        ; 0.000      ; 0.390      ;
; 0.239 ; text_renderer:u_text_renderer|font_x_d1[0] ; text_renderer:u_text_renderer|font_x_d2[0]                                                                                            ; CLOCK_50     ; CLOCK_50    ; 0.000        ; 0.000      ; 0.391      ;
; 0.241 ; text_renderer:u_text_renderer|font_x_d1[2] ; text_renderer:u_text_renderer|font_x_d2[2]                                                                                            ; CLOCK_50     ; CLOCK_50    ; 0.000        ; 0.000      ; 0.393      ;
; 0.275 ; text_renderer:u_text_renderer|font_y_d1[1] ; text_renderer:u_text_renderer|font_rom:u_font_rom|altsyncram:rom_rtl_0|altsyncram_dm71:auto_generated|ram_block1a0~porta_address_reg1 ; CLOCK_50     ; CLOCK_50    ; 0.000        ; 0.070      ; 0.483      ;
; 0.277 ; text_renderer:u_text_renderer|font_y_d1[3] ; text_renderer:u_text_renderer|font_rom:u_font_rom|altsyncram:rom_rtl_0|altsyncram_dm71:auto_generated|ram_block1a0~porta_address_reg3 ; CLOCK_50     ; CLOCK_50    ; 0.000        ; 0.070      ; 0.485      ;
; 0.277 ; text_renderer:u_text_renderer|font_y_d1[0] ; text_renderer:u_text_renderer|font_rom:u_font_rom|altsyncram:rom_rtl_0|altsyncram_dm71:auto_generated|ram_block1a0~porta_address_reg0 ; CLOCK_50     ; CLOCK_50    ; 0.000        ; 0.070      ; 0.485      ;
; 0.278 ; text_renderer:u_text_renderer|font_y_d1[2] ; text_renderer:u_text_renderer|font_rom:u_font_rom|altsyncram:rom_rtl_0|altsyncram_dm71:auto_generated|ram_block1a0~porta_address_reg2 ; CLOCK_50     ; CLOCK_50    ; 0.000        ; 0.070      ; 0.486      ;
; 0.324 ; text_renderer:u_text_renderer|video_on_d1  ; text_renderer:u_text_renderer|video_on_d2                                                                                             ; CLOCK_50     ; CLOCK_50    ; 0.000        ; 0.000      ; 0.476      ;
; 0.336 ; text_renderer:u_text_renderer|font_x_d1[1] ; text_renderer:u_text_renderer|font_x_d2[1]                                                                                            ; CLOCK_50     ; CLOCK_50    ; 0.000        ; 0.000      ; 0.488      ;
; 0.358 ; lyric_controller:u_lyric_ctrl|auto_cnt[14] ; lyric_controller:u_lyric_ctrl|auto_cnt[14]                                                                                            ; CLOCK_50     ; CLOCK_50    ; 0.000        ; 0.000      ; 0.510      ;
; 0.360 ; lyric_controller:u_lyric_ctrl|auto_cnt[7]  ; lyric_controller:u_lyric_ctrl|auto_cnt[7]                                                                                             ; CLOCK_50     ; CLOCK_50    ; 0.000        ; 0.000      ; 0.512      ;
; 0.360 ; lyric_controller:u_lyric_ctrl|auto_cnt[9]  ; lyric_controller:u_lyric_ctrl|auto_cnt[9]                                                                                             ; CLOCK_50     ; CLOCK_50    ; 0.000        ; 0.000      ; 0.512      ;
; 0.360 ; text_renderer:u_text_renderer|font_x_d2[2] ; text_renderer:u_text_renderer|vga_r[3]                                                                                                ; CLOCK_50     ; CLOCK_50    ; 0.000        ; 0.000      ; 0.512      ;
; 0.361 ; lyric_controller:u_lyric_ctrl|auto_cnt[11] ; lyric_controller:u_lyric_ctrl|auto_cnt[11]                                                                                            ; CLOCK_50     ; CLOCK_50    ; 0.000        ; 0.000      ; 0.513      ;
; 0.361 ; lyric_controller:u_lyric_ctrl|auto_cnt[12] ; lyric_controller:u_lyric_ctrl|auto_cnt[12]                                                                                            ; CLOCK_50     ; CLOCK_50    ; 0.000        ; 0.000      ; 0.513      ;
; 0.361 ; lyric_controller:u_lyric_ctrl|auto_cnt[13] ; lyric_controller:u_lyric_ctrl|auto_cnt[13]                                                                                            ; CLOCK_50     ; CLOCK_50    ; 0.000        ; 0.000      ; 0.513      ;
; 0.361 ; lyric_controller:u_lyric_ctrl|auto_cnt[15] ; lyric_controller:u_lyric_ctrl|auto_cnt[15]                                                                                            ; CLOCK_50     ; CLOCK_50    ; 0.000        ; 0.000      ; 0.513      ;
; 0.362 ; vga_sync:u_vga_sync|h_count[6]             ; vga_sync:u_vga_sync|h_count[6]                                                                                                        ; CLOCK_50     ; CLOCK_50    ; 0.000        ; 0.000      ; 0.514      ;
; 0.362 ; lyric_controller:u_lyric_ctrl|auto_cnt[23] ; lyric_controller:u_lyric_ctrl|auto_cnt[23]                                                                                            ; CLOCK_50     ; CLOCK_50    ; 0.000        ; 0.000      ; 0.514      ;
; 0.363 ; vga_sync:u_vga_sync|v_count[4]             ; vga_sync:u_vga_sync|v_count[4]                                                                                                        ; CLOCK_50     ; CLOCK_50    ; 0.000        ; 0.000      ; 0.515      ;
; 0.363 ; lyric_controller:u_lyric_ctrl|auto_cnt[25] ; lyric_controller:u_lyric_ctrl|auto_cnt[25]                                                                                            ; CLOCK_50     ; CLOCK_50    ; 0.000        ; 0.000      ; 0.515      ;
; 0.365 ; vga_sync:u_vga_sync|h_count[1]             ; vga_sync:u_vga_sync|h_count[1]                                                                                                        ; CLOCK_50     ; CLOCK_50    ; 0.000        ; 0.000      ; 0.517      ;
; 0.365 ; vga_sync:u_vga_sync|v_count[1]             ; vga_sync:u_vga_sync|v_count[1]                                                                                                        ; CLOCK_50     ; CLOCK_50    ; 0.000        ; 0.000      ; 0.517      ;
; 0.365 ; vga_sync:u_vga_sync|v_count[7]             ; vga_sync:u_vga_sync|v_count[7]                                                                                                        ; CLOCK_50     ; CLOCK_50    ; 0.000        ; 0.000      ; 0.517      ;
; 0.367 ; lyric_controller:u_lyric_ctrl|auto_cnt[16] ; lyric_controller:u_lyric_ctrl|auto_cnt[16]                                                                                            ; CLOCK_50     ; CLOCK_50    ; 0.000        ; 0.000      ; 0.519      ;
; 0.367 ; lyric_controller:u_lyric_ctrl|auto_cnt[18] ; lyric_controller:u_lyric_ctrl|auto_cnt[18]                                                                                            ; CLOCK_50     ; CLOCK_50    ; 0.000        ; 0.000      ; 0.519      ;
; 0.368 ; lyric_controller:u_lyric_ctrl|auto_cnt[0]  ; lyric_controller:u_lyric_ctrl|auto_cnt[0]                                                                                             ; CLOCK_50     ; CLOCK_50    ; 0.000        ; 0.000      ; 0.520      ;
; 0.368 ; lyric_controller:u_lyric_ctrl|auto_cnt[2]  ; lyric_controller:u_lyric_ctrl|auto_cnt[2]                                                                                             ; CLOCK_50     ; CLOCK_50    ; 0.000        ; 0.000      ; 0.520      ;
; 0.368 ; lyric_controller:u_lyric_ctrl|auto_cnt[5]  ; lyric_controller:u_lyric_ctrl|auto_cnt[5]                                                                                             ; CLOCK_50     ; CLOCK_50    ; 0.000        ; 0.000      ; 0.520      ;
; 0.368 ; lyric_controller:u_lyric_ctrl|auto_cnt[21] ; lyric_controller:u_lyric_ctrl|auto_cnt[21]                                                                                            ; CLOCK_50     ; CLOCK_50    ; 0.000        ; 0.000      ; 0.520      ;
; 0.370 ; vga_sync:u_vga_sync|h_count[4]             ; vga_sync:u_vga_sync|h_count[4]                                                                                                        ; CLOCK_50     ; CLOCK_50    ; 0.000        ; 0.000      ; 0.522      ;
; 0.372 ; lyric_controller:u_lyric_ctrl|auto_cnt[6]  ; lyric_controller:u_lyric_ctrl|auto_cnt[6]                                                                                             ; CLOCK_50     ; CLOCK_50    ; 0.000        ; 0.000      ; 0.524      ;
; 0.373 ; lyric_controller:u_lyric_ctrl|auto_cnt[22] ; lyric_controller:u_lyric_ctrl|auto_cnt[22]                                                                                            ; CLOCK_50     ; CLOCK_50    ; 0.000        ; 0.000      ; 0.525      ;
; 0.374 ; lyric_controller:u_lyric_ctrl|auto_cnt[8]  ; lyric_controller:u_lyric_ctrl|auto_cnt[8]                                                                                             ; CLOCK_50     ; CLOCK_50    ; 0.000        ; 0.000      ; 0.526      ;
; 0.374 ; lyric_controller:u_lyric_ctrl|auto_cnt[10] ; lyric_controller:u_lyric_ctrl|auto_cnt[10]                                                                                            ; CLOCK_50     ; CLOCK_50    ; 0.000        ; 0.000      ; 0.526      ;
; 0.374 ; lyric_controller:u_lyric_ctrl|auto_cnt[24] ; lyric_controller:u_lyric_ctrl|auto_cnt[24]                                                                                            ; CLOCK_50     ; CLOCK_50    ; 0.000        ; 0.000      ; 0.526      ;
; 0.374 ; lyric_controller:u_lyric_ctrl|auto_cnt[26] ; lyric_controller:u_lyric_ctrl|auto_cnt[26]                                                                                            ; CLOCK_50     ; CLOCK_50    ; 0.000        ; 0.000      ; 0.526      ;
; 0.375 ; vga_sync:u_vga_sync|h_count[0]             ; vga_sync:u_vga_sync|h_count[0]                                                                                                        ; CLOCK_50     ; CLOCK_50    ; 0.000        ; 0.000      ; 0.527      ;
; 0.375 ; vga_sync:u_vga_sync|v_count[8]             ; vga_sync:u_vga_sync|v_count[8]                                                                                                        ; CLOCK_50     ; CLOCK_50    ; 0.000        ; 0.000      ; 0.527      ;
; 0.377 ; vga_sync:u_vga_sync|h_count[7]             ; vga_sync:u_vga_sync|h_count[7]                                                                                                        ; CLOCK_50     ; CLOCK_50    ; 0.000        ; 0.000      ; 0.529      ;
; 0.377 ; vga_sync:u_vga_sync|v_count[5]             ; vga_sync:u_vga_sync|v_count[5]                                                                                                        ; CLOCK_50     ; CLOCK_50    ; 0.000        ; 0.000      ; 0.529      ;
; 0.377 ; lyric_controller:u_lyric_ctrl|auto_cnt[17] ; lyric_controller:u_lyric_ctrl|auto_cnt[17]                                                                                            ; CLOCK_50     ; CLOCK_50    ; 0.000        ; 0.000      ; 0.529      ;
; 0.378 ; vga_sync:u_vga_sync|h_count[2]             ; vga_sync:u_vga_sync|h_count[2]                                                                                                        ; CLOCK_50     ; CLOCK_50    ; 0.000        ; 0.000      ; 0.530      ;
; 0.378 ; vga_sync:u_vga_sync|h_count[3]             ; vga_sync:u_vga_sync|h_count[3]                                                                                                        ; CLOCK_50     ; CLOCK_50    ; 0.000        ; 0.000      ; 0.530      ;
; 0.378 ; vga_sync:u_vga_sync|v_count[6]             ; vga_sync:u_vga_sync|v_count[6]                                                                                                        ; CLOCK_50     ; CLOCK_50    ; 0.000        ; 0.000      ; 0.530      ;
; 0.378 ; lyric_controller:u_lyric_ctrl|auto_cnt[1]  ; lyric_controller:u_lyric_ctrl|auto_cnt[1]                                                                                             ; CLOCK_50     ; CLOCK_50    ; 0.000        ; 0.000      ; 0.530      ;
; 0.378 ; lyric_controller:u_lyric_ctrl|auto_cnt[3]  ; lyric_controller:u_lyric_ctrl|auto_cnt[3]                                                                                             ; CLOCK_50     ; CLOCK_50    ; 0.000        ; 0.000      ; 0.530      ;
; 0.378 ; lyric_controller:u_lyric_ctrl|auto_cnt[19] ; lyric_controller:u_lyric_ctrl|auto_cnt[19]                                                                                            ; CLOCK_50     ; CLOCK_50    ; 0.000        ; 0.000      ; 0.530      ;
; 0.378 ; lyric_controller:u_lyric_ctrl|auto_cnt[20] ; lyric_controller:u_lyric_ctrl|auto_cnt[20]                                                                                            ; CLOCK_50     ; CLOCK_50    ; 0.000        ; 0.000      ; 0.530      ;
; 0.378 ; lyric_controller:u_lyric_ctrl|auto_cnt[4]  ; lyric_controller:u_lyric_ctrl|auto_cnt[4]                                                                                             ; CLOCK_50     ; CLOCK_50    ; 0.000        ; 0.000      ; 0.530      ;
; 0.404 ; text_renderer:u_text_renderer|in_lyric_d1  ; text_renderer:u_text_renderer|in_lyric_d2                                                                                             ; CLOCK_50     ; CLOCK_50    ; 0.000        ; 0.000      ; 0.556      ;
; 0.420 ; text_renderer:u_text_renderer|font_y_d1[2] ; text_renderer:u_text_renderer|font_rom:u_font_rom|altsyncram:rom_rtl_0|altsyncram_dm71:auto_generated|ram_block1a5~porta_address_reg2 ; CLOCK_50     ; CLOCK_50    ; 0.000        ; 0.063      ; 0.621      ;
; 0.423 ; text_renderer:u_text_renderer|font_y_d1[3] ; text_renderer:u_text_renderer|font_rom:u_font_rom|altsyncram:rom_rtl_0|altsyncram_dm71:auto_generated|ram_block1a5~porta_address_reg3 ; CLOCK_50     ; CLOCK_50    ; 0.000        ; 0.063      ; 0.624      ;
; 0.424 ; text_renderer:u_text_renderer|font_y_d1[0] ; text_renderer:u_text_renderer|font_rom:u_font_rom|altsyncram:rom_rtl_0|altsyncram_dm71:auto_generated|ram_block1a5~porta_address_reg0 ; CLOCK_50     ; CLOCK_50    ; 0.000        ; 0.063      ; 0.625      ;
; 0.426 ; vga_sync:u_vga_sync|v_count[2]             ; vga_sync:u_vga_sync|v_count[2]                                                                                                        ; CLOCK_50     ; CLOCK_50    ; 0.000        ; 0.000      ; 0.578      ;
; 0.427 ; vga_sync:u_vga_sync|v_count[2]             ; vga_sync:u_vga_sync|v_count[3]                                                                                                        ; CLOCK_50     ; CLOCK_50    ; 0.000        ; 0.000      ; 0.579      ;
; 0.427 ; vga_sync:u_vga_sync|v_count[2]             ; vga_sync:u_vga_sync|v_count[0]                                                                                                        ; CLOCK_50     ; CLOCK_50    ; 0.000        ; 0.000      ; 0.579      ;
; 0.439 ; text_renderer:u_text_renderer|font_y_d1[1] ; text_renderer:u_text_renderer|font_rom:u_font_rom|altsyncram:rom_rtl_0|altsyncram_dm71:auto_generated|ram_block1a1~porta_address_reg1 ; CLOCK_50     ; CLOCK_50    ; 0.000        ; 0.055      ; 0.632      ;
; 0.439 ; text_renderer:u_text_renderer|font_y_d1[1] ; text_renderer:u_text_renderer|font_rom:u_font_rom|altsyncram:rom_rtl_0|altsyncram_dm71:auto_generated|ram_block1a4~porta_address_reg1 ; CLOCK_50     ; CLOCK_50    ; 0.000        ; 0.064      ; 0.641      ;
; 0.439 ; text_renderer:u_text_renderer|font_y_d1[0] ; text_renderer:u_text_renderer|font_rom:u_font_rom|altsyncram:rom_rtl_0|altsyncram_dm71:auto_generated|ram_block1a4~porta_address_reg0 ; CLOCK_50     ; CLOCK_50    ; 0.000        ; 0.064      ; 0.641      ;
; 0.440 ; text_renderer:u_text_renderer|font_y_d1[3] ; text_renderer:u_text_renderer|font_rom:u_font_rom|altsyncram:rom_rtl_0|altsyncram_dm71:auto_generated|ram_block1a1~porta_address_reg3 ; CLOCK_50     ; CLOCK_50    ; 0.000        ; 0.055      ; 0.633      ;
; 0.440 ; text_renderer:u_text_renderer|font_y_d1[0] ; text_renderer:u_text_renderer|font_rom:u_font_rom|altsyncram:rom_rtl_0|altsyncram_dm71:auto_generated|ram_block1a1~porta_address_reg0 ; CLOCK_50     ; CLOCK_50    ; 0.000        ; 0.055      ; 0.633      ;
; 0.440 ; text_renderer:u_text_renderer|font_y_d1[3] ; text_renderer:u_text_renderer|font_rom:u_font_rom|altsyncram:rom_rtl_0|altsyncram_dm71:auto_generated|ram_block1a4~porta_address_reg3 ; CLOCK_50     ; CLOCK_50    ; 0.000        ; 0.064      ; 0.642      ;
; 0.442 ; text_renderer:u_text_renderer|font_y_d1[2] ; text_renderer:u_text_renderer|font_rom:u_font_rom|altsyncram:rom_rtl_0|altsyncram_dm71:auto_generated|ram_block1a1~porta_address_reg2 ; CLOCK_50     ; CLOCK_50    ; 0.000        ; 0.055      ; 0.635      ;
; 0.442 ; text_renderer:u_text_renderer|font_y_d1[2] ; text_renderer:u_text_renderer|font_rom:u_font_rom|altsyncram:rom_rtl_0|altsyncram_dm71:auto_generated|ram_block1a4~porta_address_reg2 ; CLOCK_50     ; CLOCK_50    ; 0.000        ; 0.064      ; 0.644      ;
; 0.451 ; vga_sync:u_vga_sync|v_count[0]             ; text_renderer:u_text_renderer|font_y_d1[0]                                                                                            ; CLOCK_50     ; CLOCK_50    ; 0.000        ; 0.002      ; 0.605      ;
; 0.462 ; vga_sync:u_vga_sync|v_count[2]             ; text_renderer:u_text_renderer|font_y_d1[2]                                                                                            ; CLOCK_50     ; CLOCK_50    ; 0.000        ; 0.002      ; 0.616      ;
; 0.469 ; vga_sync:u_vga_sync|v_count[3]             ; text_renderer:u_text_renderer|font_y_d1[3]                                                                                            ; CLOCK_50     ; CLOCK_50    ; 0.000        ; 0.002      ; 0.623      ;
; 0.474 ; vga_sync:u_vga_sync|v_count[1]             ; text_renderer:u_text_renderer|font_y_d1[1]                                                                                            ; CLOCK_50     ; CLOCK_50    ; 0.000        ; 0.002      ; 0.628      ;
; 0.476 ; vga_sync:u_vga_sync|v_count[4]             ; text_renderer:u_text_renderer|in_lyric_d1                                                                                             ; CLOCK_50     ; CLOCK_50    ; 0.000        ; 0.002      ; 0.630      ;
; 0.479 ; lyric_controller:u_lyric_ctrl|line_reg[1]  ; lyric_controller:u_lyric_ctrl|line_reg[4]                                                                                             ; CLOCK_50     ; CLOCK_50    ; 0.000        ; 0.000      ; 0.631      ;
; 0.481 ; lyric_controller:u_lyric_ctrl|line_reg[1]  ; lyric_controller:u_lyric_ctrl|line_reg[3]                                                                                             ; CLOCK_50     ; CLOCK_50    ; 0.000        ; 0.000      ; 0.633      ;
; 0.482 ; lyric_controller:u_lyric_ctrl|line_reg[1]  ; lyric_controller:u_lyric_ctrl|line_reg[2]                                                                                             ; CLOCK_50     ; CLOCK_50    ; 0.000        ; 0.000      ; 0.634      ;
; 0.496 ; lyric_controller:u_lyric_ctrl|auto_cnt[14] ; lyric_controller:u_lyric_ctrl|auto_cnt[15]                                                                                            ; CLOCK_50     ; CLOCK_50    ; 0.000        ; 0.000      ; 0.648      ;
; 0.498 ; lyric_controller:u_lyric_ctrl|auto_cnt[7]  ; lyric_controller:u_lyric_ctrl|auto_cnt[8]                                                                                             ; CLOCK_50     ; CLOCK_50    ; 0.000        ; 0.000      ; 0.650      ;
; 0.498 ; lyric_controller:u_lyric_ctrl|auto_cnt[9]  ; lyric_controller:u_lyric_ctrl|auto_cnt[10]                                                                                            ; CLOCK_50     ; CLOCK_50    ; 0.000        ; 0.000      ; 0.650      ;
; 0.499 ; lyric_controller:u_lyric_ctrl|auto_cnt[11] ; lyric_controller:u_lyric_ctrl|auto_cnt[12]                                                                                            ; CLOCK_50     ; CLOCK_50    ; 0.000        ; 0.000      ; 0.651      ;
; 0.499 ; lyric_controller:u_lyric_ctrl|auto_cnt[12] ; lyric_controller:u_lyric_ctrl|auto_cnt[13]                                                                                            ; CLOCK_50     ; CLOCK_50    ; 0.000        ; 0.000      ; 0.651      ;
; 0.499 ; lyric_controller:u_lyric_ctrl|auto_cnt[15] ; lyric_controller:u_lyric_ctrl|auto_cnt[16]                                                                                            ; CLOCK_50     ; CLOCK_50    ; 0.000        ; 0.000      ; 0.651      ;
; 0.500 ; lyric_controller:u_lyric_ctrl|auto_cnt[23] ; lyric_controller:u_lyric_ctrl|auto_cnt[24]                                                                                            ; CLOCK_50     ; CLOCK_50    ; 0.000        ; 0.000      ; 0.652      ;
; 0.500 ; vga_sync:u_vga_sync|h_count[6]             ; vga_sync:u_vga_sync|h_count[7]                                                                                                        ; CLOCK_50     ; CLOCK_50    ; 0.000        ; 0.000      ; 0.652      ;
; 0.501 ; lyric_controller:u_lyric_ctrl|auto_cnt[25] ; lyric_controller:u_lyric_ctrl|auto_cnt[26]                                                                                            ; CLOCK_50     ; CLOCK_50    ; 0.000        ; 0.000      ; 0.653      ;
; 0.501 ; vga_sync:u_vga_sync|v_count[4]             ; vga_sync:u_vga_sync|v_count[5]                                                                                                        ; CLOCK_50     ; CLOCK_50    ; 0.000        ; 0.000      ; 0.653      ;
; 0.503 ; vga_sync:u_vga_sync|h_count[1]             ; vga_sync:u_vga_sync|h_count[2]                                                                                                        ; CLOCK_50     ; CLOCK_50    ; 0.000        ; 0.000      ; 0.655      ;
; 0.504 ; vga_sync:u_vga_sync|v_count[3]             ; vga_sync:u_vga_sync|v_count[4]                                                                                                        ; CLOCK_50     ; CLOCK_50    ; 0.000        ; 0.000      ; 0.656      ;
; 0.505 ; lyric_controller:u_lyric_ctrl|auto_cnt[16] ; lyric_controller:u_lyric_ctrl|auto_cnt[17]                                                                                            ; CLOCK_50     ; CLOCK_50    ; 0.000        ; 0.000      ; 0.657      ;
; 0.505 ; lyric_controller:u_lyric_ctrl|auto_cnt[18] ; lyric_controller:u_lyric_ctrl|auto_cnt[19]                                                                                            ; CLOCK_50     ; CLOCK_50    ; 0.000        ; 0.000      ; 0.657      ;
; 0.506 ; lyric_controller:u_lyric_ctrl|auto_cnt[0]  ; lyric_controller:u_lyric_ctrl|auto_cnt[1]                                                                                             ; CLOCK_50     ; CLOCK_50    ; 0.000        ; 0.000      ; 0.658      ;
; 0.506 ; lyric_controller:u_lyric_ctrl|auto_cnt[2]  ; lyric_controller:u_lyric_ctrl|auto_cnt[3]                                                                                             ; CLOCK_50     ; CLOCK_50    ; 0.000        ; 0.000      ; 0.658      ;
; 0.512 ; lyric_controller:u_lyric_ctrl|auto_cnt[6]  ; lyric_controller:u_lyric_ctrl|auto_cnt[7]                                                                                             ; CLOCK_50     ; CLOCK_50    ; 0.000        ; 0.000      ; 0.664      ;
; 0.513 ; vga_sync:u_vga_sync|pixel_q                ; vga_sync:u_vga_sync|h_count[8]                                                                                                        ; CLOCK_50     ; CLOCK_50    ; 0.000        ; 0.000      ; 0.665      ;
; 0.513 ; vga_sync:u_vga_sync|pixel_q                ; vga_sync:u_vga_sync|h_count[9]                                                                                                        ; CLOCK_50     ; CLOCK_50    ; 0.000        ; 0.000      ; 0.665      ;
; 0.513 ; lyric_controller:u_lyric_ctrl|auto_cnt[22] ; lyric_controller:u_lyric_ctrl|auto_cnt[23]                                                                                            ; CLOCK_50     ; CLOCK_50    ; 0.000        ; 0.000      ; 0.665      ;
; 0.514 ; lyric_controller:u_lyric_ctrl|auto_cnt[26] ; lyric_controller:u_lyric_ctrl|auto_cnt[27]                                                                                            ; CLOCK_50     ; CLOCK_50    ; 0.000        ; 0.000      ; 0.666      ;
; 0.514 ; lyric_controller:u_lyric_ctrl|auto_cnt[8]  ; lyric_controller:u_lyric_ctrl|auto_cnt[9]                                                                                             ; CLOCK_50     ; CLOCK_50    ; 0.000        ; 0.000      ; 0.666      ;
; 0.514 ; lyric_controller:u_lyric_ctrl|auto_cnt[10] ; lyric_controller:u_lyric_ctrl|auto_cnt[11]                                                                                            ; CLOCK_50     ; CLOCK_50    ; 0.000        ; 0.000      ; 0.666      ;
; 0.514 ; lyric_controller:u_lyric_ctrl|auto_cnt[24] ; lyric_controller:u_lyric_ctrl|auto_cnt[25]                                                                                            ; CLOCK_50     ; CLOCK_50    ; 0.000        ; 0.000      ; 0.666      ;
; 0.515 ; vga_sync:u_vga_sync|h_count[0]             ; vga_sync:u_vga_sync|h_count[1]                                                                                                        ; CLOCK_50     ; CLOCK_50    ; 0.000        ; 0.000      ; 0.667      ;
; 0.517 ; vga_sync:u_vga_sync|v_count[0]             ; vga_sync:u_vga_sync|v_count[1]                                                                                                        ; CLOCK_50     ; CLOCK_50    ; 0.000        ; 0.000      ; 0.669      ;
+-------+--------------------------------------------+---------------------------------------------------------------------------------------------------------------------------------------+--------------+-------------+--------------+------------+------------+


+------------------------------------------------------------------------------------------------------------------------------------------------------------------------------------------------------------------------------+
; Fast Model Minimum Pulse Width: 'CLOCK_50'                                                                                                                                                                                   ;
+--------+--------------+----------------+------------------+----------+------------+------------------------------------------------------------------------------------------------------------------------------------------+
; Slack  ; Actual Width ; Required Width ; Type             ; Clock    ; Clock Edge ; Target                                                                                                                                   ;
+--------+--------------+----------------+------------------+----------+------------+------------------------------------------------------------------------------------------------------------------------------------------+
; -1.423 ; 0.500        ; 1.923          ; High Pulse Width ; CLOCK_50 ; Rise       ; text_renderer:u_text_renderer|font_rom:u_font_rom|altsyncram:rom_rtl_0|altsyncram_dm71:auto_generated|ram_block1a0~porta_address_reg0    ;
; -1.423 ; 0.500        ; 1.923          ; Low Pulse Width  ; CLOCK_50 ; Rise       ; text_renderer:u_text_renderer|font_rom:u_font_rom|altsyncram:rom_rtl_0|altsyncram_dm71:auto_generated|ram_block1a0~porta_address_reg0    ;
; -1.423 ; 0.500        ; 1.923          ; High Pulse Width ; CLOCK_50 ; Rise       ; text_renderer:u_text_renderer|font_rom:u_font_rom|altsyncram:rom_rtl_0|altsyncram_dm71:auto_generated|ram_block1a0~porta_address_reg1    ;
; -1.423 ; 0.500        ; 1.923          ; Low Pulse Width  ; CLOCK_50 ; Rise       ; text_renderer:u_text_renderer|font_rom:u_font_rom|altsyncram:rom_rtl_0|altsyncram_dm71:auto_generated|ram_block1a0~porta_address_reg1    ;
; -1.423 ; 0.500        ; 1.923          ; High Pulse Width ; CLOCK_50 ; Rise       ; text_renderer:u_text_renderer|font_rom:u_font_rom|altsyncram:rom_rtl_0|altsyncram_dm71:auto_generated|ram_block1a0~porta_address_reg10   ;
; -1.423 ; 0.500        ; 1.923          ; Low Pulse Width  ; CLOCK_50 ; Rise       ; text_renderer:u_text_renderer|font_rom:u_font_rom|altsyncram:rom_rtl_0|altsyncram_dm71:auto_generated|ram_block1a0~porta_address_reg10   ;
; -1.423 ; 0.500        ; 1.923          ; High Pulse Width ; CLOCK_50 ; Rise       ; text_renderer:u_text_renderer|font_rom:u_font_rom|altsyncram:rom_rtl_0|altsyncram_dm71:auto_generated|ram_block1a0~porta_address_reg2    ;
; -1.423 ; 0.500        ; 1.923          ; Low Pulse Width  ; CLOCK_50 ; Rise       ; text_renderer:u_text_renderer|font_rom:u_font_rom|altsyncram:rom_rtl_0|altsyncram_dm71:auto_generated|ram_block1a0~porta_address_reg2    ;
; -1.423 ; 0.500        ; 1.923          ; High Pulse Width ; CLOCK_50 ; Rise       ; text_renderer:u_text_renderer|font_rom:u_font_rom|altsyncram:rom_rtl_0|altsyncram_dm71:auto_generated|ram_block1a0~porta_address_reg3    ;
; -1.423 ; 0.500        ; 1.923          ; Low Pulse Width  ; CLOCK_50 ; Rise       ; text_renderer:u_text_renderer|font_rom:u_font_rom|altsyncram:rom_rtl_0|altsyncram_dm71:auto_generated|ram_block1a0~porta_address_reg3    ;
; -1.423 ; 0.500        ; 1.923          ; High Pulse Width ; CLOCK_50 ; Rise       ; text_renderer:u_text_renderer|font_rom:u_font_rom|altsyncram:rom_rtl_0|altsyncram_dm71:auto_generated|ram_block1a0~porta_address_reg4    ;
; -1.423 ; 0.500        ; 1.923          ; Low Pulse Width  ; CLOCK_50 ; Rise       ; text_renderer:u_text_renderer|font_rom:u_font_rom|altsyncram:rom_rtl_0|altsyncram_dm71:auto_generated|ram_block1a0~porta_address_reg4    ;
; -1.423 ; 0.500        ; 1.923          ; High Pulse Width ; CLOCK_50 ; Rise       ; text_renderer:u_text_renderer|font_rom:u_font_rom|altsyncram:rom_rtl_0|altsyncram_dm71:auto_generated|ram_block1a0~porta_address_reg5    ;
; -1.423 ; 0.500        ; 1.923          ; Low Pulse Width  ; CLOCK_50 ; Rise       ; text_renderer:u_text_renderer|font_rom:u_font_rom|altsyncram:rom_rtl_0|altsyncram_dm71:auto_generated|ram_block1a0~porta_address_reg5    ;
; -1.423 ; 0.500        ; 1.923          ; High Pulse Width ; CLOCK_50 ; Rise       ; text_renderer:u_text_renderer|font_rom:u_font_rom|altsyncram:rom_rtl_0|altsyncram_dm71:auto_generated|ram_block1a0~porta_address_reg6    ;
; -1.423 ; 0.500        ; 1.923          ; Low Pulse Width  ; CLOCK_50 ; Rise       ; text_renderer:u_text_renderer|font_rom:u_font_rom|altsyncram:rom_rtl_0|altsyncram_dm71:auto_generated|ram_block1a0~porta_address_reg6    ;
; -1.423 ; 0.500        ; 1.923          ; High Pulse Width ; CLOCK_50 ; Rise       ; text_renderer:u_text_renderer|font_rom:u_font_rom|altsyncram:rom_rtl_0|altsyncram_dm71:auto_generated|ram_block1a0~porta_address_reg7    ;
; -1.423 ; 0.500        ; 1.923          ; Low Pulse Width  ; CLOCK_50 ; Rise       ; text_renderer:u_text_renderer|font_rom:u_font_rom|altsyncram:rom_rtl_0|altsyncram_dm71:auto_generated|ram_block1a0~porta_address_reg7    ;
; -1.423 ; 0.500        ; 1.923          ; High Pulse Width ; CLOCK_50 ; Rise       ; text_renderer:u_text_renderer|font_rom:u_font_rom|altsyncram:rom_rtl_0|altsyncram_dm71:auto_generated|ram_block1a0~porta_address_reg8    ;
; -1.423 ; 0.500        ; 1.923          ; Low Pulse Width  ; CLOCK_50 ; Rise       ; text_renderer:u_text_renderer|font_rom:u_font_rom|altsyncram:rom_rtl_0|altsyncram_dm71:auto_generated|ram_block1a0~porta_address_reg8    ;
; -1.423 ; 0.500        ; 1.923          ; High Pulse Width ; CLOCK_50 ; Rise       ; text_renderer:u_text_renderer|font_rom:u_font_rom|altsyncram:rom_rtl_0|altsyncram_dm71:auto_generated|ram_block1a0~porta_address_reg9    ;
; -1.423 ; 0.500        ; 1.923          ; Low Pulse Width  ; CLOCK_50 ; Rise       ; text_renderer:u_text_renderer|font_rom:u_font_rom|altsyncram:rom_rtl_0|altsyncram_dm71:auto_generated|ram_block1a0~porta_address_reg9    ;
; -1.423 ; 0.500        ; 1.923          ; High Pulse Width ; CLOCK_50 ; Rise       ; text_renderer:u_text_renderer|font_rom:u_font_rom|altsyncram:rom_rtl_0|altsyncram_dm71:auto_generated|ram_block1a1~porta_address_reg0    ;
; -1.423 ; 0.500        ; 1.923          ; Low Pulse Width  ; CLOCK_50 ; Rise       ; text_renderer:u_text_renderer|font_rom:u_font_rom|altsyncram:rom_rtl_0|altsyncram_dm71:auto_generated|ram_block1a1~porta_address_reg0    ;
; -1.423 ; 0.500        ; 1.923          ; High Pulse Width ; CLOCK_50 ; Rise       ; text_renderer:u_text_renderer|font_rom:u_font_rom|altsyncram:rom_rtl_0|altsyncram_dm71:auto_generated|ram_block1a1~porta_address_reg1    ;
; -1.423 ; 0.500        ; 1.923          ; Low Pulse Width  ; CLOCK_50 ; Rise       ; text_renderer:u_text_renderer|font_rom:u_font_rom|altsyncram:rom_rtl_0|altsyncram_dm71:auto_generated|ram_block1a1~porta_address_reg1    ;
; -1.423 ; 0.500        ; 1.923          ; High Pulse Width ; CLOCK_50 ; Rise       ; text_renderer:u_text_renderer|font_rom:u_font_rom|altsyncram:rom_rtl_0|altsyncram_dm71:auto_generated|ram_block1a1~porta_address_reg10   ;
; -1.423 ; 0.500        ; 1.923          ; Low Pulse Width  ; CLOCK_50 ; Rise       ; text_renderer:u_text_renderer|font_rom:u_font_rom|altsyncram:rom_rtl_0|altsyncram_dm71:auto_generated|ram_block1a1~porta_address_reg10   ;
; -1.423 ; 0.500        ; 1.923          ; High Pulse Width ; CLOCK_50 ; Rise       ; text_renderer:u_text_renderer|font_rom:u_font_rom|altsyncram:rom_rtl_0|altsyncram_dm71:auto_generated|ram_block1a1~porta_address_reg2    ;
; -1.423 ; 0.500        ; 1.923          ; Low Pulse Width  ; CLOCK_50 ; Rise       ; text_renderer:u_text_renderer|font_rom:u_font_rom|altsyncram:rom_rtl_0|altsyncram_dm71:auto_generated|ram_block1a1~porta_address_reg2    ;
; -1.423 ; 0.500        ; 1.923          ; High Pulse Width ; CLOCK_50 ; Rise       ; text_renderer:u_text_renderer|font_rom:u_font_rom|altsyncram:rom_rtl_0|altsyncram_dm71:auto_generated|ram_block1a1~porta_address_reg3    ;
; -1.423 ; 0.500        ; 1.923          ; Low Pulse Width  ; CLOCK_50 ; Rise       ; text_renderer:u_text_renderer|font_rom:u_font_rom|altsyncram:rom_rtl_0|altsyncram_dm71:auto_generated|ram_block1a1~porta_address_reg3    ;
; -1.423 ; 0.500        ; 1.923          ; High Pulse Width ; CLOCK_50 ; Rise       ; text_renderer:u_text_renderer|font_rom:u_font_rom|altsyncram:rom_rtl_0|altsyncram_dm71:auto_generated|ram_block1a1~porta_address_reg4    ;
; -1.423 ; 0.500        ; 1.923          ; Low Pulse Width  ; CLOCK_50 ; Rise       ; text_renderer:u_text_renderer|font_rom:u_font_rom|altsyncram:rom_rtl_0|altsyncram_dm71:auto_generated|ram_block1a1~porta_address_reg4    ;
; -1.423 ; 0.500        ; 1.923          ; High Pulse Width ; CLOCK_50 ; Rise       ; text_renderer:u_text_renderer|font_rom:u_font_rom|altsyncram:rom_rtl_0|altsyncram_dm71:auto_generated|ram_block1a1~porta_address_reg5    ;
; -1.423 ; 0.500        ; 1.923          ; Low Pulse Width  ; CLOCK_50 ; Rise       ; text_renderer:u_text_renderer|font_rom:u_font_rom|altsyncram:rom_rtl_0|altsyncram_dm71:auto_generated|ram_block1a1~porta_address_reg5    ;
; -1.423 ; 0.500        ; 1.923          ; High Pulse Width ; CLOCK_50 ; Rise       ; text_renderer:u_text_renderer|font_rom:u_font_rom|altsyncram:rom_rtl_0|altsyncram_dm71:auto_generated|ram_block1a1~porta_address_reg6    ;
; -1.423 ; 0.500        ; 1.923          ; Low Pulse Width  ; CLOCK_50 ; Rise       ; text_renderer:u_text_renderer|font_rom:u_font_rom|altsyncram:rom_rtl_0|altsyncram_dm71:auto_generated|ram_block1a1~porta_address_reg6    ;
; -1.423 ; 0.500        ; 1.923          ; High Pulse Width ; CLOCK_50 ; Rise       ; text_renderer:u_text_renderer|font_rom:u_font_rom|altsyncram:rom_rtl_0|altsyncram_dm71:auto_generated|ram_block1a1~porta_address_reg7    ;
; -1.423 ; 0.500        ; 1.923          ; Low Pulse Width  ; CLOCK_50 ; Rise       ; text_renderer:u_text_renderer|font_rom:u_font_rom|altsyncram:rom_rtl_0|altsyncram_dm71:auto_generated|ram_block1a1~porta_address_reg7    ;
; -1.423 ; 0.500        ; 1.923          ; High Pulse Width ; CLOCK_50 ; Rise       ; text_renderer:u_text_renderer|font_rom:u_font_rom|altsyncram:rom_rtl_0|altsyncram_dm71:auto_generated|ram_block1a1~porta_address_reg8    ;
; -1.423 ; 0.500        ; 1.923          ; Low Pulse Width  ; CLOCK_50 ; Rise       ; text_renderer:u_text_renderer|font_rom:u_font_rom|altsyncram:rom_rtl_0|altsyncram_dm71:auto_generated|ram_block1a1~porta_address_reg8    ;
; -1.423 ; 0.500        ; 1.923          ; High Pulse Width ; CLOCK_50 ; Rise       ; text_renderer:u_text_renderer|font_rom:u_font_rom|altsyncram:rom_rtl_0|altsyncram_dm71:auto_generated|ram_block1a1~porta_address_reg9    ;
; -1.423 ; 0.500        ; 1.923          ; Low Pulse Width  ; CLOCK_50 ; Rise       ; text_renderer:u_text_renderer|font_rom:u_font_rom|altsyncram:rom_rtl_0|altsyncram_dm71:auto_generated|ram_block1a1~porta_address_reg9    ;
; -1.423 ; 0.500        ; 1.923          ; High Pulse Width ; CLOCK_50 ; Rise       ; text_renderer:u_text_renderer|font_rom:u_font_rom|altsyncram:rom_rtl_0|altsyncram_dm71:auto_generated|ram_block1a4~porta_address_reg0    ;
; -1.423 ; 0.500        ; 1.923          ; Low Pulse Width  ; CLOCK_50 ; Rise       ; text_renderer:u_text_renderer|font_rom:u_font_rom|altsyncram:rom_rtl_0|altsyncram_dm71:auto_generated|ram_block1a4~porta_address_reg0    ;
; -1.423 ; 0.500        ; 1.923          ; High Pulse Width ; CLOCK_50 ; Rise       ; text_renderer:u_text_renderer|font_rom:u_font_rom|altsyncram:rom_rtl_0|altsyncram_dm71:auto_generated|ram_block1a4~porta_address_reg1    ;
; -1.423 ; 0.500        ; 1.923          ; Low Pulse Width  ; CLOCK_50 ; Rise       ; text_renderer:u_text_renderer|font_rom:u_font_rom|altsyncram:rom_rtl_0|altsyncram_dm71:auto_generated|ram_block1a4~porta_address_reg1    ;
; -1.423 ; 0.500        ; 1.923          ; High Pulse Width ; CLOCK_50 ; Rise       ; text_renderer:u_text_renderer|font_rom:u_font_rom|altsyncram:rom_rtl_0|altsyncram_dm71:auto_generated|ram_block1a4~porta_address_reg10   ;
; -1.423 ; 0.500        ; 1.923          ; Low Pulse Width  ; CLOCK_50 ; Rise       ; text_renderer:u_text_renderer|font_rom:u_font_rom|altsyncram:rom_rtl_0|altsyncram_dm71:auto_generated|ram_block1a4~porta_address_reg10   ;
; -1.423 ; 0.500        ; 1.923          ; High Pulse Width ; CLOCK_50 ; Rise       ; text_renderer:u_text_renderer|font_rom:u_font_rom|altsyncram:rom_rtl_0|altsyncram_dm71:auto_generated|ram_block1a4~porta_address_reg2    ;
; -1.423 ; 0.500        ; 1.923          ; Low Pulse Width  ; CLOCK_50 ; Rise       ; text_renderer:u_text_renderer|font_rom:u_font_rom|altsyncram:rom_rtl_0|altsyncram_dm71:auto_generated|ram_block1a4~porta_address_reg2    ;
; -1.423 ; 0.500        ; 1.923          ; High Pulse Width ; CLOCK_50 ; Rise       ; text_renderer:u_text_renderer|font_rom:u_font_rom|altsyncram:rom_rtl_0|altsyncram_dm71:auto_generated|ram_block1a4~porta_address_reg3    ;
; -1.423 ; 0.500        ; 1.923          ; Low Pulse Width  ; CLOCK_50 ; Rise       ; text_renderer:u_text_renderer|font_rom:u_font_rom|altsyncram:rom_rtl_0|altsyncram_dm71:auto_generated|ram_block1a4~porta_address_reg3    ;
; -1.423 ; 0.500        ; 1.923          ; High Pulse Width ; CLOCK_50 ; Rise       ; text_renderer:u_text_renderer|font_rom:u_font_rom|altsyncram:rom_rtl_0|altsyncram_dm71:auto_generated|ram_block1a4~porta_address_reg4    ;
; -1.423 ; 0.500        ; 1.923          ; Low Pulse Width  ; CLOCK_50 ; Rise       ; text_renderer:u_text_renderer|font_rom:u_font_rom|altsyncram:rom_rtl_0|altsyncram_dm71:auto_generated|ram_block1a4~porta_address_reg4    ;
; -1.423 ; 0.500        ; 1.923          ; High Pulse Width ; CLOCK_50 ; Rise       ; text_renderer:u_text_renderer|font_rom:u_font_rom|altsyncram:rom_rtl_0|altsyncram_dm71:auto_generated|ram_block1a4~porta_address_reg5    ;
; -1.423 ; 0.500        ; 1.923          ; Low Pulse Width  ; CLOCK_50 ; Rise       ; text_renderer:u_text_renderer|font_rom:u_font_rom|altsyncram:rom_rtl_0|altsyncram_dm71:auto_generated|ram_block1a4~porta_address_reg5    ;
; -1.423 ; 0.500        ; 1.923          ; High Pulse Width ; CLOCK_50 ; Rise       ; text_renderer:u_text_renderer|font_rom:u_font_rom|altsyncram:rom_rtl_0|altsyncram_dm71:auto_generated|ram_block1a4~porta_address_reg6    ;
; -1.423 ; 0.500        ; 1.923          ; Low Pulse Width  ; CLOCK_50 ; Rise       ; text_renderer:u_text_renderer|font_rom:u_font_rom|altsyncram:rom_rtl_0|altsyncram_dm71:auto_generated|ram_block1a4~porta_address_reg6    ;
; -1.423 ; 0.500        ; 1.923          ; High Pulse Width ; CLOCK_50 ; Rise       ; text_renderer:u_text_renderer|font_rom:u_font_rom|altsyncram:rom_rtl_0|altsyncram_dm71:auto_generated|ram_block1a4~porta_address_reg7    ;
; -1.423 ; 0.500        ; 1.923          ; Low Pulse Width  ; CLOCK_50 ; Rise       ; text_renderer:u_text_renderer|font_rom:u_font_rom|altsyncram:rom_rtl_0|altsyncram_dm71:auto_generated|ram_block1a4~porta_address_reg7    ;
; -1.423 ; 0.500        ; 1.923          ; High Pulse Width ; CLOCK_50 ; Rise       ; text_renderer:u_text_renderer|font_rom:u_font_rom|altsyncram:rom_rtl_0|altsyncram_dm71:auto_generated|ram_block1a4~porta_address_reg8    ;
; -1.423 ; 0.500        ; 1.923          ; Low Pulse Width  ; CLOCK_50 ; Rise       ; text_renderer:u_text_renderer|font_rom:u_font_rom|altsyncram:rom_rtl_0|altsyncram_dm71:auto_generated|ram_block1a4~porta_address_reg8    ;
; -1.423 ; 0.500        ; 1.923          ; High Pulse Width ; CLOCK_50 ; Rise       ; text_renderer:u_text_renderer|font_rom:u_font_rom|altsyncram:rom_rtl_0|altsyncram_dm71:auto_generated|ram_block1a4~porta_address_reg9    ;
; -1.423 ; 0.500        ; 1.923          ; Low Pulse Width  ; CLOCK_50 ; Rise       ; text_renderer:u_text_renderer|font_rom:u_font_rom|altsyncram:rom_rtl_0|altsyncram_dm71:auto_generated|ram_block1a4~porta_address_reg9    ;
; -1.423 ; 0.500        ; 1.923          ; High Pulse Width ; CLOCK_50 ; Rise       ; text_renderer:u_text_renderer|font_rom:u_font_rom|altsyncram:rom_rtl_0|altsyncram_dm71:auto_generated|ram_block1a5~porta_address_reg0    ;
; -1.423 ; 0.500        ; 1.923          ; Low Pulse Width  ; CLOCK_50 ; Rise       ; text_renderer:u_text_renderer|font_rom:u_font_rom|altsyncram:rom_rtl_0|altsyncram_dm71:auto_generated|ram_block1a5~porta_address_reg0    ;
; -1.423 ; 0.500        ; 1.923          ; High Pulse Width ; CLOCK_50 ; Rise       ; text_renderer:u_text_renderer|font_rom:u_font_rom|altsyncram:rom_rtl_0|altsyncram_dm71:auto_generated|ram_block1a5~porta_address_reg1    ;
; -1.423 ; 0.500        ; 1.923          ; Low Pulse Width  ; CLOCK_50 ; Rise       ; text_renderer:u_text_renderer|font_rom:u_font_rom|altsyncram:rom_rtl_0|altsyncram_dm71:auto_generated|ram_block1a5~porta_address_reg1    ;
; -1.423 ; 0.500        ; 1.923          ; High Pulse Width ; CLOCK_50 ; Rise       ; text_renderer:u_text_renderer|font_rom:u_font_rom|altsyncram:rom_rtl_0|altsyncram_dm71:auto_generated|ram_block1a5~porta_address_reg10   ;
; -1.423 ; 0.500        ; 1.923          ; Low Pulse Width  ; CLOCK_50 ; Rise       ; text_renderer:u_text_renderer|font_rom:u_font_rom|altsyncram:rom_rtl_0|altsyncram_dm71:auto_generated|ram_block1a5~porta_address_reg10   ;
; -1.423 ; 0.500        ; 1.923          ; High Pulse Width ; CLOCK_50 ; Rise       ; text_renderer:u_text_renderer|font_rom:u_font_rom|altsyncram:rom_rtl_0|altsyncram_dm71:auto_generated|ram_block1a5~porta_address_reg2    ;
; -1.423 ; 0.500        ; 1.923          ; Low Pulse Width  ; CLOCK_50 ; Rise       ; text_renderer:u_text_renderer|font_rom:u_font_rom|altsyncram:rom_rtl_0|altsyncram_dm71:auto_generated|ram_block1a5~porta_address_reg2    ;
; -1.423 ; 0.500        ; 1.923          ; High Pulse Width ; CLOCK_50 ; Rise       ; text_renderer:u_text_renderer|font_rom:u_font_rom|altsyncram:rom_rtl_0|altsyncram_dm71:auto_generated|ram_block1a5~porta_address_reg3    ;
; -1.423 ; 0.500        ; 1.923          ; Low Pulse Width  ; CLOCK_50 ; Rise       ; text_renderer:u_text_renderer|font_rom:u_font_rom|altsyncram:rom_rtl_0|altsyncram_dm71:auto_generated|ram_block1a5~porta_address_reg3    ;
; -1.423 ; 0.500        ; 1.923          ; High Pulse Width ; CLOCK_50 ; Rise       ; text_renderer:u_text_renderer|font_rom:u_font_rom|altsyncram:rom_rtl_0|altsyncram_dm71:auto_generated|ram_block1a5~porta_address_reg4    ;
; -1.423 ; 0.500        ; 1.923          ; Low Pulse Width  ; CLOCK_50 ; Rise       ; text_renderer:u_text_renderer|font_rom:u_font_rom|altsyncram:rom_rtl_0|altsyncram_dm71:auto_generated|ram_block1a5~porta_address_reg4    ;
; -1.423 ; 0.500        ; 1.923          ; High Pulse Width ; CLOCK_50 ; Rise       ; text_renderer:u_text_renderer|font_rom:u_font_rom|altsyncram:rom_rtl_0|altsyncram_dm71:auto_generated|ram_block1a5~porta_address_reg5    ;
; -1.423 ; 0.500        ; 1.923          ; Low Pulse Width  ; CLOCK_50 ; Rise       ; text_renderer:u_text_renderer|font_rom:u_font_rom|altsyncram:rom_rtl_0|altsyncram_dm71:auto_generated|ram_block1a5~porta_address_reg5    ;
; -1.423 ; 0.500        ; 1.923          ; High Pulse Width ; CLOCK_50 ; Rise       ; text_renderer:u_text_renderer|font_rom:u_font_rom|altsyncram:rom_rtl_0|altsyncram_dm71:auto_generated|ram_block1a5~porta_address_reg6    ;
; -1.423 ; 0.500        ; 1.923          ; Low Pulse Width  ; CLOCK_50 ; Rise       ; text_renderer:u_text_renderer|font_rom:u_font_rom|altsyncram:rom_rtl_0|altsyncram_dm71:auto_generated|ram_block1a5~porta_address_reg6    ;
; -1.423 ; 0.500        ; 1.923          ; High Pulse Width ; CLOCK_50 ; Rise       ; text_renderer:u_text_renderer|font_rom:u_font_rom|altsyncram:rom_rtl_0|altsyncram_dm71:auto_generated|ram_block1a5~porta_address_reg7    ;
; -1.423 ; 0.500        ; 1.923          ; Low Pulse Width  ; CLOCK_50 ; Rise       ; text_renderer:u_text_renderer|font_rom:u_font_rom|altsyncram:rom_rtl_0|altsyncram_dm71:auto_generated|ram_block1a5~porta_address_reg7    ;
; -1.423 ; 0.500        ; 1.923          ; High Pulse Width ; CLOCK_50 ; Rise       ; text_renderer:u_text_renderer|font_rom:u_font_rom|altsyncram:rom_rtl_0|altsyncram_dm71:auto_generated|ram_block1a5~porta_address_reg8    ;
; -1.423 ; 0.500        ; 1.923          ; Low Pulse Width  ; CLOCK_50 ; Rise       ; text_renderer:u_text_renderer|font_rom:u_font_rom|altsyncram:rom_rtl_0|altsyncram_dm71:auto_generated|ram_block1a5~porta_address_reg8    ;
; -1.423 ; 0.500        ; 1.923          ; High Pulse Width ; CLOCK_50 ; Rise       ; text_renderer:u_text_renderer|font_rom:u_font_rom|altsyncram:rom_rtl_0|altsyncram_dm71:auto_generated|ram_block1a5~porta_address_reg9    ;
; -1.423 ; 0.500        ; 1.923          ; Low Pulse Width  ; CLOCK_50 ; Rise       ; text_renderer:u_text_renderer|font_rom:u_font_rom|altsyncram:rom_rtl_0|altsyncram_dm71:auto_generated|ram_block1a5~porta_address_reg9    ;
; -1.423 ; 0.500        ; 1.923          ; High Pulse Width ; CLOCK_50 ; Rise       ; text_renderer:u_text_renderer|lyric_rom:u_lyric_rom|altsyncram:rom_rtl_0|altsyncram_js71:auto_generated|ram_block1a0~porta_address_reg0  ;
; -1.423 ; 0.500        ; 1.923          ; Low Pulse Width  ; CLOCK_50 ; Rise       ; text_renderer:u_text_renderer|lyric_rom:u_lyric_rom|altsyncram:rom_rtl_0|altsyncram_js71:auto_generated|ram_block1a0~porta_address_reg0  ;
; -1.423 ; 0.500        ; 1.923          ; High Pulse Width ; CLOCK_50 ; Rise       ; text_renderer:u_text_renderer|lyric_rom:u_lyric_rom|altsyncram:rom_rtl_0|altsyncram_js71:auto_generated|ram_block1a0~porta_address_reg1  ;
; -1.423 ; 0.500        ; 1.923          ; Low Pulse Width  ; CLOCK_50 ; Rise       ; text_renderer:u_text_renderer|lyric_rom:u_lyric_rom|altsyncram:rom_rtl_0|altsyncram_js71:auto_generated|ram_block1a0~porta_address_reg1  ;
; -1.423 ; 0.500        ; 1.923          ; High Pulse Width ; CLOCK_50 ; Rise       ; text_renderer:u_text_renderer|lyric_rom:u_lyric_rom|altsyncram:rom_rtl_0|altsyncram_js71:auto_generated|ram_block1a0~porta_address_reg10 ;
; -1.423 ; 0.500        ; 1.923          ; Low Pulse Width  ; CLOCK_50 ; Rise       ; text_renderer:u_text_renderer|lyric_rom:u_lyric_rom|altsyncram:rom_rtl_0|altsyncram_js71:auto_generated|ram_block1a0~porta_address_reg10 ;
; -1.423 ; 0.500        ; 1.923          ; High Pulse Width ; CLOCK_50 ; Rise       ; text_renderer:u_text_renderer|lyric_rom:u_lyric_rom|altsyncram:rom_rtl_0|altsyncram_js71:auto_generated|ram_block1a0~porta_address_reg2  ;
; -1.423 ; 0.500        ; 1.923          ; Low Pulse Width  ; CLOCK_50 ; Rise       ; text_renderer:u_text_renderer|lyric_rom:u_lyric_rom|altsyncram:rom_rtl_0|altsyncram_js71:auto_generated|ram_block1a0~porta_address_reg2  ;
; -1.423 ; 0.500        ; 1.923          ; High Pulse Width ; CLOCK_50 ; Rise       ; text_renderer:u_text_renderer|lyric_rom:u_lyric_rom|altsyncram:rom_rtl_0|altsyncram_js71:auto_generated|ram_block1a0~porta_address_reg3  ;
; -1.423 ; 0.500        ; 1.923          ; Low Pulse Width  ; CLOCK_50 ; Rise       ; text_renderer:u_text_renderer|lyric_rom:u_lyric_rom|altsyncram:rom_rtl_0|altsyncram_js71:auto_generated|ram_block1a0~porta_address_reg3  ;
; -1.423 ; 0.500        ; 1.923          ; High Pulse Width ; CLOCK_50 ; Rise       ; text_renderer:u_text_renderer|lyric_rom:u_lyric_rom|altsyncram:rom_rtl_0|altsyncram_js71:auto_generated|ram_block1a0~porta_address_reg4  ;
; -1.423 ; 0.500        ; 1.923          ; Low Pulse Width  ; CLOCK_50 ; Rise       ; text_renderer:u_text_renderer|lyric_rom:u_lyric_rom|altsyncram:rom_rtl_0|altsyncram_js71:auto_generated|ram_block1a0~porta_address_reg4  ;
+--------+--------------+----------------+------------------+----------+------------+------------------------------------------------------------------------------------------------------------------------------------------+


+-----------------------------------------------------------------------+
; Setup Times                                                           ;
+-----------+------------+-------+-------+------------+-----------------+
; Data Port ; Clock Port ; Rise  ; Fall  ; Clock Edge ; Clock Reference ;
+-----------+------------+-------+-------+------------+-----------------+
; KEY1      ; CLOCK_50   ; 3.075 ; 3.075 ; Rise       ; CLOCK_50        ;
; KEY2      ; CLOCK_50   ; 3.368 ; 3.368 ; Rise       ; CLOCK_50        ;
; SW0       ; CLOCK_50   ; 0.462 ; 0.462 ; Rise       ; CLOCK_50        ;
+-----------+------------+-------+-------+------------+-----------------+


+-------------------------------------------------------------------------+
; Hold Times                                                              ;
+-----------+------------+--------+--------+------------+-----------------+
; Data Port ; Clock Port ; Rise   ; Fall   ; Clock Edge ; Clock Reference ;
+-----------+------------+--------+--------+------------+-----------------+
; KEY1      ; CLOCK_50   ; -1.916 ; -1.916 ; Rise       ; CLOCK_50        ;
; KEY2      ; CLOCK_50   ; -2.078 ; -2.078 ; Rise       ; CLOCK_50        ;
; SW0       ; CLOCK_50   ; 0.001  ; 0.001  ; Rise       ; CLOCK_50        ;
+-----------+------------+--------+--------+------------+-----------------+


+-------------------------------------------------------------------------+
; Clock to Output Times                                                   ;
+-------------+------------+-------+-------+------------+-----------------+
; Data Port   ; Clock Port ; Rise  ; Fall  ; Clock Edge ; Clock Reference ;
+-------------+------------+-------+-------+------------+-----------------+
; VGA_BLANK_N ; CLOCK_50   ; 5.508 ; 5.508 ; Rise       ; CLOCK_50        ;
; VGA_CLK     ; CLOCK_50   ; 4.998 ; 4.998 ; Rise       ; CLOCK_50        ;
; VGA_G[*]    ; CLOCK_50   ; 4.653 ; 4.653 ; Rise       ; CLOCK_50        ;
;  VGA_G[1]   ; CLOCK_50   ; 4.645 ; 4.645 ; Rise       ; CLOCK_50        ;
;  VGA_G[2]   ; CLOCK_50   ; 4.356 ; 4.356 ; Rise       ; CLOCK_50        ;
;  VGA_G[3]   ; CLOCK_50   ; 4.653 ; 4.653 ; Rise       ; CLOCK_50        ;
; VGA_HS      ; CLOCK_50   ; 5.796 ; 5.796 ; Rise       ; CLOCK_50        ;
; VGA_R[*]    ; CLOCK_50   ; 4.776 ; 4.776 ; Rise       ; CLOCK_50        ;
;  VGA_R[0]   ; CLOCK_50   ; 4.569 ; 4.569 ; Rise       ; CLOCK_50        ;
;  VGA_R[1]   ; CLOCK_50   ; 4.488 ; 4.488 ; Rise       ; CLOCK_50        ;
;  VGA_R[2]   ; CLOCK_50   ; 4.776 ; 4.776 ; Rise       ; CLOCK_50        ;
;  VGA_R[3]   ; CLOCK_50   ; 4.465 ; 4.465 ; Rise       ; CLOCK_50        ;
; VGA_VS      ; CLOCK_50   ; 5.678 ; 5.678 ; Rise       ; CLOCK_50        ;
+-------------+------------+-------+-------+------------+-----------------+


+-------------------------------------------------------------------------+
; Minimum Clock to Output Times                                           ;
+-------------+------------+-------+-------+------------+-----------------+
; Data Port   ; Clock Port ; Rise  ; Fall  ; Clock Edge ; Clock Reference ;
+-------------+------------+-------+-------+------------+-----------------+
; VGA_BLANK_N ; CLOCK_50   ; 5.201 ; 5.201 ; Rise       ; CLOCK_50        ;
; VGA_CLK     ; CLOCK_50   ; 4.998 ; 4.998 ; Rise       ; CLOCK_50        ;
; VGA_G[*]    ; CLOCK_50   ; 4.356 ; 4.356 ; Rise       ; CLOCK_50        ;
;  VGA_G[1]   ; CLOCK_50   ; 4.645 ; 4.645 ; Rise       ; CLOCK_50        ;
;  VGA_G[2]   ; CLOCK_50   ; 4.356 ; 4.356 ; Rise       ; CLOCK_50        ;
;  VGA_G[3]   ; CLOCK_50   ; 4.653 ; 4.653 ; Rise       ; CLOCK_50        ;
; VGA_HS      ; CLOCK_50   ; 5.483 ; 5.483 ; Rise       ; CLOCK_50        ;
; VGA_R[*]    ; CLOCK_50   ; 4.465 ; 4.465 ; Rise       ; CLOCK_50        ;
;  VGA_R[0]   ; CLOCK_50   ; 4.569 ; 4.569 ; Rise       ; CLOCK_50        ;
;  VGA_R[1]   ; CLOCK_50   ; 4.488 ; 4.488 ; Rise       ; CLOCK_50        ;
;  VGA_R[2]   ; CLOCK_50   ; 4.776 ; 4.776 ; Rise       ; CLOCK_50        ;
;  VGA_R[3]   ; CLOCK_50   ; 4.465 ; 4.465 ; Rise       ; CLOCK_50        ;
; VGA_VS      ; CLOCK_50   ; 5.285 ; 5.285 ; Rise       ; CLOCK_50        ;
+-------------+------------+-------+-------+------------+-----------------+


+--------------------------------------------------------------------------------+
; Multicorner Timing Analysis Summary                                            ;
+------------------+----------+-------+----------+---------+---------------------+
; Clock            ; Setup    ; Hold  ; Recovery ; Removal ; Minimum Pulse Width ;
+------------------+----------+-------+----------+---------+---------------------+
; Worst-case Slack ; -4.819   ; 0.215 ; N/A      ; N/A     ; -1.423              ;
;  CLOCK_50        ; -4.819   ; 0.215 ; N/A      ; N/A     ; -1.423              ;
; Design-wide TNS  ; -429.016 ; 0.0   ; 0.0      ; 0.0     ; -328.828            ;
;  CLOCK_50        ; -429.016 ; 0.000 ; N/A      ; N/A     ; -328.828            ;
+------------------+----------+-------+----------+---------+---------------------+


+-----------------------------------------------------------------------+
; Setup Times                                                           ;
+-----------+------------+-------+-------+------------+-----------------+
; Data Port ; Clock Port ; Rise  ; Fall  ; Clock Edge ; Clock Reference ;
+-----------+------------+-------+-------+------------+-----------------+
; KEY1      ; CLOCK_50   ; 5.879 ; 5.879 ; Rise       ; CLOCK_50        ;
; KEY2      ; CLOCK_50   ; 6.493 ; 6.493 ; Rise       ; CLOCK_50        ;
; SW0       ; CLOCK_50   ; 1.516 ; 1.516 ; Rise       ; CLOCK_50        ;
+-----------+------------+-------+-------+------------+-----------------+


+-------------------------------------------------------------------------+
; Hold Times                                                              ;
+-----------+------------+--------+--------+------------+-----------------+
; Data Port ; Clock Port ; Rise   ; Fall   ; Clock Edge ; Clock Reference ;
+-----------+------------+--------+--------+------------+-----------------+
; KEY1      ; CLOCK_50   ; -1.916 ; -1.916 ; Rise       ; CLOCK_50        ;
; KEY2      ; CLOCK_50   ; -2.078 ; -2.078 ; Rise       ; CLOCK_50        ;
; SW0       ; CLOCK_50   ; 0.001  ; 0.001  ; Rise       ; CLOCK_50        ;
+-----------+------------+--------+--------+------------+-----------------+


+---------------------------------------------------------------------------+
; Clock to Output Times                                                     ;
+-------------+------------+--------+--------+------------+-----------------+
; Data Port   ; Clock Port ; Rise   ; Fall   ; Clock Edge ; Clock Reference ;
+-------------+------------+--------+--------+------------+-----------------+
; VGA_BLANK_N ; CLOCK_50   ; 10.307 ; 10.307 ; Rise       ; CLOCK_50        ;
; VGA_CLK     ; CLOCK_50   ; 9.257  ; 9.257  ; Rise       ; CLOCK_50        ;
; VGA_G[*]    ; CLOCK_50   ; 8.597  ; 8.597  ; Rise       ; CLOCK_50        ;
;  VGA_G[1]   ; CLOCK_50   ; 8.593  ; 8.593  ; Rise       ; CLOCK_50        ;
;  VGA_G[2]   ; CLOCK_50   ; 7.860  ; 7.860  ; Rise       ; CLOCK_50        ;
;  VGA_G[3]   ; CLOCK_50   ; 8.597  ; 8.597  ; Rise       ; CLOCK_50        ;
; VGA_HS      ; CLOCK_50   ; 10.944 ; 10.944 ; Rise       ; CLOCK_50        ;
; VGA_R[*]    ; CLOCK_50   ; 8.870  ; 8.870  ; Rise       ; CLOCK_50        ;
;  VGA_R[0]   ; CLOCK_50   ; 8.345  ; 8.345  ; Rise       ; CLOCK_50        ;
;  VGA_R[1]   ; CLOCK_50   ; 8.140  ; 8.140  ; Rise       ; CLOCK_50        ;
;  VGA_R[2]   ; CLOCK_50   ; 8.870  ; 8.870  ; Rise       ; CLOCK_50        ;
;  VGA_R[3]   ; CLOCK_50   ; 8.066  ; 8.066  ; Rise       ; CLOCK_50        ;
; VGA_VS      ; CLOCK_50   ; 10.765 ; 10.765 ; Rise       ; CLOCK_50        ;
+-------------+------------+--------+--------+------------+-----------------+


+-------------------------------------------------------------------------+
; Minimum Clock to Output Times                                           ;
+-------------+------------+-------+-------+------------+-----------------+
; Data Port   ; Clock Port ; Rise  ; Fall  ; Clock Edge ; Clock Reference ;
+-------------+------------+-------+-------+------------+-----------------+
; VGA_BLANK_N ; CLOCK_50   ; 5.201 ; 5.201 ; Rise       ; CLOCK_50        ;
; VGA_CLK     ; CLOCK_50   ; 4.998 ; 4.998 ; Rise       ; CLOCK_50        ;
; VGA_G[*]    ; CLOCK_50   ; 4.356 ; 4.356 ; Rise       ; CLOCK_50        ;
;  VGA_G[1]   ; CLOCK_50   ; 4.645 ; 4.645 ; Rise       ; CLOCK_50        ;
;  VGA_G[2]   ; CLOCK_50   ; 4.356 ; 4.356 ; Rise       ; CLOCK_50        ;
;  VGA_G[3]   ; CLOCK_50   ; 4.653 ; 4.653 ; Rise       ; CLOCK_50        ;
; VGA_HS      ; CLOCK_50   ; 5.483 ; 5.483 ; Rise       ; CLOCK_50        ;
; VGA_R[*]    ; CLOCK_50   ; 4.465 ; 4.465 ; Rise       ; CLOCK_50        ;
;  VGA_R[0]   ; CLOCK_50   ; 4.569 ; 4.569 ; Rise       ; CLOCK_50        ;
;  VGA_R[1]   ; CLOCK_50   ; 4.488 ; 4.488 ; Rise       ; CLOCK_50        ;
;  VGA_R[2]   ; CLOCK_50   ; 4.776 ; 4.776 ; Rise       ; CLOCK_50        ;
;  VGA_R[3]   ; CLOCK_50   ; 4.465 ; 4.465 ; Rise       ; CLOCK_50        ;
; VGA_VS      ; CLOCK_50   ; 5.285 ; 5.285 ; Rise       ; CLOCK_50        ;
+-------------+------------+-------+-------+------------+-----------------+


+-------------------------------------------------------------------+
; Setup Transfers                                                   ;
+------------+----------+----------+----------+----------+----------+
; From Clock ; To Clock ; RR Paths ; FR Paths ; RF Paths ; FF Paths ;
+------------+----------+----------+----------+----------+----------+
; CLOCK_50   ; CLOCK_50 ; 4294     ; 0        ; 0        ; 0        ;
+------------+----------+----------+----------+----------+----------+
Entries labeled "false path" only account for clock-to-clock false paths and not path-based false paths. As a result, actual path counts may be lower than reported.


+-------------------------------------------------------------------+
; Hold Transfers                                                    ;
+------------+----------+----------+----------+----------+----------+
; From Clock ; To Clock ; RR Paths ; FR Paths ; RF Paths ; FF Paths ;
+------------+----------+----------+----------+----------+----------+
; CLOCK_50   ; CLOCK_50 ; 4294     ; 0        ; 0        ; 0        ;
+------------+----------+----------+----------+----------+----------+
Entries labeled "false path" only account for clock-to-clock false paths and not path-based false paths. As a result, actual path counts may be lower than reported.


---------------
; Report TCCS ;
---------------
No dedicated SERDES Transmitter circuitry present in device or used in design


---------------
; Report RSKM ;
---------------
No dedicated SERDES Receiver circuitry present in device or used in design


+------------------------------------------------+
; Unconstrained Paths                            ;
+---------------------------------+-------+------+
; Property                        ; Setup ; Hold ;
+---------------------------------+-------+------+
; Illegal Clocks                  ; 0     ; 0    ;
; Unconstrained Clocks            ; 0     ; 0    ;
; Unconstrained Input Ports       ; 4     ; 4    ;
; Unconstrained Input Port Paths  ; 122   ; 122  ;
; Unconstrained Output Ports      ; 11    ; 11   ;
; Unconstrained Output Port Paths ; 31    ; 31   ;
+---------------------------------+-------+------+


+------------------------------------+
; TimeQuest Timing Analyzer Messages ;
+------------------------------------+
Info: *******************************************************************
Info: Running Quartus II 64-Bit TimeQuest Timing Analyzer
    Info: Version 13.0.1 Build 232 06/12/2013 Service Pack 1 SJ Web Edition
    Info: Processing started: Fri May 15 14:20:30 2026
Info: Command: quartus_sta lyrics_vga_top -c lyrics_vga_top
Info: qsta_default_script.tcl version: #1
Warning (20028): Parallel compilation is not licensed and has been disabled
Info (21077): Low junction temperature is 0 degrees C
Info (21077): High junction temperature is 85 degrees C
Critical Warning (332012): Synopsys Design Constraints File file not found: 'lyrics_vga_top.sdc'. A Synopsys Design Constraints File is required by the TimeQuest Timing Analyzer to get proper timing constraints. Without it, the Compiler will not properly optimize the design.
Info (332142): No user constrained base clocks found in the design. Calling "derive_clocks -period 1.0"
Info (332105): Deriving Clocks
    Info (332105): create_clock -period 1.000 -name CLOCK_50 CLOCK_50
Info: Found TIMEQUEST_REPORT_SCRIPT_INCLUDE_DEFAULT_ANALYSIS = ON
Info: Analyzing Slow Model
Critical Warning (332148): Timing requirements not met
Info (332146): Worst-case setup slack is -4.819
    Info (332119):     Slack End Point TNS Clock 
    Info (332119): ========= ============= =====================
    Info (332119):    -4.819      -429.016 CLOCK_50 
Info (332146): Worst-case hold slack is 0.391
    Info (332119):     Slack End Point TNS Clock 
    Info (332119): ========= ============= =====================
    Info (332119):     0.391         0.000 CLOCK_50 
Info (332140): No Recovery paths to report
Info (332140): No Removal paths to report
Info (332146): Worst-case minimum pulse width slack is -1.423
    Info (332119):     Slack End Point TNS Clock 
    Info (332119): ========= ============= =====================
    Info (332119):    -1.423      -328.828 CLOCK_50 
Info (332001): The selected device family is not supported by the report_metastability command.
Info: Analyzing Fast Model
Critical Warning (332148): Timing requirements not met
Info (332146): Worst-case setup slack is -2.229
    Info (332119):     Slack End Point TNS Clock 
    Info (332119): ========= ============= =====================
    Info (332119):    -2.229      -138.642 CLOCK_50 
Info (332146): Worst-case hold slack is 0.215
    Info (332119):     Slack End Point TNS Clock 
    Info (332119): ========= ============= =====================
    Info (332119):     0.215         0.000 CLOCK_50 
Info (332140): No Recovery paths to report
Info (332140): No Removal paths to report
Info (332146): Worst-case minimum pulse width slack is -1.423
    Info (332119):     Slack End Point TNS Clock 
    Info (332119): ========= ============= =====================
    Info (332119):    -1.423      -328.828 CLOCK_50 
Info (332001): The selected device family is not supported by the report_metastability command.
Info (332102): Design is not fully constrained for setup requirements
Info (332102): Design is not fully constrained for hold requirements
Info: Quartus II 64-Bit TimeQuest Timing Analyzer was successful. 0 errors, 4 warnings
    Info: Peak virtual memory: 4565 megabytes
    Info: Processing ended: Fri May 15 14:20:31 2026
    Info: Elapsed time: 00:00:01
    Info: Total CPU time (on all processors): 00:00:01


