Fitter report for karaoke_top
Wed May 20 14:45:46 2026
Quartus II 64-Bit Version 13.0.1 Build 232 06/12/2013 Service Pack 1 SJ Web Edition


---------------------
; Table of Contents ;
---------------------
  1. Legal Notice
  2. Fitter Summary
  3. Fitter Settings
  4. Parallel Compilation
  5. Fitter Netlist Optimizations
  6. Incremental Compilation Preservation Summary
  7. Incremental Compilation Partition Settings
  8. Incremental Compilation Placement Preservation
  9. Pin-Out File
 10. Fitter Resource Usage Summary
 11. Fitter Partition Statistics
 12. Input Pins
 13. Output Pins
 14. Bidir Pins
 15. I/O Bank Usage
 16. All Package Pins
 17. Clock Delay Control Summary
 18. Output Pin Default Load For Reported TCO
 19. Fitter Resource Utilization by Entity
 20. Delay Chain Summary
 21. Pad To Core Delay Chain Fanout
 22. Control Signals
 23. Global & Other Fast Signals
 24. Non-Global High Fan-Out Signals
 25. Fitter RAM Summary
 26. Fitter DSP Block Usage Summary
 27. DSP Block Details
 28. Other Routing Usage Summary
 29. LAB Logic Elements
 30. LAB-wide Signals
 31. LAB Signals Sourced
 32. LAB Signals Sourced Out
 33. LAB Distinct Inputs
 34. Fitter Device Options
 35. Operating Settings and Conditions
 36. Estimated Delay Added for Hold Timing Summary
 37. Estimated Delay Added for Hold Timing Details
 38. Fitter Messages
 39. Fitter Suppressed Messages



----------------
; Legal Notice ;
----------------
Copyright (C) 1991-2013 Altera Corporation
Your use of Altera Corporation's design tools, logic functions 
and other software and tools, and its AMPP partner logic 
functions, and any output files from any of the foregoing 
(including device programming or simulation files), and any 
associated documentation or information are expressly subject 
to the terms and conditions of the Altera Program License 
Subscription Agreement, Altera MegaCore Function License 
Agreement, or other applicable license agreement, including, 
without limitation, that your use is for the sole purpose of 
programming logic devices manufactured by Altera and sold by 
Altera or its authorized distributors.  Please refer to the 
applicable agreement for further details.



+--------------------------------------------------------------------------------------+
; Fitter Summary                                                                       ;
+------------------------------------+-------------------------------------------------+
; Fitter Status                      ; Successful - Wed May 20 14:45:46 2026           ;
; Quartus II 64-Bit Version          ; 13.0.1 Build 232 06/12/2013 SP 1 SJ Web Edition ;
; Revision Name                      ; karaoke_top                                     ;
; Top-level Entity Name              ; karaoke_top                                     ;
; Family                             ; Cyclone II                                      ;
; Device                             ; EP2C35F672C6                                    ;
; Timing Models                      ; Final                                           ;
; Total logic elements               ; 498 / 33,216 ( 1 % )                            ;
;     Total combinational functions  ; 460 / 33,216 ( 1 % )                            ;
;     Dedicated logic registers      ; 279 / 33,216 ( < 1 % )                          ;
; Total registers                    ; 279                                             ;
; Total pins                         ; 150 / 475 ( 32 % )                              ;
; Total virtual pins                 ; 0                                               ;
; Total memory bits                  ; 24,224 / 483,840 ( 5 % )                        ;
; Embedded Multiplier 9-bit elements ; 4 / 70 ( 6 % )                                  ;
; Total PLLs                         ; 0 / 4 ( 0 % )                                   ;
+------------------------------------+-------------------------------------------------+


+----------------------------------------------------------------------------------------------------------------------------------------------+
; Fitter Settings                                                                                                                              ;
+----------------------------------------------------------------------------+--------------------------------+--------------------------------+
; Option                                                                     ; Setting                        ; Default Value                  ;
+----------------------------------------------------------------------------+--------------------------------+--------------------------------+
; Device                                                                     ; EP2C35F672C6                   ;                                ;
; Fit Attempts to Skip                                                       ; 0                              ; 0.0                            ;
; Device I/O Standard                                                        ; 3.3-V LVTTL                    ;                                ;
; Use smart compilation                                                      ; Off                            ; Off                            ;
; Enable parallel Assembler and TimeQuest Timing Analyzer during compilation ; On                             ; On                             ;
; Enable compact report table                                                ; Off                            ; Off                            ;
; Auto Merge PLLs                                                            ; On                             ; On                             ;
; Ignore PLL Mode When Merging PLLs                                          ; Off                            ; Off                            ;
; Router Timing Optimization Level                                           ; Normal                         ; Normal                         ;
; Placement Effort Multiplier                                                ; 1.0                            ; 1.0                            ;
; Router Effort Multiplier                                                   ; 1.0                            ; 1.0                            ;
; Always Enable Input Buffers                                                ; Off                            ; Off                            ;
; Optimize Hold Timing                                                       ; IO Paths and Minimum TPD Paths ; IO Paths and Minimum TPD Paths ;
; Optimize Multi-Corner Timing                                               ; On                             ; On                             ;
; PowerPlay Power Optimization                                               ; Normal compilation             ; Normal compilation             ;
; Optimize Timing                                                            ; Normal compilation             ; Normal compilation             ;
; Optimize Timing for ECOs                                                   ; Off                            ; Off                            ;
; Regenerate full fit report during ECO compiles                             ; Off                            ; Off                            ;
; Optimize IOC Register Placement for Timing                                 ; Normal                         ; Normal                         ;
; Limit to One Fitting Attempt                                               ; Off                            ; Off                            ;
; Final Placement Optimizations                                              ; Automatically                  ; Automatically                  ;
; Fitter Aggressive Routability Optimizations                                ; Automatically                  ; Automatically                  ;
; Fitter Initial Placement Seed                                              ; 1                              ; 1                              ;
; PCI I/O                                                                    ; Off                            ; Off                            ;
; Weak Pull-Up Resistor                                                      ; Off                            ; Off                            ;
; Enable Bus-Hold Circuitry                                                  ; Off                            ; Off                            ;
; Auto Global Memory Control Signals                                         ; Off                            ; Off                            ;
; Auto Packed Registers                                                      ; Auto                           ; Auto                           ;
; Auto Delay Chains                                                          ; On                             ; On                             ;
; Auto Delay Chains for High Fanout Input Pins                               ; Off                            ; Off                            ;
; Perform Physical Synthesis for Combinational Logic for Fitting             ; Off                            ; Off                            ;
; Perform Physical Synthesis for Combinational Logic for Performance         ; Off                            ; Off                            ;
; Perform Register Duplication for Performance                               ; Off                            ; Off                            ;
; Perform Logic to Memory Mapping for Fitting                                ; Off                            ; Off                            ;
; Perform Register Retiming for Performance                                  ; Off                            ; Off                            ;
; Perform Asynchronous Signal Pipelining                                     ; Off                            ; Off                            ;
; Fitter Effort                                                              ; Auto Fit                       ; Auto Fit                       ;
; Physical Synthesis Effort Level                                            ; Normal                         ; Normal                         ;
; Auto Global Clock                                                          ; On                             ; On                             ;
; Auto Global Register Control Signals                                       ; On                             ; On                             ;
; Force Fitter to Avoid Periphery Placement Warnings                         ; Off                            ; Off                            ;
+----------------------------------------------------------------------------+--------------------------------+--------------------------------+


Parallel compilation was disabled, but you have multiple processors available. Enable parallel compilation to reduce compilation time.
+-------------------------------------+
; Parallel Compilation                ;
+----------------------------+--------+
; Processors                 ; Number ;
+----------------------------+--------+
; Number detected on machine ; 8      ;
; Maximum allowed            ; 1      ;
+----------------------------+--------+


+----------------------------------------------------------------------------------------------------------------------------------------------------------------------------------------------------------------------------------------------------------+
; Fitter Netlist Optimizations                                                                                                                                                                                                                             ;
+--------------------------------------+-----------------+------------------+---------------------+-----------+----------------+--------------------------------------------------------------------------------+------------------+-----------------------+
; Node                                 ; Action          ; Operation        ; Reason              ; Node Port ; Node Port Name ; Destination Node                                                               ; Destination Port ; Destination Port Name ;
+--------------------------------------+-----------------+------------------+---------------------+-----------+----------------+--------------------------------------------------------------------------------+------------------+-----------------------+
; i2s_receiver:u_i2s_rx|left_data[0]   ; Packed Register ; Register Packing ; Timing optimization ; REGOUT    ;                ; audio_gain_apply:u_gain_apply|lpm_mult:Mult0|mult_10t:auto_generated|mac_mult1 ; DATAA            ;                       ;
; i2s_receiver:u_i2s_rx|left_data[1]   ; Packed Register ; Register Packing ; Timing optimization ; REGOUT    ;                ; audio_gain_apply:u_gain_apply|lpm_mult:Mult0|mult_10t:auto_generated|mac_mult1 ; DATAA            ;                       ;
; i2s_receiver:u_i2s_rx|left_data[2]   ; Packed Register ; Register Packing ; Timing optimization ; REGOUT    ;                ; audio_gain_apply:u_gain_apply|lpm_mult:Mult0|mult_10t:auto_generated|mac_mult1 ; DATAA            ;                       ;
; i2s_receiver:u_i2s_rx|left_data[3]   ; Packed Register ; Register Packing ; Timing optimization ; REGOUT    ;                ; audio_gain_apply:u_gain_apply|lpm_mult:Mult0|mult_10t:auto_generated|mac_mult1 ; DATAA            ;                       ;
; i2s_receiver:u_i2s_rx|left_data[4]   ; Packed Register ; Register Packing ; Timing optimization ; REGOUT    ;                ; audio_gain_apply:u_gain_apply|lpm_mult:Mult0|mult_10t:auto_generated|mac_mult1 ; DATAA            ;                       ;
; i2s_receiver:u_i2s_rx|left_data[5]   ; Packed Register ; Register Packing ; Timing optimization ; REGOUT    ;                ; audio_gain_apply:u_gain_apply|lpm_mult:Mult0|mult_10t:auto_generated|mac_mult1 ; DATAA            ;                       ;
; i2s_receiver:u_i2s_rx|left_data[6]   ; Packed Register ; Register Packing ; Timing optimization ; REGOUT    ;                ; audio_gain_apply:u_gain_apply|lpm_mult:Mult0|mult_10t:auto_generated|mac_mult1 ; DATAA            ;                       ;
; i2s_receiver:u_i2s_rx|left_data[7]   ; Packed Register ; Register Packing ; Timing optimization ; REGOUT    ;                ; audio_gain_apply:u_gain_apply|lpm_mult:Mult0|mult_10t:auto_generated|mac_mult1 ; DATAA            ;                       ;
; i2s_receiver:u_i2s_rx|left_data[8]   ; Packed Register ; Register Packing ; Timing optimization ; REGOUT    ;                ; audio_gain_apply:u_gain_apply|lpm_mult:Mult0|mult_10t:auto_generated|mac_mult1 ; DATAA            ;                       ;
; i2s_receiver:u_i2s_rx|left_data[9]   ; Packed Register ; Register Packing ; Timing optimization ; REGOUT    ;                ; audio_gain_apply:u_gain_apply|lpm_mult:Mult0|mult_10t:auto_generated|mac_mult1 ; DATAA            ;                       ;
; i2s_receiver:u_i2s_rx|left_data[10]  ; Packed Register ; Register Packing ; Timing optimization ; REGOUT    ;                ; audio_gain_apply:u_gain_apply|lpm_mult:Mult0|mult_10t:auto_generated|mac_mult1 ; DATAA            ;                       ;
; i2s_receiver:u_i2s_rx|left_data[11]  ; Packed Register ; Register Packing ; Timing optimization ; REGOUT    ;                ; audio_gain_apply:u_gain_apply|lpm_mult:Mult0|mult_10t:auto_generated|mac_mult1 ; DATAA            ;                       ;
; i2s_receiver:u_i2s_rx|left_data[12]  ; Packed Register ; Register Packing ; Timing optimization ; REGOUT    ;                ; audio_gain_apply:u_gain_apply|lpm_mult:Mult0|mult_10t:auto_generated|mac_mult1 ; DATAA            ;                       ;
; i2s_receiver:u_i2s_rx|left_data[13]  ; Packed Register ; Register Packing ; Timing optimization ; REGOUT    ;                ; audio_gain_apply:u_gain_apply|lpm_mult:Mult0|mult_10t:auto_generated|mac_mult1 ; DATAA            ;                       ;
; i2s_receiver:u_i2s_rx|left_data[14]  ; Packed Register ; Register Packing ; Timing optimization ; REGOUT    ;                ; audio_gain_apply:u_gain_apply|lpm_mult:Mult0|mult_10t:auto_generated|mac_mult1 ; DATAA            ;                       ;
; i2s_receiver:u_i2s_rx|left_data[15]  ; Packed Register ; Register Packing ; Timing optimization ; REGOUT    ;                ; audio_gain_apply:u_gain_apply|lpm_mult:Mult0|mult_10t:auto_generated|mac_mult1 ; DATAA            ;                       ;
; i2s_receiver:u_i2s_rx|left_data[15]  ; Duplicated      ; Register Packing ; Timing optimization ; REGOUT    ;                ; i2s_receiver:u_i2s_rx|left_data[15]~_Duplicate_1                               ; REGOUT           ;                       ;
; i2s_receiver:u_i2s_rx|right_data[0]  ; Packed Register ; Register Packing ; Timing optimization ; REGOUT    ;                ; audio_gain_apply:u_gain_apply|lpm_mult:Mult1|mult_10t:auto_generated|mac_mult1 ; DATAA            ;                       ;
; i2s_receiver:u_i2s_rx|right_data[1]  ; Packed Register ; Register Packing ; Timing optimization ; REGOUT    ;                ; audio_gain_apply:u_gain_apply|lpm_mult:Mult1|mult_10t:auto_generated|mac_mult1 ; DATAA            ;                       ;
; i2s_receiver:u_i2s_rx|right_data[2]  ; Packed Register ; Register Packing ; Timing optimization ; REGOUT    ;                ; audio_gain_apply:u_gain_apply|lpm_mult:Mult1|mult_10t:auto_generated|mac_mult1 ; DATAA            ;                       ;
; i2s_receiver:u_i2s_rx|right_data[3]  ; Packed Register ; Register Packing ; Timing optimization ; REGOUT    ;                ; audio_gain_apply:u_gain_apply|lpm_mult:Mult1|mult_10t:auto_generated|mac_mult1 ; DATAA            ;                       ;
; i2s_receiver:u_i2s_rx|right_data[4]  ; Packed Register ; Register Packing ; Timing optimization ; REGOUT    ;                ; audio_gain_apply:u_gain_apply|lpm_mult:Mult1|mult_10t:auto_generated|mac_mult1 ; DATAA            ;                       ;
; i2s_receiver:u_i2s_rx|right_data[5]  ; Packed Register ; Register Packing ; Timing optimization ; REGOUT    ;                ; audio_gain_apply:u_gain_apply|lpm_mult:Mult1|mult_10t:auto_generated|mac_mult1 ; DATAA            ;                       ;
; i2s_receiver:u_i2s_rx|right_data[6]  ; Packed Register ; Register Packing ; Timing optimization ; REGOUT    ;                ; audio_gain_apply:u_gain_apply|lpm_mult:Mult1|mult_10t:auto_generated|mac_mult1 ; DATAA            ;                       ;
; i2s_receiver:u_i2s_rx|right_data[7]  ; Packed Register ; Register Packing ; Timing optimization ; REGOUT    ;                ; audio_gain_apply:u_gain_apply|lpm_mult:Mult1|mult_10t:auto_generated|mac_mult1 ; DATAA            ;                       ;
; i2s_receiver:u_i2s_rx|right_data[8]  ; Packed Register ; Register Packing ; Timing optimization ; REGOUT    ;                ; audio_gain_apply:u_gain_apply|lpm_mult:Mult1|mult_10t:auto_generated|mac_mult1 ; DATAA            ;                       ;
; i2s_receiver:u_i2s_rx|right_data[9]  ; Packed Register ; Register Packing ; Timing optimization ; REGOUT    ;                ; audio_gain_apply:u_gain_apply|lpm_mult:Mult1|mult_10t:auto_generated|mac_mult1 ; DATAA            ;                       ;
; i2s_receiver:u_i2s_rx|right_data[10] ; Packed Register ; Register Packing ; Timing optimization ; REGOUT    ;                ; audio_gain_apply:u_gain_apply|lpm_mult:Mult1|mult_10t:auto_generated|mac_mult1 ; DATAA            ;                       ;
; i2s_receiver:u_i2s_rx|right_data[11] ; Packed Register ; Register Packing ; Timing optimization ; REGOUT    ;                ; audio_gain_apply:u_gain_apply|lpm_mult:Mult1|mult_10t:auto_generated|mac_mult1 ; DATAA            ;                       ;
; i2s_receiver:u_i2s_rx|right_data[12] ; Packed Register ; Register Packing ; Timing optimization ; REGOUT    ;                ; audio_gain_apply:u_gain_apply|lpm_mult:Mult1|mult_10t:auto_generated|mac_mult1 ; DATAA            ;                       ;
; i2s_receiver:u_i2s_rx|right_data[13] ; Packed Register ; Register Packing ; Timing optimization ; REGOUT    ;                ; audio_gain_apply:u_gain_apply|lpm_mult:Mult1|mult_10t:auto_generated|mac_mult1 ; DATAA            ;                       ;
; i2s_receiver:u_i2s_rx|right_data[14] ; Packed Register ; Register Packing ; Timing optimization ; REGOUT    ;                ; audio_gain_apply:u_gain_apply|lpm_mult:Mult1|mult_10t:auto_generated|mac_mult1 ; DATAA            ;                       ;
; i2s_receiver:u_i2s_rx|right_data[15] ; Packed Register ; Register Packing ; Timing optimization ; REGOUT    ;                ; audio_gain_apply:u_gain_apply|lpm_mult:Mult1|mult_10t:auto_generated|mac_mult1 ; DATAA            ;                       ;
; i2s_receiver:u_i2s_rx|right_data[15] ; Duplicated      ; Register Packing ; Timing optimization ; REGOUT    ;                ; i2s_receiver:u_i2s_rx|right_data[15]~_Duplicate_1                              ; REGOUT           ;                       ;
+--------------------------------------+-----------------+------------------+---------------------+-----------+----------------+--------------------------------------------------------------------------------+------------------+-----------------------+


+----------------------------------------------+
; Incremental Compilation Preservation Summary ;
+---------------------+------------------------+
; Type                ; Value                  ;
+---------------------+------------------------+
; Placement (by node) ;                        ;
;     -- Requested    ; 0 / 916 ( 0.00 % )     ;
;     -- Achieved     ; 0 / 916 ( 0.00 % )     ;
;                     ;                        ;
; Routing (by net)    ;                        ;
;     -- Requested    ; 0 / 0 ( 0.00 % )       ;
;     -- Achieved     ; 0 / 0 ( 0.00 % )       ;
+---------------------+------------------------+


+----------------------------------------------------------------------------------------------------------------------------------------------------------------------------------------+
; Incremental Compilation Partition Settings                                                                                                                                             ;
+--------------------------------+----------------+-------------------+-------------------------+------------------------+------------------------------+--------------------------------+
; Partition Name                 ; Partition Type ; Netlist Type Used ; Preservation Level Used ; Netlist Type Requested ; Preservation Level Requested ; Contents                       ;
+--------------------------------+----------------+-------------------+-------------------------+------------------------+------------------------------+--------------------------------+
; Top                            ; User-created   ; Source File       ; N/A                     ; Source File            ; N/A                          ;                                ;
; hard_block:auto_generated_inst ; Auto-generated ; Source File       ; N/A                     ; Source File            ; N/A                          ; hard_block:auto_generated_inst ;
+--------------------------------+----------------+-------------------+-------------------------+------------------------+------------------------------+--------------------------------+


+------------------------------------------------------------------------------------------------------------+
; Incremental Compilation Placement Preservation                                                             ;
+--------------------------------+---------+-------------------+-------------------------+-------------------+
; Partition Name                 ; # Nodes ; # Preserved Nodes ; Preservation Level Used ; Netlist Type Used ;
+--------------------------------+---------+-------------------+-------------------------+-------------------+
; Top                            ; 913     ; 0                 ; N/A                     ; Source File       ;
; hard_block:auto_generated_inst ; 3       ; 0                 ; N/A                     ; Source File       ;
+--------------------------------+---------+-------------------+-------------------------+-------------------+


+--------------+
; Pin-Out File ;
+--------------+
The pin-out file can be found in C:/Users/itsch/OneDrive/Documents/CE213/doan/module_version1/output_files/karaoke_top.pin.


+------------------------------------------------------------------------+
; Fitter Resource Usage Summary                                          ;
+---------------------------------------------+--------------------------+
; Resource                                    ; Usage                    ;
+---------------------------------------------+--------------------------+
; Total logic elements                        ; 498 / 33,216 ( 1 % )     ;
;     -- Combinational with no register       ; 219                      ;
;     -- Register only                        ; 38                       ;
;     -- Combinational with a register        ; 241                      ;
;                                             ;                          ;
; Logic element usage by number of LUT inputs ;                          ;
;     -- 4 input functions                    ; 170                      ;
;     -- 3 input functions                    ; 89                       ;
;     -- <=2 input functions                  ; 201                      ;
;     -- Register only                        ; 38                       ;
;                                             ;                          ;
; Logic elements by mode                      ;                          ;
;     -- normal mode                          ; 306                      ;
;     -- arithmetic mode                      ; 154                      ;
;                                             ;                          ;
; Total registers*                            ; 279 / 34,593 ( < 1 % )   ;
;     -- Dedicated logic registers            ; 279 / 33,216 ( < 1 % )   ;
;     -- I/O registers                        ; 0 / 1,377 ( 0 % )        ;
;                                             ;                          ;
; Total LABs:  partially or completely used   ; 42 / 2,076 ( 2 % )       ;
; Virtual pins                                ; 0                        ;
; I/O pins                                    ; 150 / 475 ( 32 % )       ;
;     -- Clock pins                           ; 8 / 8 ( 100 % )          ;
;                                             ;                          ;
; Global signals                              ; 3                        ;
; M4Ks                                        ; 8 / 105 ( 8 % )          ;
; Total block memory bits                     ; 24,224 / 483,840 ( 5 % ) ;
; Total block memory implementation bits      ; 36,864 / 483,840 ( 8 % ) ;
; Embedded Multiplier 9-bit elements          ; 4 / 70 ( 6 % )           ;
; PLLs                                        ; 0 / 4 ( 0 % )            ;
; Global clocks                               ; 3 / 16 ( 19 % )          ;
; JTAGs                                       ; 0 / 1 ( 0 % )            ;
; ASMI blocks                                 ; 0 / 1 ( 0 % )            ;
; CRC blocks                                  ; 0 / 1 ( 0 % )            ;
; Average interconnect usage (total/H/V)      ; 0% / 0% / 0%             ;
; Peak interconnect usage (total/H/V)         ; 1% / 1% / 2%             ;
; Maximum fan-out                             ; 249                      ;
; Highest non-global fan-out                  ; 28                       ;
; Total fan-out                               ; 2566                     ;
; Average fan-out                             ; 2.75                     ;
+---------------------------------------------+--------------------------+
*  Register count does not include registers inside RAM blocks or DSP blocks.



+------------------------------------------------------------------------------------------------------+
; Fitter Partition Statistics                                                                          ;
+---------------------------------------------+-----------------------+--------------------------------+
; Statistic                                   ; Top                   ; hard_block:auto_generated_inst ;
+---------------------------------------------+-----------------------+--------------------------------+
; Difficulty Clustering Region                ; Low                   ; Low                            ;
;                                             ;                       ;                                ;
; Total logic elements                        ; 498 / 33216 ( 1 % )   ; 0 / 33216 ( 0 % )              ;
;     -- Combinational with no register       ; 219                   ; 0                              ;
;     -- Register only                        ; 38                    ; 0                              ;
;     -- Combinational with a register        ; 241                   ; 0                              ;
;                                             ;                       ;                                ;
; Logic element usage by number of LUT inputs ;                       ;                                ;
;     -- 4 input functions                    ; 170                   ; 0                              ;
;     -- 3 input functions                    ; 89                    ; 0                              ;
;     -- <=2 input functions                  ; 201                   ; 0                              ;
;     -- Register only                        ; 38                    ; 0                              ;
;                                             ;                       ;                                ;
; Logic elements by mode                      ;                       ;                                ;
;     -- normal mode                          ; 306                   ; 0                              ;
;     -- arithmetic mode                      ; 154                   ; 0                              ;
;                                             ;                       ;                                ;
; Total registers                             ; 279                   ; 0                              ;
;     -- Dedicated logic registers            ; 279 / 33216 ( < 1 % ) ; 0 / 33216 ( 0 % )              ;
;                                             ;                       ;                                ;
; Total LABs:  partially or completely used   ; 42 / 2076 ( 2 % )     ; 0 / 2076 ( 0 % )               ;
;                                             ;                       ;                                ;
; Virtual pins                                ; 0                     ; 0                              ;
; I/O pins                                    ; 150                   ; 0                              ;
; Embedded Multiplier 9-bit elements          ; 4 / 70 ( 6 % )        ; 0 / 70 ( 0 % )                 ;
; Total memory bits                           ; 24224                 ; 0                              ;
; Total RAM block bits                        ; 36864                 ; 0                              ;
; M4K                                         ; 8 / 105 ( 7 % )       ; 0 / 105 ( 0 % )                ;
; Clock control block                         ; 3 / 20 ( 15 % )       ; 0 / 20 ( 0 % )                 ;
; Clock delay control block                   ; 1 / 16 ( 6 % )        ; 0 / 16 ( 0 % )                 ;
;                                             ;                       ;                                ;
; Connections                                 ;                       ;                                ;
;     -- Input Connections                    ; 0                     ; 0                              ;
;     -- Registered Input Connections         ; 0                     ; 0                              ;
;     -- Output Connections                   ; 0                     ; 0                              ;
;     -- Registered Output Connections        ; 0                     ; 0                              ;
;                                             ;                       ;                                ;
; Internal Connections                        ;                       ;                                ;
;     -- Total Connections                    ; 2661                  ; 0                              ;
;     -- Registered Connections               ; 845                   ; 0                              ;
;                                             ;                       ;                                ;
; External Connections                        ;                       ;                                ;
;     -- Top                                  ; 0                     ; 0                              ;
;     -- hard_block:auto_generated_inst       ; 0                     ; 0                              ;
;                                             ;                       ;                                ;
; Partition Interface                         ;                       ;                                ;
;     -- Input Ports                          ; 28                    ; 0                              ;
;     -- Output Ports                         ; 121                   ; 0                              ;
;     -- Bidir Ports                          ; 1                     ; 0                              ;
;                                             ;                       ;                                ;
; Registered Ports                            ;                       ;                                ;
;     -- Registered Input Ports               ; 0                     ; 0                              ;
;     -- Registered Output Ports              ; 0                     ; 0                              ;
;                                             ;                       ;                                ;
; Port Connectivity                           ;                       ;                                ;
;     -- Input Ports driven by GND            ; 0                     ; 0                              ;
;     -- Output Ports driven by GND           ; 0                     ; 0                              ;
;     -- Input Ports driven by VCC            ; 0                     ; 0                              ;
;     -- Output Ports driven by VCC           ; 0                     ; 0                              ;
;     -- Input Ports with no Source           ; 0                     ; 0                              ;
;     -- Output Ports with no Source          ; 0                     ; 0                              ;
;     -- Input Ports with no Fanout           ; 0                     ; 0                              ;
;     -- Output Ports with no Fanout          ; 0                     ; 0                              ;
+---------------------------------------------+-----------------------+--------------------------------+


+-------------------------------------------------------------------------------------------------------------------------------------------------------------------------------------------------------------------------------------------------------------------+
; Input Pins                                                                                                                                                                                                                                                        ;
+-------------+-------+----------+--------------+--------------+-------------+-----------------------+--------------------+--------+----------------+---------------+-----------------+----------+--------------+--------------+-------------+----------------------+
; Name        ; Pin # ; I/O Bank ; X coordinate ; Y coordinate ; Cell number ; Combinational Fan-Out ; Registered Fan-Out ; Global ; Input Register ; Power Up High ; PCI I/O Enabled ; Bus Hold ; Weak Pull Up ; I/O Standard ; Termination ; Location assigned by ;
+-------------+-------+----------+--------------+--------------+-------------+-----------------------+--------------------+--------+----------------+---------------+-----------------+----------+--------------+--------------+-------------+----------------------+
; AUD_ADCDAT  ; B5    ; 3        ; 3            ; 36           ; 2           ; 1                     ; 0                  ; no     ; no             ; no            ; no              ; no       ; Off          ; 3.3-V LVTTL  ; Off         ; User                 ;
; AUD_ADCLRCK ; C5    ; 3        ; 1            ; 36           ; 3           ; 1                     ; 0                  ; no     ; no             ; no            ; no              ; no       ; Off          ; 3.3-V LVTTL  ; Off         ; User                 ;
; AUD_BCLK    ; B4    ; 3        ; 1            ; 36           ; 0           ; 25                    ; 0                  ; no     ; no             ; no            ; no              ; no       ; Off          ; 3.3-V LVTTL  ; Off         ; User                 ;
; AUD_DACLRCK ; C6    ; 3        ; 1            ; 36           ; 2           ; 17                    ; 0                  ; no     ; no             ; no            ; no              ; no       ; Off          ; 3.3-V LVTTL  ; Off         ; User                 ;
; CLOCK_27    ; D13   ; 3        ; 31           ; 36           ; 3           ; 0                     ; 0                  ; no     ; no             ; no            ; no              ; no       ; Off          ; 3.3-V LVTTL  ; Off         ; User                 ;
; CLOCK_50    ; N2    ; 2        ; 0            ; 18           ; 0           ; 1                     ; 0                  ; yes    ; no             ; no            ; no              ; no       ; Off          ; 3.3-V LVTTL  ; Off         ; User                 ;
; KEY[0]      ; G26   ; 5        ; 65           ; 27           ; 1           ; 3                     ; 0                  ; no     ; no             ; no            ; no              ; no       ; Off          ; 3.3-V LVTTL  ; Off         ; User                 ;
; KEY[1]      ; N23   ; 5        ; 65           ; 20           ; 2           ; 3                     ; 0                  ; no     ; no             ; no            ; no              ; no       ; Off          ; 3.3-V LVTTL  ; Off         ; User                 ;
; KEY[2]      ; P23   ; 6        ; 65           ; 18           ; 0           ; 1                     ; 0                  ; no     ; no             ; no            ; no              ; no       ; Off          ; 3.3-V LVTTL  ; Off         ; User                 ;
; KEY[3]      ; W26   ; 6        ; 65           ; 10           ; 2           ; 2                     ; 0                  ; no     ; no             ; no            ; no              ; no       ; Off          ; 3.3-V LVTTL  ; Off         ; User                 ;
; SW[0]       ; N25   ; 5        ; 65           ; 19           ; 0           ; 14                    ; 0                  ; no     ; no             ; no            ; no              ; no       ; Off          ; 3.3-V LVTTL  ; Off         ; User                 ;
; SW[10]      ; N1    ; 2        ; 0            ; 18           ; 1           ; 0                     ; 0                  ; no     ; no             ; no            ; no              ; no       ; Off          ; 3.3-V LVTTL  ; Off         ; User                 ;
; SW[11]      ; P1    ; 1        ; 0            ; 18           ; 3           ; 0                     ; 0                  ; no     ; no             ; no            ; no              ; no       ; Off          ; 3.3-V LVTTL  ; Off         ; User                 ;
; SW[12]      ; P2    ; 1        ; 0            ; 18           ; 2           ; 0                     ; 0                  ; no     ; no             ; no            ; no              ; no       ; Off          ; 3.3-V LVTTL  ; Off         ; User                 ;
; SW[13]      ; T7    ; 1        ; 0            ; 11           ; 0           ; 0                     ; 0                  ; no     ; no             ; no            ; no              ; no       ; Off          ; 3.3-V LVTTL  ; Off         ; User                 ;
; SW[14]      ; U3    ; 1        ; 0            ; 12           ; 0           ; 0                     ; 0                  ; no     ; no             ; no            ; no              ; no       ; Off          ; 3.3-V LVTTL  ; Off         ; User                 ;
; SW[15]      ; U4    ; 1        ; 0            ; 12           ; 1           ; 0                     ; 0                  ; no     ; no             ; no            ; no              ; no       ; Off          ; 3.3-V LVTTL  ; Off         ; User                 ;
; SW[16]      ; V1    ; 1        ; 0            ; 12           ; 2           ; 0                     ; 0                  ; no     ; no             ; no            ; no              ; no       ; Off          ; 3.3-V LVTTL  ; Off         ; User                 ;
; SW[17]      ; V2    ; 1        ; 0            ; 12           ; 3           ; 4                     ; 0                  ; no     ; no             ; no            ; no              ; no       ; Off          ; 3.3-V LVTTL  ; Off         ; User                 ;
; SW[1]       ; N26   ; 5        ; 65           ; 19           ; 1           ; 18                    ; 0                  ; no     ; no             ; no            ; no              ; no       ; Off          ; 3.3-V LVTTL  ; Off         ; User                 ;
; SW[2]       ; P25   ; 6        ; 65           ; 19           ; 2           ; 17                    ; 0                  ; no     ; no             ; no            ; no              ; no       ; Off          ; 3.3-V LVTTL  ; Off         ; User                 ;
; SW[3]       ; AE14  ; 7        ; 33           ; 0            ; 0           ; 18                    ; 0                  ; no     ; no             ; no            ; no              ; no       ; Off          ; 3.3-V LVTTL  ; Off         ; User                 ;
; SW[4]       ; AF14  ; 7        ; 33           ; 0            ; 1           ; 0                     ; 0                  ; no     ; no             ; no            ; no              ; no       ; Off          ; 3.3-V LVTTL  ; Off         ; User                 ;
; SW[5]       ; AD13  ; 8        ; 33           ; 0            ; 2           ; 0                     ; 0                  ; no     ; no             ; no            ; no              ; no       ; Off          ; 3.3-V LVTTL  ; Off         ; User                 ;
; SW[6]       ; AC13  ; 8        ; 33           ; 0            ; 3           ; 0                     ; 0                  ; no     ; no             ; no            ; no              ; no       ; Off          ; 3.3-V LVTTL  ; Off         ; User                 ;
; SW[7]       ; C13   ; 3        ; 31           ; 36           ; 2           ; 0                     ; 0                  ; no     ; no             ; no            ; no              ; no       ; Off          ; 3.3-V LVTTL  ; Off         ; User                 ;
; SW[8]       ; B13   ; 4        ; 31           ; 36           ; 0           ; 0                     ; 0                  ; no     ; no             ; no            ; no              ; no       ; Off          ; 3.3-V LVTTL  ; Off         ; User                 ;
; SW[9]       ; A13   ; 4        ; 31           ; 36           ; 1           ; 0                     ; 0                  ; no     ; no             ; no            ; no              ; no       ; Off          ; 3.3-V LVTTL  ; Off         ; User                 ;
+-------------+-------+----------+--------------+--------------+-------------+-----------------------+--------------------+--------+----------------+---------------+-----------------+----------+--------------+--------------+-------------+----------------------+


+------------------------------------------------------------------------------------------------------------------------------------------------------------------------------------------------------------------------------------------------------------------------------------------------------------------------------------------+
; Output Pins                                                                                                                                                                                                                                                                                                                              ;
+------------+-------+----------+--------------+--------------+-------------+-----------------+------------------------+---------------+-----------------+------------+---------------+----------+--------------+--------------+------------------+-------------+----------------------+------+----------------------+---------------------+
; Name       ; Pin # ; I/O Bank ; X coordinate ; Y coordinate ; Cell number ; Output Register ; Output Enable Register ; Power Up High ; PCI I/O Enabled ; Open Drain ; TRI Primitive ; Bus Hold ; Weak Pull Up ; I/O Standard ; Current Strength ; Termination ; Location assigned by ; Load ; Output Enable Source ; Output Enable Group ;
+------------+-------+----------+--------------+--------------+-------------+-----------------+------------------------+---------------+-----------------+------------+---------------+----------+--------------+--------------+------------------+-------------+----------------------+------+----------------------+---------------------+
; AUD_DACDAT ; A4    ; 3        ; 1            ; 36           ; 1           ; no              ; no                     ; no            ; no              ; no         ; no            ; no       ; Off          ; 3.3-V LVTTL  ; 24mA             ; Off         ; User                 ; 0 pF ; -                    ; -                   ;
; AUD_XCK    ; A5    ; 3        ; 3            ; 36           ; 3           ; no              ; no                     ; no            ; no              ; no         ; no            ; no       ; Off          ; 3.3-V LVTTL  ; 24mA             ; Off         ; User                 ; 0 pF ; -                    ; -                   ;
; HEX0[0]    ; AF10  ; 8        ; 24           ; 0            ; 2           ; no              ; no                     ; no            ; no              ; no         ; no            ; no       ; Off          ; 3.3-V LVTTL  ; 24mA             ; Off         ; User                 ; 0 pF ; -                    ; -                   ;
; HEX0[1]    ; AB12  ; 8        ; 24           ; 0            ; 1           ; no              ; no                     ; no            ; no              ; no         ; no            ; no       ; Off          ; 3.3-V LVTTL  ; 24mA             ; Off         ; User                 ; 0 pF ; -                    ; -                   ;
; HEX0[2]    ; AC12  ; 8        ; 24           ; 0            ; 0           ; no              ; no                     ; no            ; no              ; no         ; no            ; no       ; Off          ; 3.3-V LVTTL  ; 24mA             ; Off         ; User                 ; 0 pF ; -                    ; -                   ;
; HEX0[3]    ; AD11  ; 8        ; 27           ; 0            ; 3           ; no              ; no                     ; no            ; no              ; no         ; no            ; no       ; Off          ; 3.3-V LVTTL  ; 24mA             ; Off         ; User                 ; 0 pF ; -                    ; -                   ;
; HEX0[4]    ; AE11  ; 8        ; 27           ; 0            ; 2           ; no              ; no                     ; no            ; no              ; no         ; no            ; no       ; Off          ; 3.3-V LVTTL  ; 24mA             ; Off         ; User                 ; 0 pF ; -                    ; -                   ;
; HEX0[5]    ; V14   ; 8        ; 27           ; 0            ; 1           ; no              ; no                     ; no            ; no              ; no         ; no            ; no       ; Off          ; 3.3-V LVTTL  ; 24mA             ; Off         ; User                 ; 0 pF ; -                    ; -                   ;
; HEX0[6]    ; V13   ; 8        ; 27           ; 0            ; 0           ; no              ; no                     ; no            ; no              ; no         ; no            ; no       ; Off          ; 3.3-V LVTTL  ; 24mA             ; Off         ; User                 ; 0 pF ; -                    ; -                   ;
; HEX1[0]    ; V20   ; 6        ; 65           ; 3            ; 1           ; no              ; no                     ; no            ; no              ; no         ; no            ; no       ; Off          ; 3.3-V LVTTL  ; 24mA             ; Off         ; User                 ; 0 pF ; -                    ; -                   ;
; HEX1[1]    ; V21   ; 6        ; 65           ; 3            ; 0           ; no              ; no                     ; no            ; no              ; no         ; no            ; no       ; Off          ; 3.3-V LVTTL  ; 24mA             ; Off         ; User                 ; 0 pF ; -                    ; -                   ;
; HEX1[2]    ; W21   ; 6        ; 65           ; 4            ; 2           ; no              ; no                     ; no            ; no              ; no         ; no            ; no       ; Off          ; 3.3-V LVTTL  ; 24mA             ; Off         ; User                 ; 0 pF ; -                    ; -                   ;
; HEX1[3]    ; Y22   ; 6        ; 65           ; 4            ; 1           ; no              ; no                     ; no            ; no              ; no         ; no            ; no       ; Off          ; 3.3-V LVTTL  ; 24mA             ; Off         ; User                 ; 0 pF ; -                    ; -                   ;
; HEX1[4]    ; AA24  ; 6        ; 65           ; 4            ; 0           ; no              ; no                     ; no            ; no              ; no         ; no            ; no       ; Off          ; 3.3-V LVTTL  ; 24mA             ; Off         ; User                 ; 0 pF ; -                    ; -                   ;
; HEX1[5]    ; AA23  ; 6        ; 65           ; 5            ; 2           ; no              ; no                     ; no            ; no              ; no         ; no            ; no       ; Off          ; 3.3-V LVTTL  ; 24mA             ; Off         ; User                 ; 0 pF ; -                    ; -                   ;
; HEX1[6]    ; AB24  ; 6        ; 65           ; 5            ; 1           ; no              ; no                     ; no            ; no              ; no         ; no            ; no       ; Off          ; 3.3-V LVTTL  ; 24mA             ; Off         ; User                 ; 0 pF ; -                    ; -                   ;
; HEX2[0]    ; AB23  ; 6        ; 65           ; 5            ; 0           ; no              ; no                     ; no            ; no              ; no         ; no            ; no       ; Off          ; 3.3-V LVTTL  ; 24mA             ; Off         ; User                 ; 0 pF ; -                    ; -                   ;
; HEX2[1]    ; V22   ; 6        ; 65           ; 6            ; 2           ; no              ; no                     ; no            ; no              ; no         ; no            ; no       ; Off          ; 3.3-V LVTTL  ; 24mA             ; Off         ; User                 ; 0 pF ; -                    ; -                   ;
; HEX2[2]    ; AC25  ; 6        ; 65           ; 6            ; 1           ; no              ; no                     ; no            ; no              ; no         ; no            ; no       ; Off          ; 3.3-V LVTTL  ; 24mA             ; Off         ; User                 ; 0 pF ; -                    ; -                   ;
; HEX2[3]    ; AC26  ; 6        ; 65           ; 6            ; 0           ; no              ; no                     ; no            ; no              ; no         ; no            ; no       ; Off          ; 3.3-V LVTTL  ; 24mA             ; Off         ; User                 ; 0 pF ; -                    ; -                   ;
; HEX2[4]    ; AB26  ; 6        ; 65           ; 7            ; 3           ; no              ; no                     ; no            ; no              ; no         ; no            ; no       ; Off          ; 3.3-V LVTTL  ; 24mA             ; Off         ; User                 ; 0 pF ; -                    ; -                   ;
; HEX2[5]    ; AB25  ; 6        ; 65           ; 7            ; 2           ; no              ; no                     ; no            ; no              ; no         ; no            ; no       ; Off          ; 3.3-V LVTTL  ; 24mA             ; Off         ; User                 ; 0 pF ; -                    ; -                   ;
; HEX2[6]    ; Y24   ; 6        ; 65           ; 7            ; 1           ; no              ; no                     ; no            ; no              ; no         ; no            ; no       ; Off          ; 3.3-V LVTTL  ; 24mA             ; Off         ; User                 ; 0 pF ; -                    ; -                   ;
; HEX3[0]    ; Y23   ; 6        ; 65           ; 7            ; 0           ; no              ; no                     ; no            ; no              ; no         ; no            ; no       ; Off          ; 3.3-V LVTTL  ; 24mA             ; Off         ; User                 ; 0 pF ; -                    ; -                   ;
; HEX3[1]    ; AA25  ; 6        ; 65           ; 8            ; 3           ; no              ; no                     ; no            ; no              ; no         ; no            ; no       ; Off          ; 3.3-V LVTTL  ; 24mA             ; Off         ; User                 ; 0 pF ; -                    ; -                   ;
; HEX3[2]    ; AA26  ; 6        ; 65           ; 8            ; 2           ; no              ; no                     ; no            ; no              ; no         ; no            ; no       ; Off          ; 3.3-V LVTTL  ; 24mA             ; Off         ; User                 ; 0 pF ; -                    ; -                   ;
; HEX3[3]    ; Y26   ; 6        ; 65           ; 8            ; 1           ; no              ; no                     ; no            ; no              ; no         ; no            ; no       ; Off          ; 3.3-V LVTTL  ; 24mA             ; Off         ; User                 ; 0 pF ; -                    ; -                   ;
; HEX3[4]    ; Y25   ; 6        ; 65           ; 8            ; 0           ; no              ; no                     ; no            ; no              ; no         ; no            ; no       ; Off          ; 3.3-V LVTTL  ; 24mA             ; Off         ; User                 ; 0 pF ; -                    ; -                   ;
; HEX3[5]    ; U22   ; 6        ; 65           ; 9            ; 2           ; no              ; no                     ; no            ; no              ; no         ; no            ; no       ; Off          ; 3.3-V LVTTL  ; 24mA             ; Off         ; User                 ; 0 pF ; -                    ; -                   ;
; HEX3[6]    ; W24   ; 6        ; 65           ; 9            ; 1           ; no              ; no                     ; no            ; no              ; no         ; no            ; no       ; Off          ; 3.3-V LVTTL  ; 24mA             ; Off         ; User                 ; 0 pF ; -                    ; -                   ;
; HEX4[0]    ; U9    ; 1        ; 0            ; 13           ; 2           ; no              ; no                     ; no            ; no              ; no         ; no            ; no       ; Off          ; 3.3-V LVTTL  ; 24mA             ; Off         ; User                 ; 0 pF ; -                    ; -                   ;
; HEX4[1]    ; U1    ; 1        ; 0            ; 13           ; 1           ; no              ; no                     ; no            ; no              ; no         ; no            ; no       ; Off          ; 3.3-V LVTTL  ; 24mA             ; Off         ; User                 ; 0 pF ; -                    ; -                   ;
; HEX4[2]    ; U2    ; 1        ; 0            ; 13           ; 0           ; no              ; no                     ; no            ; no              ; no         ; no            ; no       ; Off          ; 3.3-V LVTTL  ; 24mA             ; Off         ; User                 ; 0 pF ; -                    ; -                   ;
; HEX4[3]    ; T4    ; 1        ; 0            ; 14           ; 2           ; no              ; no                     ; no            ; no              ; no         ; no            ; no       ; Off          ; 3.3-V LVTTL  ; 24mA             ; Off         ; User                 ; 0 pF ; -                    ; -                   ;
; HEX4[4]    ; R7    ; 1        ; 0            ; 14           ; 1           ; no              ; no                     ; no            ; no              ; no         ; no            ; no       ; Off          ; 3.3-V LVTTL  ; 24mA             ; Off         ; User                 ; 0 pF ; -                    ; -                   ;
; HEX4[5]    ; R6    ; 1        ; 0            ; 14           ; 0           ; no              ; no                     ; no            ; no              ; no         ; no            ; no       ; Off          ; 3.3-V LVTTL  ; 24mA             ; Off         ; User                 ; 0 pF ; -                    ; -                   ;
; HEX4[6]    ; T3    ; 1        ; 0            ; 15           ; 3           ; no              ; no                     ; no            ; no              ; no         ; no            ; no       ; Off          ; 3.3-V LVTTL  ; 24mA             ; Off         ; User                 ; 0 pF ; -                    ; -                   ;
; HEX5[0]    ; T2    ; 1        ; 0            ; 15           ; 2           ; no              ; no                     ; no            ; no              ; no         ; no            ; no       ; Off          ; 3.3-V LVTTL  ; 24mA             ; Off         ; User                 ; 0 pF ; -                    ; -                   ;
; HEX5[1]    ; P6    ; 1        ; 0            ; 15           ; 1           ; no              ; no                     ; no            ; no              ; no         ; no            ; no       ; Off          ; 3.3-V LVTTL  ; 24mA             ; Off         ; User                 ; 0 pF ; -                    ; -                   ;
; HEX5[2]    ; P7    ; 1        ; 0            ; 15           ; 0           ; no              ; no                     ; no            ; no              ; no         ; no            ; no       ; Off          ; 3.3-V LVTTL  ; 24mA             ; Off         ; User                 ; 0 pF ; -                    ; -                   ;
; HEX5[3]    ; T9    ; 1        ; 0            ; 16           ; 3           ; no              ; no                     ; no            ; no              ; no         ; no            ; no       ; Off          ; 3.3-V LVTTL  ; 24mA             ; Off         ; User                 ; 0 pF ; -                    ; -                   ;
; HEX5[4]    ; R5    ; 1        ; 0            ; 16           ; 1           ; no              ; no                     ; no            ; no              ; no         ; no            ; no       ; Off          ; 3.3-V LVTTL  ; 24mA             ; Off         ; User                 ; 0 pF ; -                    ; -                   ;
; HEX5[5]    ; R4    ; 1        ; 0            ; 16           ; 0           ; no              ; no                     ; no            ; no              ; no         ; no            ; no       ; Off          ; 3.3-V LVTTL  ; 24mA             ; Off         ; User                 ; 0 pF ; -                    ; -                   ;
; HEX5[6]    ; R3    ; 1        ; 0            ; 17           ; 3           ; no              ; no                     ; no            ; no              ; no         ; no            ; no       ; Off          ; 3.3-V LVTTL  ; 24mA             ; Off         ; User                 ; 0 pF ; -                    ; -                   ;
; HEX6[0]    ; R2    ; 1        ; 0            ; 17           ; 2           ; no              ; no                     ; no            ; no              ; no         ; no            ; no       ; Off          ; 3.3-V LVTTL  ; 24mA             ; Off         ; User                 ; 0 pF ; -                    ; -                   ;
; HEX6[1]    ; P4    ; 1        ; 0            ; 17           ; 1           ; no              ; no                     ; no            ; no              ; no         ; no            ; no       ; Off          ; 3.3-V LVTTL  ; 24mA             ; Off         ; User                 ; 0 pF ; -                    ; -                   ;
; HEX6[2]    ; P3    ; 1        ; 0            ; 17           ; 0           ; no              ; no                     ; no            ; no              ; no         ; no            ; no       ; Off          ; 3.3-V LVTTL  ; 24mA             ; Off         ; User                 ; 0 pF ; -                    ; -                   ;
; HEX6[3]    ; M2    ; 2        ; 0            ; 23           ; 4           ; no              ; no                     ; no            ; no              ; no         ; no            ; no       ; Off          ; 3.3-V LVTTL  ; 24mA             ; Off         ; User                 ; 0 pF ; -                    ; -                   ;
; HEX6[4]    ; M3    ; 2        ; 0            ; 23           ; 3           ; no              ; no                     ; no            ; no              ; no         ; no            ; no       ; Off          ; 3.3-V LVTTL  ; 24mA             ; Off         ; User                 ; 0 pF ; -                    ; -                   ;
; HEX6[5]    ; M5    ; 2        ; 0            ; 23           ; 2           ; no              ; no                     ; no            ; no              ; no         ; no            ; no       ; Off          ; 3.3-V LVTTL  ; 24mA             ; Off         ; User                 ; 0 pF ; -                    ; -                   ;
; HEX6[6]    ; M4    ; 2        ; 0            ; 23           ; 1           ; no              ; no                     ; no            ; no              ; no         ; no            ; no       ; Off          ; 3.3-V LVTTL  ; 24mA             ; Off         ; User                 ; 0 pF ; -                    ; -                   ;
; HEX7[0]    ; L3    ; 2        ; 0            ; 24           ; 4           ; no              ; no                     ; no            ; no              ; no         ; no            ; no       ; Off          ; 3.3-V LVTTL  ; 24mA             ; Off         ; User                 ; 0 pF ; -                    ; -                   ;
; HEX7[1]    ; L2    ; 2        ; 0            ; 24           ; 3           ; no              ; no                     ; no            ; no              ; no         ; no            ; no       ; Off          ; 3.3-V LVTTL  ; 24mA             ; Off         ; User                 ; 0 pF ; -                    ; -                   ;
; HEX7[2]    ; L9    ; 2        ; 0            ; 24           ; 2           ; no              ; no                     ; no            ; no              ; no         ; no            ; no       ; Off          ; 3.3-V LVTTL  ; 24mA             ; Off         ; User                 ; 0 pF ; -                    ; -                   ;
; HEX7[3]    ; L6    ; 2        ; 0            ; 24           ; 1           ; no              ; no                     ; no            ; no              ; no         ; no            ; no       ; Off          ; 3.3-V LVTTL  ; 24mA             ; Off         ; User                 ; 0 pF ; -                    ; -                   ;
; HEX7[4]    ; L7    ; 2        ; 0            ; 24           ; 0           ; no              ; no                     ; no            ; no              ; no         ; no            ; no       ; Off          ; 3.3-V LVTTL  ; 24mA             ; Off         ; User                 ; 0 pF ; -                    ; -                   ;
; HEX7[5]    ; P9    ; 2        ; 0            ; 25           ; 4           ; no              ; no                     ; no            ; no              ; no         ; no            ; no       ; Off          ; 3.3-V LVTTL  ; 24mA             ; Off         ; User                 ; 0 pF ; -                    ; -                   ;
; HEX7[6]    ; N9    ; 2        ; 0            ; 25           ; 3           ; no              ; no                     ; no            ; no              ; no         ; no            ; no       ; Off          ; 3.3-V LVTTL  ; 24mA             ; Off         ; User                 ; 0 pF ; -                    ; -                   ;
; I2C_SCLK   ; A6    ; 3        ; 3            ; 36           ; 0           ; no              ; no                     ; no            ; no              ; no         ; no            ; no       ; Off          ; 3.3-V LVTTL  ; 24mA             ; Off         ; User                 ; 0 pF ; -                    ; -                   ;
; LEDG[0]    ; AE22  ; 7        ; 59           ; 0            ; 0           ; no              ; no                     ; no            ; no              ; no         ; no            ; no       ; Off          ; 3.3-V LVTTL  ; 24mA             ; Off         ; User                 ; 0 pF ; -                    ; -                   ;
; LEDG[1]    ; AF22  ; 7        ; 59           ; 0            ; 1           ; no              ; no                     ; no            ; no              ; no         ; no            ; no       ; Off          ; 3.3-V LVTTL  ; 24mA             ; Off         ; User                 ; 0 pF ; -                    ; -                   ;
; LEDG[2]    ; W19   ; 7        ; 59           ; 0            ; 2           ; no              ; no                     ; no            ; no              ; no         ; no            ; no       ; Off          ; 3.3-V LVTTL  ; 24mA             ; Off         ; User                 ; 0 pF ; -                    ; -                   ;
; LEDG[3]    ; V18   ; 7        ; 59           ; 0            ; 3           ; no              ; no                     ; no            ; no              ; no         ; no            ; no       ; Off          ; 3.3-V LVTTL  ; 24mA             ; Off         ; User                 ; 0 pF ; -                    ; -                   ;
; LEDG[4]    ; U18   ; 7        ; 57           ; 0            ; 0           ; no              ; no                     ; no            ; no              ; no         ; no            ; no       ; Off          ; 3.3-V LVTTL  ; 24mA             ; Off         ; User                 ; 0 pF ; -                    ; -                   ;
; LEDG[5]    ; U17   ; 7        ; 57           ; 0            ; 1           ; no              ; no                     ; no            ; no              ; no         ; no            ; no       ; Off          ; 3.3-V LVTTL  ; 24mA             ; Off         ; User                 ; 0 pF ; -                    ; -                   ;
; LEDG[6]    ; AA20  ; 7        ; 57           ; 0            ; 2           ; no              ; no                     ; no            ; no              ; no         ; no            ; no       ; Off          ; 3.3-V LVTTL  ; 24mA             ; Off         ; User                 ; 0 pF ; -                    ; -                   ;
; LEDG[7]    ; Y18   ; 7        ; 57           ; 0            ; 3           ; no              ; no                     ; no            ; no              ; no         ; no            ; no       ; Off          ; 3.3-V LVTTL  ; 24mA             ; Off         ; User                 ; 0 pF ; -                    ; -                   ;
; LEDG[8]    ; Y12   ; 8        ; 29           ; 0            ; 0           ; no              ; no                     ; no            ; no              ; no         ; no            ; no       ; Off          ; 3.3-V LVTTL  ; 24mA             ; Off         ; User                 ; 0 pF ; -                    ; -                   ;
; LEDR[0]    ; AE23  ; 7        ; 63           ; 0            ; 0           ; no              ; no                     ; no            ; no              ; no         ; no            ; no       ; Off          ; 3.3-V LVTTL  ; 24mA             ; Off         ; User                 ; 0 pF ; -                    ; -                   ;
; LEDR[10]   ; AA13  ; 7        ; 35           ; 0            ; 0           ; no              ; no                     ; no            ; no              ; no         ; no            ; no       ; Off          ; 3.3-V LVTTL  ; 24mA             ; Off         ; User                 ; 0 pF ; -                    ; -                   ;
; LEDR[11]   ; AC14  ; 7        ; 35           ; 0            ; 1           ; no              ; no                     ; no            ; no              ; no         ; no            ; no       ; Off          ; 3.3-V LVTTL  ; 24mA             ; Off         ; User                 ; 0 pF ; -                    ; -                   ;
; LEDR[12]   ; AD15  ; 7        ; 35           ; 0            ; 2           ; no              ; no                     ; no            ; no              ; no         ; no            ; no       ; Off          ; 3.3-V LVTTL  ; 24mA             ; Off         ; User                 ; 0 pF ; -                    ; -                   ;
; LEDR[13]   ; AE15  ; 7        ; 35           ; 0            ; 3           ; no              ; no                     ; no            ; no              ; no         ; no            ; no       ; Off          ; 3.3-V LVTTL  ; 24mA             ; Off         ; User                 ; 0 pF ; -                    ; -                   ;
; LEDR[14]   ; AF13  ; 8        ; 31           ; 0            ; 0           ; no              ; no                     ; no            ; no              ; no         ; no            ; no       ; Off          ; 3.3-V LVTTL  ; 24mA             ; Off         ; User                 ; 0 pF ; -                    ; -                   ;
; LEDR[15]   ; AE13  ; 8        ; 31           ; 0            ; 1           ; no              ; no                     ; no            ; no              ; no         ; no            ; no       ; Off          ; 3.3-V LVTTL  ; 24mA             ; Off         ; User                 ; 0 pF ; -                    ; -                   ;
; LEDR[16]   ; AE12  ; 8        ; 31           ; 0            ; 2           ; no              ; no                     ; no            ; no              ; no         ; no            ; no       ; Off          ; 3.3-V LVTTL  ; 24mA             ; Off         ; User                 ; 0 pF ; -                    ; -                   ;
; LEDR[17]   ; AD12  ; 8        ; 31           ; 0            ; 3           ; no              ; no                     ; no            ; no              ; no         ; no            ; no       ; Off          ; 3.3-V LVTTL  ; 24mA             ; Off         ; User                 ; 0 pF ; -                    ; -                   ;
; LEDR[1]    ; AF23  ; 7        ; 63           ; 0            ; 1           ; no              ; no                     ; no            ; no              ; no         ; no            ; no       ; Off          ; 3.3-V LVTTL  ; 24mA             ; Off         ; User                 ; 0 pF ; -                    ; -                   ;
; LEDR[2]    ; AB21  ; 7        ; 63           ; 0            ; 2           ; no              ; no                     ; no            ; no              ; no         ; no            ; no       ; Off          ; 3.3-V LVTTL  ; 24mA             ; Off         ; User                 ; 0 pF ; -                    ; -                   ;
; LEDR[3]    ; AC22  ; 7        ; 63           ; 0            ; 3           ; no              ; no                     ; no            ; no              ; no         ; no            ; no       ; Off          ; 3.3-V LVTTL  ; 24mA             ; Off         ; User                 ; 0 pF ; -                    ; -                   ;
; LEDR[4]    ; AD22  ; 7        ; 61           ; 0            ; 0           ; no              ; no                     ; no            ; no              ; no         ; no            ; no       ; Off          ; 3.3-V LVTTL  ; 24mA             ; Off         ; User                 ; 0 pF ; -                    ; -                   ;
; LEDR[5]    ; AD23  ; 7        ; 61           ; 0            ; 1           ; no              ; no                     ; no            ; no              ; no         ; no            ; no       ; Off          ; 3.3-V LVTTL  ; 24mA             ; Off         ; User                 ; 0 pF ; -                    ; -                   ;
; LEDR[6]    ; AD21  ; 7        ; 61           ; 0            ; 2           ; no              ; no                     ; no            ; no              ; no         ; no            ; no       ; Off          ; 3.3-V LVTTL  ; 24mA             ; Off         ; User                 ; 0 pF ; -                    ; -                   ;
; LEDR[7]    ; AC21  ; 7        ; 61           ; 0            ; 3           ; no              ; no                     ; no            ; no              ; no         ; no            ; no       ; Off          ; 3.3-V LVTTL  ; 24mA             ; Off         ; User                 ; 0 pF ; -                    ; -                   ;
; LEDR[8]    ; AA14  ; 7        ; 37           ; 0            ; 2           ; no              ; no                     ; no            ; no              ; no         ; no            ; no       ; Off          ; 3.3-V LVTTL  ; 24mA             ; Off         ; User                 ; 0 pF ; -                    ; -                   ;
; LEDR[9]    ; Y13   ; 7        ; 37           ; 0            ; 3           ; no              ; no                     ; no            ; no              ; no         ; no            ; no       ; Off          ; 3.3-V LVTTL  ; 24mA             ; Off         ; User                 ; 0 pF ; -                    ; -                   ;
; VGA_BLANK  ; D6    ; 3        ; 11           ; 36           ; 2           ; no              ; no                     ; no            ; no              ; no         ; no            ; no       ; Off          ; 3.3-V LVTTL  ; 24mA             ; Off         ; User                 ; 0 pF ; -                    ; -                   ;
; VGA_B[0]   ; J13   ; 3        ; 24           ; 36           ; 1           ; no              ; no                     ; no            ; no              ; no         ; no            ; no       ; Off          ; 3.3-V LVTTL  ; 24mA             ; Off         ; User                 ; 0 pF ; -                    ; -                   ;
; VGA_B[1]   ; J14   ; 3        ; 24           ; 36           ; 0           ; no              ; no                     ; no            ; no              ; no         ; no            ; no       ; Off          ; 3.3-V LVTTL  ; 24mA             ; Off         ; User                 ; 0 pF ; -                    ; -                   ;
; VGA_B[2]   ; F12   ; 3        ; 27           ; 36           ; 3           ; no              ; no                     ; no            ; no              ; no         ; no            ; no       ; Off          ; 3.3-V LVTTL  ; 24mA             ; Off         ; User                 ; 0 pF ; -                    ; -                   ;
; VGA_B[3]   ; G12   ; 3        ; 27           ; 36           ; 2           ; no              ; no                     ; no            ; no              ; no         ; no            ; no       ; Off          ; 3.3-V LVTTL  ; 24mA             ; Off         ; User                 ; 0 pF ; -                    ; -                   ;
; VGA_B[4]   ; J10   ; 3        ; 27           ; 36           ; 1           ; no              ; no                     ; no            ; no              ; no         ; no            ; no       ; Off          ; 3.3-V LVTTL  ; 24mA             ; Off         ; User                 ; 0 pF ; -                    ; -                   ;
; VGA_B[5]   ; J11   ; 3        ; 27           ; 36           ; 0           ; no              ; no                     ; no            ; no              ; no         ; no            ; no       ; Off          ; 3.3-V LVTTL  ; 24mA             ; Off         ; User                 ; 0 pF ; -                    ; -                   ;
; VGA_B[6]   ; C11   ; 3        ; 29           ; 36           ; 3           ; no              ; no                     ; no            ; no              ; no         ; no            ; no       ; Off          ; 3.3-V LVTTL  ; 24mA             ; Off         ; User                 ; 0 pF ; -                    ; -                   ;
; VGA_B[7]   ; B11   ; 3        ; 29           ; 36           ; 2           ; no              ; no                     ; no            ; no              ; no         ; no            ; no       ; Off          ; 3.3-V LVTTL  ; 24mA             ; Off         ; User                 ; 0 pF ; -                    ; -                   ;
; VGA_B[8]   ; C12   ; 3        ; 29           ; 36           ; 1           ; no              ; no                     ; no            ; no              ; no         ; no            ; no       ; Off          ; 3.3-V LVTTL  ; 24mA             ; Off         ; User                 ; 0 pF ; -                    ; -                   ;
; VGA_B[9]   ; B12   ; 3        ; 29           ; 36           ; 0           ; no              ; no                     ; no            ; no              ; no         ; no            ; no       ; Off          ; 3.3-V LVTTL  ; 24mA             ; Off         ; User                 ; 0 pF ; -                    ; -                   ;
; VGA_CLK    ; B8    ; 3        ; 16           ; 36           ; 1           ; no              ; no                     ; no            ; no              ; no         ; no            ; no       ; Off          ; 3.3-V LVTTL  ; 24mA             ; Off         ; User                 ; 0 pF ; -                    ; -                   ;
; VGA_G[0]   ; B9    ; 3        ; 20           ; 36           ; 3           ; no              ; no                     ; no            ; no              ; no         ; no            ; no       ; Off          ; 3.3-V LVTTL  ; 24mA             ; Off         ; User                 ; 0 pF ; -                    ; -                   ;
; VGA_G[1]   ; A9    ; 3        ; 20           ; 36           ; 2           ; no              ; no                     ; no            ; no              ; no         ; no            ; no       ; Off          ; 3.3-V LVTTL  ; 24mA             ; Off         ; User                 ; 0 pF ; -                    ; -                   ;
; VGA_G[2]   ; C10   ; 3        ; 20           ; 36           ; 1           ; no              ; no                     ; no            ; no              ; no         ; no            ; no       ; Off          ; 3.3-V LVTTL  ; 24mA             ; Off         ; User                 ; 0 pF ; -                    ; -                   ;
; VGA_G[3]   ; D10   ; 3        ; 20           ; 36           ; 0           ; no              ; no                     ; no            ; no              ; no         ; no            ; no       ; Off          ; 3.3-V LVTTL  ; 24mA             ; Off         ; User                 ; 0 pF ; -                    ; -                   ;
; VGA_G[4]   ; B10   ; 3        ; 22           ; 36           ; 3           ; no              ; no                     ; no            ; no              ; no         ; no            ; no       ; Off          ; 3.3-V LVTTL  ; 24mA             ; Off         ; User                 ; 0 pF ; -                    ; -                   ;
; VGA_G[5]   ; A10   ; 3        ; 22           ; 36           ; 2           ; no              ; no                     ; no            ; no              ; no         ; no            ; no       ; Off          ; 3.3-V LVTTL  ; 24mA             ; Off         ; User                 ; 0 pF ; -                    ; -                   ;
; VGA_G[6]   ; G11   ; 3        ; 22           ; 36           ; 1           ; no              ; no                     ; no            ; no              ; no         ; no            ; no       ; Off          ; 3.3-V LVTTL  ; 24mA             ; Off         ; User                 ; 0 pF ; -                    ; -                   ;
; VGA_G[7]   ; D11   ; 3        ; 22           ; 36           ; 0           ; no              ; no                     ; no            ; no              ; no         ; no            ; no       ; Off          ; 3.3-V LVTTL  ; 24mA             ; Off         ; User                 ; 0 pF ; -                    ; -                   ;
; VGA_G[8]   ; E12   ; 3        ; 24           ; 36           ; 3           ; no              ; no                     ; no            ; no              ; no         ; no            ; no       ; Off          ; 3.3-V LVTTL  ; 24mA             ; Off         ; User                 ; 0 pF ; -                    ; -                   ;
; VGA_G[9]   ; D12   ; 3        ; 24           ; 36           ; 2           ; no              ; no                     ; no            ; no              ; no         ; no            ; no       ; Off          ; 3.3-V LVTTL  ; 24mA             ; Off         ; User                 ; 0 pF ; -                    ; -                   ;
; VGA_HS     ; A7    ; 3        ; 11           ; 36           ; 0           ; no              ; no                     ; no            ; no              ; no         ; no            ; no       ; Off          ; 3.3-V LVTTL  ; 24mA             ; Off         ; User                 ; 0 pF ; -                    ; -                   ;
; VGA_R[0]   ; C8    ; 3        ; 14           ; 36           ; 2           ; no              ; no                     ; no            ; no              ; no         ; no            ; no       ; Off          ; 3.3-V LVTTL  ; 24mA             ; Off         ; User                 ; 0 pF ; -                    ; -                   ;
; VGA_R[1]   ; F10   ; 3        ; 14           ; 36           ; 1           ; no              ; no                     ; no            ; no              ; no         ; no            ; no       ; Off          ; 3.3-V LVTTL  ; 24mA             ; Off         ; User                 ; 0 pF ; -                    ; -                   ;
; VGA_R[2]   ; G10   ; 3        ; 14           ; 36           ; 0           ; no              ; no                     ; no            ; no              ; no         ; no            ; no       ; Off          ; 3.3-V LVTTL  ; 24mA             ; Off         ; User                 ; 0 pF ; -                    ; -                   ;
; VGA_R[3]   ; D9    ; 3        ; 16           ; 36           ; 3           ; no              ; no                     ; no            ; no              ; no         ; no            ; no       ; Off          ; 3.3-V LVTTL  ; 24mA             ; Off         ; User                 ; 0 pF ; -                    ; -                   ;
; VGA_R[4]   ; C9    ; 3        ; 16           ; 36           ; 2           ; no              ; no                     ; no            ; no              ; no         ; no            ; no       ; Off          ; 3.3-V LVTTL  ; 24mA             ; Off         ; User                 ; 0 pF ; -                    ; -                   ;
; VGA_R[5]   ; A8    ; 3        ; 16           ; 36           ; 0           ; no              ; no                     ; no            ; no              ; no         ; no            ; no       ; Off          ; 3.3-V LVTTL  ; 24mA             ; Off         ; User                 ; 0 pF ; -                    ; -                   ;
; VGA_R[6]   ; H11   ; 3        ; 18           ; 36           ; 3           ; no              ; no                     ; no            ; no              ; no         ; no            ; no       ; Off          ; 3.3-V LVTTL  ; 24mA             ; Off         ; User                 ; 0 pF ; -                    ; -                   ;
; VGA_R[7]   ; H12   ; 3        ; 18           ; 36           ; 2           ; no              ; no                     ; no            ; no              ; no         ; no            ; no       ; Off          ; 3.3-V LVTTL  ; 24mA             ; Off         ; User                 ; 0 pF ; -                    ; -                   ;
; VGA_R[8]   ; F11   ; 3        ; 18           ; 36           ; 1           ; no              ; no                     ; no            ; no              ; no         ; no            ; no       ; Off          ; 3.3-V LVTTL  ; 24mA             ; Off         ; User                 ; 0 pF ; -                    ; -                   ;
; VGA_R[9]   ; E10   ; 3        ; 18           ; 36           ; 0           ; no              ; no                     ; no            ; no              ; no         ; no            ; no       ; Off          ; 3.3-V LVTTL  ; 24mA             ; Off         ; User                 ; 0 pF ; -                    ; -                   ;
; VGA_SYNC   ; B7    ; 3        ; 11           ; 36           ; 1           ; no              ; no                     ; no            ; no              ; no         ; no            ; no       ; Off          ; 3.3-V LVTTL  ; 24mA             ; Off         ; User                 ; 0 pF ; -                    ; -                   ;
; VGA_VS     ; D8    ; 3        ; 14           ; 36           ; 3           ; no              ; no                     ; no            ; no              ; no         ; no            ; no       ; Off          ; 3.3-V LVTTL  ; 24mA             ; Off         ; User                 ; 0 pF ; -                    ; -                   ;
+------------+-------+----------+--------------+--------------+-------------+-----------------+------------------------+---------------+-----------------+------------+---------------+----------+--------------+--------------+------------------+-------------+----------------------+------+----------------------+---------------------+


+--------------------------------------------------------------------------------------------------------------------------------------------------------------------------------------------------------------------------------------------------------------------------------------------------------------------------------------------------------------------------------------------------------------------+
; Bidir Pins                                                                                                                                                                                                                                                                                                                                                                                                         ;
+----------+-------+----------+--------------+--------------+-------------+-----------------------+--------------------+--------+----------------+-----------------+------------------------+---------------+-----------------+------------+----------+--------------+--------------+------------------+-------------+----------------------+------+-------------------------------------------+---------------------+
; Name     ; Pin # ; I/O Bank ; X coordinate ; Y coordinate ; Cell number ; Combinational Fan-Out ; Registered Fan-Out ; Global ; Input Register ; Output Register ; Output Enable Register ; Power Up High ; PCI I/O Enabled ; Open Drain ; Bus Hold ; Weak Pull Up ; I/O Standard ; Current Strength ; Termination ; Location assigned by ; Load ; Output Enable Source                      ; Output Enable Group ;
+----------+-------+----------+--------------+--------------+-------------+-----------------------+--------------------+--------+----------------+-----------------+------------------------+---------------+-----------------+------------+----------+--------------+--------------+------------------+-------------+----------------------+------+-------------------------------------------+---------------------+
; I2C_SDAT ; B6    ; 3        ; 3            ; 36           ; 1           ; 0                     ; 0                  ; no     ; no             ; no              ; no                     ; no            ; no              ; no         ; no       ; Off          ; 3.3-V LVTTL  ; 24mA             ; Off         ; User                 ; 0 pF ; i2c_av_config:u_i2c_cfg|sda_oe (inverted) ; -                   ;
+----------+-------+----------+--------------+--------------+-------------+-----------------------+--------------------+--------+----------------+-----------------+------------------------+---------------+-----------------+------------+----------+--------------+--------------+------------------+-------------+----------------------+------+-------------------------------------------+---------------------+


+------------------------------------------------------------+
; I/O Bank Usage                                             ;
+----------+------------------+---------------+--------------+
; I/O Bank ; Usage            ; VCCIO Voltage ; VREF Voltage ;
+----------+------------------+---------------+--------------+
; 1        ; 24 / 64 ( 38 % ) ; 3.3V          ; --           ;
; 2        ; 15 / 59 ( 25 % ) ; 3.3V          ; --           ;
; 3        ; 45 / 56 ( 80 % ) ; 3.3V          ; --           ;
; 4        ; 2 / 58 ( 3 % )   ; 3.3V          ; --           ;
; 5        ; 4 / 65 ( 6 % )   ; 3.3V          ; --           ;
; 6        ; 25 / 59 ( 42 % ) ; 3.3V          ; --           ;
; 7        ; 24 / 58 ( 41 % ) ; 3.3V          ; --           ;
; 8        ; 14 / 56 ( 25 % ) ; 3.3V          ; --           ;
+----------+------------------+---------------+--------------+


+------------------------------------------------------------------------------------------------------------------------------------------------------------------------+
; All Package Pins                                                                                                                                                       ;
+----------+------------+----------+------------------------------------------+--------+--------------+---------+------------+-----------------+----------+--------------+
; Location ; Pad Number ; I/O Bank ; Pin Name/Usage                           ; Dir.   ; I/O Standard ; Voltage ; I/O Type   ; User Assignment ; Bus Hold ; Weak Pull Up ;
+----------+------------+----------+------------------------------------------+--------+--------------+---------+------------+-----------------+----------+--------------+
; A2       ;            ;          ; GND                                      ; gnd    ;              ;         ; --         ;                 ; --       ; --           ;
; A3       ;            ; 3        ; VCCIO3                                   ; power  ;              ; 3.3V    ; --         ;                 ; --       ; --           ;
; A4       ; 484        ; 3        ; AUD_DACDAT                               ; output ; 3.3-V LVTTL  ;         ; Column I/O ; Y               ; no       ; Off          ;
; A5       ; 482        ; 3        ; AUD_XCK                                  ; output ; 3.3-V LVTTL  ;         ; Column I/O ; Y               ; no       ; Off          ;
; A6       ; 479        ; 3        ; I2C_SCLK                                 ; output ; 3.3-V LVTTL  ;         ; Column I/O ; Y               ; no       ; Off          ;
; A7       ; 465        ; 3        ; VGA_HS                                   ; output ; 3.3-V LVTTL  ;         ; Column I/O ; Y               ; no       ; Off          ;
; A8       ; 457        ; 3        ; VGA_R[5]                                 ; output ; 3.3-V LVTTL  ;         ; Column I/O ; Y               ; no       ; Off          ;
; A9       ; 451        ; 3        ; VGA_G[1]                                 ; output ; 3.3-V LVTTL  ;         ; Column I/O ; Y               ; no       ; Off          ;
; A10      ; 447        ; 3        ; VGA_G[5]                                 ; output ; 3.3-V LVTTL  ;         ; Column I/O ; Y               ; no       ; Off          ;
; A11      ;            ; 3        ; VCCIO3                                   ; power  ;              ; 3.3V    ; --         ;                 ; --       ; --           ;
; A12      ;            ;          ; GND                                      ; gnd    ;              ;         ; --         ;                 ; --       ; --           ;
; A13      ; 430        ; 4        ; SW[9]                                    ; input  ; 3.3-V LVTTL  ;         ; Column I/O ; Y               ; no       ; Off          ;
; A14      ; 427        ; 4        ; GND*                                     ;        ;              ;         ; Column I/O ;                 ; no       ; Off          ;
; A15      ;            ;          ; GND                                      ; gnd    ;              ;         ; --         ;                 ; --       ; --           ;
; A16      ;            ; 4        ; VCCIO4                                   ; power  ;              ; 3.3V    ; --         ;                 ; --       ; --           ;
; A17      ; 412        ; 4        ; GND*                                     ;        ;              ;         ; Column I/O ;                 ; no       ; Off          ;
; A18      ; 406        ; 4        ; GND*                                     ;        ;              ;         ; Column I/O ;                 ; no       ; Off          ;
; A19      ; 394        ; 4        ; GND*                                     ;        ;              ;         ; Column I/O ;                 ; no       ; Off          ;
; A20      ; 390        ; 4        ; GND*                                     ;        ;              ;         ; Column I/O ;                 ; no       ; Off          ;
; A21      ; 382        ; 4        ; GND*                                     ;        ;              ;         ; Column I/O ;                 ; no       ; Off          ;
; A22      ; 379        ; 4        ; GND*                                     ;        ;              ;         ; Column I/O ;                 ; no       ; Off          ;
; A23      ; 378        ; 4        ; GND*                                     ;        ;              ;         ; Column I/O ;                 ; no       ; Off          ;
; A24      ;            ; 4        ; VCCIO4                                   ; power  ;              ; 3.3V    ; --         ;                 ; --       ; --           ;
; A25      ;            ;          ; GND                                      ; gnd    ;              ;         ; --         ;                 ; --       ; --           ;
; AA1      ; 107        ; 1        ; GND*                                     ;        ;              ;         ; Row I/O    ;                 ; no       ; Off          ;
; AA2      ; 106        ; 1        ; GND*                                     ;        ;              ;         ; Row I/O    ;                 ; no       ; Off          ;
; AA3      ; 117        ; 1        ; GND*                                     ;        ;              ;         ; Row I/O    ;                 ; no       ; Off          ;
; AA4      ; 116        ; 1        ; GND*                                     ;        ;              ;         ; Row I/O    ;                 ; no       ; Off          ;
; AA5      ; 120        ; 1        ; GND*                                     ;        ;              ;         ; Row I/O    ;                 ; no       ; Off          ;
; AA6      ; 130        ; 1        ; GND*                                     ;        ;              ;         ; Row I/O    ;                 ; no       ; Off          ;
; AA7      ; 129        ; 1        ; GND*                                     ;        ;              ;         ; Row I/O    ;                 ; no       ; Off          ;
; AA8      ;            ;          ; VCCA_PLL1                                ; power  ;              ; 1.2V    ; --         ;                 ; --       ; --           ;
; AA9      ; 152        ; 8        ; GND*                                     ;        ;              ;         ; Column I/O ;                 ; no       ; Off          ;
; AA10     ; 153        ; 8        ; GND*                                     ;        ;              ;         ; Column I/O ;                 ; no       ; Off          ;
; AA11     ; 155        ; 8        ; GND*                                     ;        ;              ;         ; Column I/O ;                 ; no       ; Off          ;
; AA12     ; 179        ; 8        ; GND*                                     ;        ;              ;         ; Column I/O ;                 ; no       ; Off          ;
; AA13     ; 192        ; 7        ; LEDR[10]                                 ; output ; 3.3-V LVTTL  ;         ; Column I/O ; Y               ; no       ; Off          ;
; AA14     ; 194        ; 7        ; LEDR[8]                                  ; output ; 3.3-V LVTTL  ;         ; Column I/O ; Y               ; no       ; Off          ;
; AA15     ; 197        ; 7        ; GND*                                     ;        ;              ;         ; Column I/O ;                 ; no       ; Off          ;
; AA16     ; 209        ; 7        ; GND*                                     ;        ;              ;         ; Column I/O ;                 ; no       ; Off          ;
; AA17     ; 219        ; 7        ; GND*                                     ;        ;              ;         ; Column I/O ;                 ; no       ; Off          ;
; AA18     ; 220        ; 7        ; GND*                                     ;        ;              ;         ; Column I/O ;                 ; no       ; Off          ;
; AA19     ;            ;          ; VCCA_PLL4                                ; power  ;              ; 1.2V    ; --         ;                 ; --       ; --           ;
; AA20     ; 230        ; 7        ; LEDG[6]                                  ; output ; 3.3-V LVTTL  ;         ; Column I/O ; Y               ; no       ; Off          ;
; AA21     ;            ;          ; GND_PLL4                                 ; gnd    ;              ;         ; --         ;                 ; --       ; --           ;
; AA22     ;            ; 6        ; VCCIO6                                   ; power  ;              ; 3.3V    ; --         ;                 ; --       ; --           ;
; AA23     ; 256        ; 6        ; HEX1[5]                                  ; output ; 3.3-V LVTTL  ;         ; Row I/O    ; Y               ; no       ; Off          ;
; AA24     ; 255        ; 6        ; HEX1[4]                                  ; output ; 3.3-V LVTTL  ;         ; Row I/O    ; Y               ; no       ; Off          ;
; AA25     ; 266        ; 6        ; HEX3[1]                                  ; output ; 3.3-V LVTTL  ;         ; Row I/O    ; Y               ; no       ; Off          ;
; AA26     ; 267        ; 6        ; HEX3[2]                                  ; output ; 3.3-V LVTTL  ;         ; Row I/O    ; Y               ; no       ; Off          ;
; AB1      ; 115        ; 1        ; GND*                                     ;        ;              ;         ; Row I/O    ;                 ; no       ; Off          ;
; AB2      ; 114        ; 1        ; GND*                                     ;        ;              ;         ; Row I/O    ;                 ; no       ; Off          ;
; AB3      ; 126        ; 1        ; GND*                                     ;        ;              ;         ; Row I/O    ;                 ; no       ; Off          ;
; AB4      ; 127        ; 1        ; GND*                                     ;        ;              ;         ; Row I/O    ;                 ; no       ; Off          ;
; AB5      ;            ; 1        ; VCCIO1                                   ; power  ;              ; 3.3V    ; --         ;                 ; --       ; --           ;
; AB6      ;            ; 8        ; VCCIO8                                   ; power  ;              ; 3.3V    ; --         ;                 ; --       ; --           ;
; AB7      ;            ;          ; GND                                      ; gnd    ;              ;         ; --         ;                 ; --       ; --           ;
; AB8      ; 147        ; 8        ; GND*                                     ;        ;              ;         ; Column I/O ;                 ; no       ; Off          ;
; AB9      ;            ; 8        ; VCCIO8                                   ; power  ;              ; 3.3V    ; --         ;                 ; --       ; --           ;
; AB10     ; 154        ; 8        ; GND*                                     ;        ;              ;         ; Column I/O ;                 ; no       ; Off          ;
; AB11     ;            ;          ; GND                                      ; gnd    ;              ;         ; --         ;                 ; --       ; --           ;
; AB12     ; 171        ; 8        ; HEX0[1]                                  ; output ; 3.3-V LVTTL  ;         ; Column I/O ; Y               ; no       ; Off          ;
; AB13     ;            ; 8        ; VCCIO8                                   ; power  ;              ; 3.3V    ; --         ;                 ; --       ; --           ;
; AB14     ;            ; 7        ; VCCIO7                                   ; power  ;              ; 3.3V    ; --         ;                 ; --       ; --           ;
; AB15     ; 198        ; 7        ; GND*                                     ;        ;              ;         ; Column I/O ;                 ; no       ; Off          ;
; AB16     ;            ;          ; GND                                      ; gnd    ;              ;         ; --         ;                 ; --       ; --           ;
; AB17     ;            ; 7        ; VCCIO7                                   ; power  ;              ; 3.3V    ; --         ;                 ; --       ; --           ;
; AB18     ; 215        ; 7        ; GND*                                     ;        ;              ;         ; Column I/O ;                 ; no       ; Off          ;
; AB19     ;            ;          ; GND                                      ; gnd    ;              ;         ; --         ;                 ; --       ; --           ;
; AB20     ; 225        ; 7        ; GND*                                     ;        ;              ;         ; Column I/O ;                 ; no       ; Off          ;
; AB21     ; 242        ; 7        ; LEDR[2]                                  ; output ; 3.3-V LVTTL  ;         ; Column I/O ; Y               ; no       ; Off          ;
; AB22     ;            ; 7        ; VCCIO7                                   ; power  ;              ; 3.3V    ; --         ;                 ; --       ; --           ;
; AB23     ; 258        ; 6        ; HEX2[0]                                  ; output ; 3.3-V LVTTL  ;         ; Row I/O    ; Y               ; no       ; Off          ;
; AB24     ; 257        ; 6        ; HEX1[6]                                  ; output ; 3.3-V LVTTL  ;         ; Row I/O    ; Y               ; no       ; Off          ;
; AB25     ; 263        ; 6        ; HEX2[5]                                  ; output ; 3.3-V LVTTL  ;         ; Row I/O    ; Y               ; no       ; Off          ;
; AB26     ; 262        ; 6        ; HEX2[4]                                  ; output ; 3.3-V LVTTL  ;         ; Row I/O    ; Y               ; no       ; Off          ;
; AC1      ; 119        ; 1        ; GND*                                     ;        ;              ;         ; Row I/O    ;                 ; no       ; Off          ;
; AC2      ; 118        ; 1        ; GND*                                     ;        ;              ;         ; Row I/O    ;                 ; no       ; Off          ;
; AC3      ; 128        ; 1        ; GND*                                     ;        ;              ;         ; Row I/O    ;                 ; no       ; Off          ;
; AC4      ;            ;          ; GND                                      ; gnd    ;              ;         ; --         ;                 ; --       ; --           ;
; AC5      ; 133        ; 8        ; GND*                                     ;        ;              ;         ; Column I/O ;                 ; no       ; Off          ;
; AC6      ; 134        ; 8        ; GND*                                     ;        ;              ;         ; Column I/O ;                 ; no       ; Off          ;
; AC7      ; 143        ; 8        ; GND*                                     ;        ;              ;         ; Column I/O ;                 ; --       ; --           ;
; AC8      ; 148        ; 8        ; GND*                                     ;        ;              ;         ; Column I/O ;                 ; no       ; Off          ;
; AC9      ; 163        ; 8        ; GND*                                     ;        ;              ;         ; Column I/O ;                 ; no       ; Off          ;
; AC10     ; 164        ; 8        ; GND*                                     ;        ;              ;         ; Column I/O ;                 ; no       ; Off          ;
; AC11     ; 168        ; 8        ; GND*                                     ;        ;              ;         ; Column I/O ;                 ; no       ; Off          ;
; AC12     ; 172        ; 8        ; HEX0[2]                                  ; output ; 3.3-V LVTTL  ;         ; Column I/O ; Y               ; no       ; Off          ;
; AC13     ; 185        ; 8        ; SW[6]                                    ; input  ; 3.3-V LVTTL  ;         ; Column I/O ; Y               ; no       ; Off          ;
; AC14     ; 191        ; 7        ; LEDR[11]                                 ; output ; 3.3-V LVTTL  ;         ; Column I/O ; Y               ; no       ; Off          ;
; AC15     ; 199        ; 7        ; GND*                                     ;        ;              ;         ; Column I/O ;                 ; no       ; Off          ;
; AC16     ; 202        ; 7        ; GND*                                     ;        ;              ;         ; Column I/O ;                 ; --       ; --           ;
; AC17     ; 207        ; 7        ; GND*                                     ;        ;              ;         ; Column I/O ;                 ; no       ; Off          ;
; AC18     ; 216        ; 7        ; GND*                                     ;        ;              ;         ; Column I/O ;                 ; no       ; Off          ;
; AC19     ; 222        ; 7        ; GND*                                     ;        ;              ;         ; Column I/O ;                 ; no       ; Off          ;
; AC20     ; 226        ; 7        ; GND*                                     ;        ;              ;         ; Column I/O ;                 ; no       ; Off          ;
; AC21     ; 237        ; 7        ; LEDR[7]                                  ; output ; 3.3-V LVTTL  ;         ; Column I/O ; Y               ; no       ; Off          ;
; AC22     ; 241        ; 7        ; LEDR[3]                                  ; output ; 3.3-V LVTTL  ;         ; Column I/O ; Y               ; no       ; Off          ;
; AC23     ; 245        ; 6        ; GND*                                     ;        ;              ;         ; Row I/O    ;                 ; no       ; Off          ;
; AC24     ;            ;          ; NC                                       ;        ;              ;         ; --         ;                 ; --       ; --           ;
; AC25     ; 260        ; 6        ; HEX2[2]                                  ; output ; 3.3-V LVTTL  ;         ; Row I/O    ; Y               ; no       ; Off          ;
; AC26     ; 261        ; 6        ; HEX2[3]                                  ; output ; 3.3-V LVTTL  ;         ; Row I/O    ; Y               ; no       ; Off          ;
; AD1      ;            ; 1        ; VCCIO1                                   ; power  ;              ; 3.3V    ; --         ;                 ; --       ; --           ;
; AD2      ; 122        ; 1        ; GND*                                     ;        ;              ;         ; Row I/O    ;                 ; no       ; Off          ;
; AD3      ; 123        ; 1        ; GND*                                     ;        ;              ;         ; Row I/O    ;                 ; no       ; Off          ;
; AD4      ; 135        ; 8        ; GND*                                     ;        ;              ;         ; Column I/O ;                 ; no       ; Off          ;
; AD5      ; 136        ; 8        ; GND*                                     ;        ;              ;         ; Column I/O ;                 ; no       ; Off          ;
; AD6      ; 139        ; 8        ; GND*                                     ;        ;              ;         ; Column I/O ;                 ; no       ; Off          ;
; AD7      ; 140        ; 8        ; GND*                                     ;        ;              ;         ; Column I/O ;                 ; no       ; Off          ;
; AD8      ; 149        ; 8        ; GND*                                     ;        ;              ;         ; Column I/O ;                 ; no       ; Off          ;
; AD9      ;            ;          ; GND                                      ; gnd    ;              ;         ; --         ;                 ; --       ; --           ;
; AD10     ; 167        ; 8        ; GND*                                     ;        ;              ;         ; Column I/O ;                 ; no       ; Off          ;
; AD11     ; 173        ; 8        ; HEX0[3]                                  ; output ; 3.3-V LVTTL  ;         ; Column I/O ; Y               ; no       ; Off          ;
; AD12     ; 181        ; 8        ; LEDR[17]                                 ; output ; 3.3-V LVTTL  ;         ; Column I/O ; Y               ; no       ; Off          ;
; AD13     ; 186        ; 8        ; SW[5]                                    ; input  ; 3.3-V LVTTL  ;         ; Column I/O ; Y               ; no       ; Off          ;
; AD14     ;            ;          ; GND                                      ; gnd    ;              ;         ; --         ;                 ; --       ; --           ;
; AD15     ; 190        ; 7        ; LEDR[12]                                 ; output ; 3.3-V LVTTL  ;         ; Column I/O ; Y               ; no       ; Off          ;
; AD16     ; 201        ; 7        ; GND*                                     ;        ;              ;         ; Column I/O ;                 ; no       ; Off          ;
; AD17     ; 208        ; 7        ; GND*                                     ;        ;              ;         ; Column I/O ;                 ; no       ; Off          ;
; AD18     ;            ;          ; GND                                      ; gnd    ;              ;         ; --         ;                 ; --       ; --           ;
; AD19     ; 221        ; 7        ; GND*                                     ;        ;              ;         ; Column I/O ;                 ; no       ; Off          ;
; AD20     ;            ; 7        ; VCCIO7                                   ; power  ;              ; 3.3V    ; --         ;                 ; --       ; --           ;
; AD21     ; 238        ; 7        ; LEDR[6]                                  ; output ; 3.3-V LVTTL  ;         ; Column I/O ; Y               ; no       ; Off          ;
; AD22     ; 240        ; 7        ; LEDR[4]                                  ; output ; 3.3-V LVTTL  ;         ; Column I/O ; Y               ; no       ; Off          ;
; AD23     ; 239        ; 7        ; LEDR[5]                                  ; output ; 3.3-V LVTTL  ;         ; Column I/O ; Y               ; no       ; Off          ;
; AD24     ; 249        ; 6        ; GND*                                     ;        ;              ;         ; Row I/O    ;                 ; no       ; Off          ;
; AD25     ; 248        ; 6        ; GND*                                     ;        ;              ;         ; Row I/O    ;                 ; no       ; Off          ;
; AD26     ;            ; 6        ; VCCIO6                                   ; power  ;              ; 3.3V    ; --         ;                 ; --       ; --           ;
; AE1      ;            ;          ; GND                                      ; gnd    ;              ;         ; --         ;                 ; --       ; --           ;
; AE2      ; 124        ; 1        ; GND*                                     ;        ;              ;         ; Row I/O    ;                 ; no       ; Off          ;
; AE3      ; 125        ; 1        ; GND*                                     ;        ;              ;         ; Row I/O    ;                 ; no       ; Off          ;
; AE4      ; 131        ; 8        ; GND*                                     ;        ;              ;         ; Column I/O ;                 ; no       ; Off          ;
; AE5      ; 137        ; 8        ; GND*                                     ;        ;              ;         ; Column I/O ;                 ; no       ; Off          ;
; AE6      ; 150        ; 8        ; GND*                                     ;        ;              ;         ; Column I/O ;                 ; no       ; Off          ;
; AE7      ; 157        ; 8        ; GND*                                     ;        ;              ;         ; Column I/O ;                 ; no       ; Off          ;
; AE8      ; 159        ; 8        ; GND*                                     ;        ;              ;         ; Column I/O ;                 ; no       ; Off          ;
; AE9      ; 165        ; 8        ; GND*                                     ;        ;              ;         ; Column I/O ;                 ; no       ; Off          ;
; AE10     ; 169        ; 8        ; GND*                                     ;        ;              ;         ; Column I/O ;                 ; no       ; Off          ;
; AE11     ; 174        ; 8        ; HEX0[4]                                  ; output ; 3.3-V LVTTL  ;         ; Column I/O ; Y               ; no       ; Off          ;
; AE12     ; 182        ; 8        ; LEDR[16]                                 ; output ; 3.3-V LVTTL  ;         ; Column I/O ; Y               ; no       ; Off          ;
; AE13     ; 183        ; 8        ; LEDR[15]                                 ; output ; 3.3-V LVTTL  ;         ; Column I/O ; Y               ; no       ; Off          ;
; AE14     ; 188        ; 7        ; SW[3]                                    ; input  ; 3.3-V LVTTL  ;         ; Column I/O ; Y               ; no       ; Off          ;
; AE15     ; 189        ; 7        ; LEDR[13]                                 ; output ; 3.3-V LVTTL  ;         ; Column I/O ; Y               ; no       ; Off          ;
; AE16     ; 200        ; 7        ; GND*                                     ;        ;              ;         ; Column I/O ;                 ; no       ; Off          ;
; AE17     ; 206        ; 7        ; GND*                                     ;        ;              ;         ; Column I/O ;                 ; no       ; Off          ;
; AE18     ; 212        ; 7        ; GND*                                     ;        ;              ;         ; Column I/O ;                 ; no       ; Off          ;
; AE19     ; 214        ; 7        ; GND*                                     ;        ;              ;         ; Column I/O ;                 ; no       ; Off          ;
; AE20     ; 224        ; 7        ; GND*                                     ;        ;              ;         ; Column I/O ;                 ; no       ; Off          ;
; AE21     ; 228        ; 7        ; GND*                                     ;        ;              ;         ; Column I/O ;                 ; no       ; Off          ;
; AE22     ; 236        ; 7        ; LEDG[0]                                  ; output ; 3.3-V LVTTL  ;         ; Column I/O ; Y               ; no       ; Off          ;
; AE23     ; 244        ; 7        ; LEDR[0]                                  ; output ; 3.3-V LVTTL  ;         ; Column I/O ; Y               ; no       ; Off          ;
; AE24     ; 247        ; 6        ; ~LVDS150p/nCEO~                          ; output ; 3.3-V LVTTL  ;         ; Row I/O    ; N               ; no       ; Off          ;
; AE25     ; 246        ; 6        ; GND*                                     ;        ;              ;         ; Row I/O    ;                 ; no       ; Off          ;
; AE26     ;            ;          ; GND                                      ; gnd    ;              ;         ; --         ;                 ; --       ; --           ;
; AF2      ;            ;          ; GND                                      ; gnd    ;              ;         ; --         ;                 ; --       ; --           ;
; AF3      ;            ; 8        ; VCCIO8                                   ; power  ;              ; 3.3V    ; --         ;                 ; --       ; --           ;
; AF4      ; 132        ; 8        ; GND*                                     ;        ;              ;         ; Column I/O ;                 ; no       ; Off          ;
; AF5      ; 138        ; 8        ; GND*                                     ;        ;              ;         ; Column I/O ;                 ; no       ; Off          ;
; AF6      ; 151        ; 8        ; GND*                                     ;        ;              ;         ; Column I/O ;                 ; no       ; Off          ;
; AF7      ; 158        ; 8        ; GND*                                     ;        ;              ;         ; Column I/O ;                 ; no       ; Off          ;
; AF8      ; 160        ; 8        ; GND*                                     ;        ;              ;         ; Column I/O ;                 ; no       ; Off          ;
; AF9      ; 166        ; 8        ; GND*                                     ;        ;              ;         ; Column I/O ;                 ; no       ; Off          ;
; AF10     ; 170        ; 8        ; HEX0[0]                                  ; output ; 3.3-V LVTTL  ;         ; Column I/O ; Y               ; no       ; Off          ;
; AF11     ;            ; 8        ; VCCIO8                                   ; power  ;              ; 3.3V    ; --         ;                 ; --       ; --           ;
; AF12     ;            ;          ; GND                                      ; gnd    ;              ;         ; --         ;                 ; --       ; --           ;
; AF13     ; 184        ; 8        ; LEDR[14]                                 ; output ; 3.3-V LVTTL  ;         ; Column I/O ; Y               ; no       ; Off          ;
; AF14     ; 187        ; 7        ; SW[4]                                    ; input  ; 3.3-V LVTTL  ;         ; Column I/O ; Y               ; no       ; Off          ;
; AF15     ;            ;          ; GND                                      ; gnd    ;              ;         ; --         ;                 ; --       ; --           ;
; AF16     ;            ; 7        ; VCCIO7                                   ; power  ;              ; 3.3V    ; --         ;                 ; --       ; --           ;
; AF17     ; 205        ; 7        ; GND*                                     ;        ;              ;         ; Column I/O ;                 ; no       ; Off          ;
; AF18     ; 211        ; 7        ; GND*                                     ;        ;              ;         ; Column I/O ;                 ; no       ; Off          ;
; AF19     ; 213        ; 7        ; GND*                                     ;        ;              ;         ; Column I/O ;                 ; no       ; Off          ;
; AF20     ; 223        ; 7        ; GND*                                     ;        ;              ;         ; Column I/O ;                 ; no       ; Off          ;
; AF21     ; 227        ; 7        ; GND*                                     ;        ;              ;         ; Column I/O ;                 ; no       ; Off          ;
; AF22     ; 235        ; 7        ; LEDG[1]                                  ; output ; 3.3-V LVTTL  ;         ; Column I/O ; Y               ; no       ; Off          ;
; AF23     ; 243        ; 7        ; LEDR[1]                                  ; output ; 3.3-V LVTTL  ;         ; Column I/O ; Y               ; no       ; Off          ;
; AF24     ;            ; 7        ; VCCIO7                                   ; power  ;              ; 3.3V    ; --         ;                 ; --       ; --           ;
; AF25     ;            ;          ; GND                                      ; gnd    ;              ;         ; --         ;                 ; --       ; --           ;
; B1       ;            ;          ; GND                                      ; gnd    ;              ;         ; --         ;                 ; --       ; --           ;
; B2       ; 2          ; 2        ; GND*                                     ;        ;              ;         ; Row I/O    ;                 ; no       ; Off          ;
; B3       ; 3          ; 2        ; GND*                                     ;        ;              ;         ; Row I/O    ;                 ; no       ; Off          ;
; B4       ; 483        ; 3        ; AUD_BCLK                                 ; input  ; 3.3-V LVTTL  ;         ; Column I/O ; Y               ; no       ; Off          ;
; B5       ; 481        ; 3        ; AUD_ADCDAT                               ; input  ; 3.3-V LVTTL  ;         ; Column I/O ; Y               ; no       ; Off          ;
; B6       ; 480        ; 3        ; I2C_SDAT                                 ; bidir  ; 3.3-V LVTTL  ;         ; Column I/O ; Y               ; no       ; Off          ;
; B7       ; 466        ; 3        ; VGA_SYNC                                 ; output ; 3.3-V LVTTL  ;         ; Column I/O ; Y               ; no       ; Off          ;
; B8       ; 458        ; 3        ; VGA_CLK                                  ; output ; 3.3-V LVTTL  ;         ; Column I/O ; Y               ; no       ; Off          ;
; B9       ; 452        ; 3        ; VGA_G[0]                                 ; output ; 3.3-V LVTTL  ;         ; Column I/O ; Y               ; no       ; Off          ;
; B10      ; 448        ; 3        ; VGA_G[4]                                 ; output ; 3.3-V LVTTL  ;         ; Column I/O ; Y               ; no       ; Off          ;
; B11      ; 435        ; 3        ; VGA_B[7]                                 ; output ; 3.3-V LVTTL  ;         ; Column I/O ; Y               ; no       ; Off          ;
; B12      ; 433        ; 3        ; VGA_B[9]                                 ; output ; 3.3-V LVTTL  ;         ; Column I/O ; Y               ; no       ; Off          ;
; B13      ; 429        ; 4        ; SW[8]                                    ; input  ; 3.3-V LVTTL  ;         ; Column I/O ; Y               ; no       ; Off          ;
; B14      ; 428        ; 4        ; GND*                                     ;        ;              ;         ; Column I/O ;                 ; no       ; Off          ;
; B15      ; 420        ; 4        ; GND*                                     ;        ;              ;         ; Column I/O ;                 ; no       ; Off          ;
; B16      ; 419        ; 4        ; GND*                                     ;        ;              ;         ; Column I/O ;                 ; no       ; Off          ;
; B17      ; 411        ; 4        ; GND*                                     ;        ;              ;         ; Column I/O ;                 ; no       ; Off          ;
; B18      ; 405        ; 4        ; GND*                                     ;        ;              ;         ; Column I/O ;                 ; no       ; Off          ;
; B19      ; 393        ; 4        ; GND*                                     ;        ;              ;         ; Column I/O ;                 ; no       ; Off          ;
; B20      ; 389        ; 4        ; GND*                                     ;        ;              ;         ; Column I/O ;                 ; no       ; Off          ;
; B21      ; 381        ; 4        ; GND*                                     ;        ;              ;         ; Column I/O ;                 ; no       ; Off          ;
; B22      ; 380        ; 4        ; GND*                                     ;        ;              ;         ; Column I/O ;                 ; no       ; Off          ;
; B23      ; 377        ; 4        ; GND*                                     ;        ;              ;         ; Column I/O ;                 ; no       ; Off          ;
; B24      ; 363        ; 5        ; GND*                                     ;        ;              ;         ; Row I/O    ;                 ; no       ; Off          ;
; B25      ; 362        ; 5        ; GND*                                     ;        ;              ;         ; Row I/O    ;                 ; no       ; Off          ;
; B26      ;            ;          ; GND                                      ; gnd    ;              ;         ; --         ;                 ; --       ; --           ;
; C1       ;            ; 2        ; VCCIO2                                   ; power  ;              ; 3.3V    ; --         ;                 ; --       ; --           ;
; C2       ; 6          ; 2        ; GND*                                     ;        ;              ;         ; Row I/O    ;                 ; no       ; Off          ;
; C3       ; 7          ; 2        ; GND*                                     ;        ;              ;         ; Row I/O    ;                 ; no       ; Off          ;
; C4       ; 478        ; 3        ; GND*                                     ;        ;              ;         ; Column I/O ;                 ; no       ; Off          ;
; C5       ; 486        ; 3        ; AUD_ADCLRCK                              ; input  ; 3.3-V LVTTL  ;         ; Column I/O ; Y               ; no       ; Off          ;
; C6       ; 485        ; 3        ; AUD_DACLRCK                              ; input  ; 3.3-V LVTTL  ;         ; Column I/O ; Y               ; no       ; Off          ;
; C7       ; 468        ; 3        ; GND*                                     ;        ;              ;         ; Column I/O ;                 ; no       ; Off          ;
; C8       ; 463        ; 3        ; VGA_R[0]                                 ; output ; 3.3-V LVTTL  ;         ; Column I/O ; Y               ; no       ; Off          ;
; C9       ; 459        ; 3        ; VGA_R[4]                                 ; output ; 3.3-V LVTTL  ;         ; Column I/O ; Y               ; no       ; Off          ;
; C10      ; 450        ; 3        ; VGA_G[2]                                 ; output ; 3.3-V LVTTL  ;         ; Column I/O ; Y               ; no       ; Off          ;
; C11      ; 436        ; 3        ; VGA_B[6]                                 ; output ; 3.3-V LVTTL  ;         ; Column I/O ; Y               ; no       ; Off          ;
; C12      ; 434        ; 3        ; VGA_B[8]                                 ; output ; 3.3-V LVTTL  ;         ; Column I/O ; Y               ; no       ; Off          ;
; C13      ; 431        ; 3        ; SW[7]                                    ; input  ; 3.3-V LVTTL  ;         ; Column I/O ; Y               ; no       ; Off          ;
; C14      ;            ;          ; GND                                      ; gnd    ;              ;         ; --         ;                 ; --       ; --           ;
; C15      ; 421        ; 4        ; GND*                                     ;        ;              ;         ; Column I/O ;                 ; no       ; Off          ;
; C16      ; 418        ; 4        ; GND*                                     ;        ;              ;         ; Column I/O ;                 ; no       ; Off          ;
; C17      ; 404        ; 4        ; GND*                                     ;        ;              ;         ; Column I/O ;                 ; no       ; Off          ;
; C18      ;            ;          ; GND                                      ; gnd    ;              ;         ; --         ;                 ; --       ; --           ;
; C19      ; 391        ; 4        ; GND*                                     ;        ;              ;         ; Column I/O ;                 ; no       ; Off          ;
; C20      ;            ; 4        ; VCCIO4                                   ; power  ;              ; 3.3V    ; --         ;                 ; --       ; --           ;
; C21      ; 375        ; 4        ; GND*                                     ;        ;              ;         ; Column I/O ;                 ; no       ; Off          ;
; C22      ; 374        ; 4        ; GND*                                     ;        ;              ;         ; Column I/O ;                 ; no       ; Off          ;
; C23      ; 373        ; 4        ; GND*                                     ;        ;              ;         ; Column I/O ;                 ; no       ; Off          ;
; C24      ; 360        ; 5        ; GND*                                     ;        ;              ;         ; Row I/O    ;                 ; no       ; Off          ;
; C25      ; 361        ; 5        ; GND*                                     ;        ;              ;         ; Row I/O    ;                 ; no       ; Off          ;
; C26      ;            ; 5        ; VCCIO5                                   ; power  ;              ; 3.3V    ; --         ;                 ; --       ; --           ;
; D1       ; 13         ; 2        ; GND*                                     ;        ;              ;         ; Row I/O    ;                 ; no       ; Off          ;
; D2       ; 12         ; 2        ; GND*                                     ;        ;              ;         ; Row I/O    ;                 ; no       ; Off          ;
; D3       ; 1          ; 2        ; ~nCSO~ / RESERVED_INPUT_WITH_WEAK_PULLUP ; input  ; 3.3-V LVTTL  ;         ; Row I/O    ; N               ; no       ; On           ;
; D4       ;            ;          ; GND                                      ; gnd    ;              ;         ; --         ;                 ; --       ; --           ;
; D5       ; 477        ; 3        ; GND*                                     ;        ;              ;         ; Column I/O ;                 ; no       ; Off          ;
; D6       ; 467        ; 3        ; VGA_BLANK                                ; output ; 3.3-V LVTTL  ;         ; Column I/O ; Y               ; no       ; Off          ;
; D7       ; 469        ; 3        ; GND*                                     ;        ;              ;         ; Column I/O ;                 ; no       ; Off          ;
; D8       ; 464        ; 3        ; VGA_VS                                   ; output ; 3.3-V LVTTL  ;         ; Column I/O ; Y               ; no       ; Off          ;
; D9       ; 460        ; 3        ; VGA_R[3]                                 ; output ; 3.3-V LVTTL  ;         ; Column I/O ; Y               ; no       ; Off          ;
; D10      ; 449        ; 3        ; VGA_G[3]                                 ; output ; 3.3-V LVTTL  ;         ; Column I/O ; Y               ; no       ; Off          ;
; D11      ; 445        ; 3        ; VGA_G[7]                                 ; output ; 3.3-V LVTTL  ;         ; Column I/O ; Y               ; no       ; Off          ;
; D12      ; 443        ; 3        ; VGA_G[9]                                 ; output ; 3.3-V LVTTL  ;         ; Column I/O ; Y               ; no       ; Off          ;
; D13      ; 432        ; 3        ; CLOCK_27                                 ; input  ; 3.3-V LVTTL  ;         ; Column I/O ; Y               ; no       ; Off          ;
; D14      ; 426        ; 4        ; GND*                                     ;        ;              ;         ; Column I/O ;                 ; no       ; Off          ;
; D15      ; 417        ; 4        ; GND*                                     ;        ;              ;         ; Column I/O ;                 ; no       ; Off          ;
; D16      ; 415        ; 4        ; GND*                                     ;        ;              ;         ; Column I/O ;                 ; --       ; --           ;
; D17      ; 403        ; 4        ; GND*                                     ;        ;              ;         ; Column I/O ;                 ; no       ; Off          ;
; D18      ; 396        ; 4        ; GND*                                     ;        ;              ;         ; Column I/O ;                 ; no       ; Off          ;
; D19      ; 392        ; 4        ; GND*                                     ;        ;              ;         ; Column I/O ;                 ; no       ; Off          ;
; D20      ; 387        ; 4        ; GND*                                     ;        ;              ;         ; Column I/O ;                 ; no       ; Off          ;
; D21      ; 376        ; 4        ; GND*                                     ;        ;              ;         ; Column I/O ;                 ; no       ; Off          ;
; D22      ;            ; 4        ; VCCIO4                                   ; power  ;              ; 3.3V    ; --         ;                 ; --       ; --           ;
; D23      ; 369        ; 5        ; GND*                                     ;        ;              ;         ; Row I/O    ;                 ; no       ; Off          ;
; D24      ;            ;          ; GND                                      ; gnd    ;              ;         ; --         ;                 ; --       ; --           ;
; D25      ; 358        ; 5        ; GND*                                     ;        ;              ;         ; Row I/O    ;                 ; no       ; Off          ;
; D26      ; 359        ; 5        ; GND*                                     ;        ;              ;         ; Row I/O    ;                 ; no       ; Off          ;
; E1       ; 20         ; 2        ; GND*                                     ;        ;              ;         ; Row I/O    ;                 ; no       ; Off          ;
; E2       ; 19         ; 2        ; GND*                                     ;        ;              ;         ; Row I/O    ;                 ; no       ; Off          ;
; E3       ; 0          ; 2        ; ~ASDO~ / RESERVED_INPUT_WITH_WEAK_PULLUP ; input  ; 3.3-V LVTTL  ;         ; Row I/O    ; N               ; no       ; On           ;
; E4       ;            ;          ; GND_PLL3                                 ; gnd    ;              ;         ; --         ;                 ; --       ; --           ;
; E5       ; 4          ; 2        ; GND*                                     ;        ;              ;         ; Row I/O    ;                 ; no       ; Off          ;
; E6       ;            ; 3        ; VCCIO3                                   ; power  ;              ; 3.3V    ; --         ;                 ; --       ; --           ;
; E7       ;            ;          ; GND                                      ; gnd    ;              ;         ; --         ;                 ; --       ; --           ;
; E8       ; 474        ; 3        ; GND*                                     ;        ;              ;         ; Column I/O ;                 ; --       ; --           ;
; E9       ;            ; 3        ; VCCIO3                                   ; power  ;              ; 3.3V    ; --         ;                 ; --       ; --           ;
; E10      ; 453        ; 3        ; VGA_R[9]                                 ; output ; 3.3-V LVTTL  ;         ; Column I/O ; Y               ; no       ; Off          ;
; E11      ;            ;          ; GND                                      ; gnd    ;              ;         ; --         ;                 ; --       ; --           ;
; E12      ; 444        ; 3        ; VGA_G[8]                                 ; output ; 3.3-V LVTTL  ;         ; Column I/O ; Y               ; no       ; Off          ;
; E13      ;            ; 3        ; VCCIO3                                   ; power  ;              ; 3.3V    ; --         ;                 ; --       ; --           ;
; E14      ;            ; 4        ; VCCIO4                                   ; power  ;              ; 3.3V    ; --         ;                 ; --       ; --           ;
; E15      ; 416        ; 4        ; GND*                                     ;        ;              ;         ; Column I/O ;                 ; no       ; Off          ;
; E16      ;            ;          ; GND                                      ; gnd    ;              ;         ; --         ;                 ; --       ; --           ;
; E17      ;            ; 4        ; VCCIO4                                   ; power  ;              ; 3.3V    ; --         ;                 ; --       ; --           ;
; E18      ; 395        ; 4        ; GND*                                     ;        ;              ;         ; Column I/O ;                 ; no       ; Off          ;
; E19      ;            ;          ; GND                                      ; gnd    ;              ;         ; --         ;                 ; --       ; --           ;
; E20      ; 388        ; 4        ; GND*                                     ;        ;              ;         ; Column I/O ;                 ; --       ; --           ;
; E21      ;            ;          ; GND_PLL2                                 ; gnd    ;              ;         ; --         ;                 ; --       ; --           ;
; E22      ; 370        ; 5        ; GND*                                     ;        ;              ;         ; Row I/O    ;                 ; no       ; Off          ;
; E23      ; 365        ; 5        ; GND*                                     ;        ;              ;         ; Row I/O    ;                 ; no       ; Off          ;
; E24      ; 364        ; 5        ; GND*                                     ;        ;              ;         ; Row I/O    ;                 ; no       ; Off          ;
; E25      ; 355        ; 5        ; GND*                                     ;        ;              ;         ; Row I/O    ;                 ; no       ; Off          ;
; E26      ; 356        ; 5        ; GND*                                     ;        ;              ;         ; Row I/O    ;                 ; no       ; Off          ;
; F1       ; 29         ; 2        ; GND*                                     ;        ;              ;         ; Row I/O    ;                 ; no       ; Off          ;
; F2       ; 28         ; 2        ; GND*                                     ;        ;              ;         ; Row I/O    ;                 ; no       ; Off          ;
; F3       ; 10         ; 2        ; GND*                                     ;        ;              ;         ; Row I/O    ;                 ; no       ; Off          ;
; F4       ; 11         ; 2        ; GND*                                     ;        ;              ;         ; Row I/O    ;                 ; no       ; Off          ;
; F5       ;            ; 2        ; VCCIO2                                   ; power  ;              ; 3.3V    ; --         ;                 ; --       ; --           ;
; F6       ; 5          ; 2        ; GND*                                     ;        ;              ;         ; Row I/O    ;                 ; no       ; Off          ;
; F7       ; 14         ; 2        ; GND*                                     ;        ;              ;         ; Row I/O    ;                 ; no       ; Off          ;
; F8       ;            ;          ; GNDA_PLL3                                ; gnd    ;              ;         ; --         ;                 ; --       ; --           ;
; F9       ; 470        ; 3        ; GND*                                     ;        ;              ;         ; Column I/O ;                 ; no       ; Off          ;
; F10      ; 462        ; 3        ; VGA_R[1]                                 ; output ; 3.3-V LVTTL  ;         ; Column I/O ; Y               ; no       ; Off          ;
; F11      ; 454        ; 3        ; VGA_R[8]                                 ; output ; 3.3-V LVTTL  ;         ; Column I/O ; Y               ; no       ; Off          ;
; F12      ; 440        ; 3        ; VGA_B[2]                                 ; output ; 3.3-V LVTTL  ;         ; Column I/O ; Y               ; no       ; Off          ;
; F13      ; 423        ; 4        ; GND*                                     ;        ;              ;         ; Column I/O ;                 ; no       ; Off          ;
; F14      ; 425        ; 4        ; GND*                                     ;        ;              ;         ; Column I/O ;                 ; no       ; Off          ;
; F15      ; 409        ; 4        ; GND*                                     ;        ;              ;         ; Column I/O ;                 ; no       ; Off          ;
; F16      ; 408        ; 4        ; GND*                                     ;        ;              ;         ; Column I/O ;                 ; no       ; Off          ;
; F17      ; 401        ; 4        ; GND*                                     ;        ;              ;         ; Column I/O ;                 ; no       ; Off          ;
; F18      ; 398        ; 4        ; GND*                                     ;        ;              ;         ; Column I/O ;                 ; no       ; Off          ;
; F19      ;            ;          ; GNDA_PLL2                                ; gnd    ;              ;         ; --         ;                 ; --       ; --           ;
; F20      ; 372        ; 5        ; GND*                                     ;        ;              ;         ; Row I/O    ;                 ; no       ; Off          ;
; F21      ; 371        ; 5        ; GND*                                     ;        ;              ;         ; Row I/O    ;                 ; no       ; Off          ;
; F22      ;            ; 5        ; VCCIO5                                   ; power  ;              ; 3.3V    ; --         ;                 ; --       ; --           ;
; F23      ; 353        ; 5        ; GND*                                     ;        ;              ;         ; Row I/O    ;                 ; no       ; Off          ;
; F24      ; 354        ; 5        ; GND*                                     ;        ;              ;         ; Row I/O    ;                 ; no       ; Off          ;
; F25      ; 350        ; 5        ; GND*                                     ;        ;              ;         ; Row I/O    ;                 ; no       ; Off          ;
; F26      ; 349        ; 5        ; GND*                                     ;        ;              ;         ; Row I/O    ;                 ; no       ; Off          ;
; G1       ; 30         ; 2        ; GND*                                     ;        ;              ;         ; Row I/O    ;                 ; no       ; Off          ;
; G2       ; 31         ; 2        ; GND*                                     ;        ;              ;         ; Row I/O    ;                 ; no       ; Off          ;
; G3       ; 24         ; 2        ; GND*                                     ;        ;              ;         ; Row I/O    ;                 ; no       ; Off          ;
; G4       ; 23         ; 2        ; GND*                                     ;        ;              ;         ; Row I/O    ;                 ; no       ; Off          ;
; G5       ; 8          ; 2        ; GND*                                     ;        ;              ;         ; Row I/O    ;                 ; no       ; Off          ;
; G6       ; 9          ; 2        ; GND*                                     ;        ;              ;         ; Row I/O    ;                 ; no       ; Off          ;
; G7       ;            ;          ; GND_PLL3                                 ; gnd    ;              ;         ; --         ;                 ; --       ; --           ;
; G8       ;            ;          ; VCCA_PLL3                                ; power  ;              ; 1.2V    ; --         ;                 ; --       ; --           ;
; G9       ; 471        ; 3        ; GND*                                     ;        ;              ;         ; Column I/O ;                 ; no       ; Off          ;
; G10      ; 461        ; 3        ; VGA_R[2]                                 ; output ; 3.3-V LVTTL  ;         ; Column I/O ; Y               ; no       ; Off          ;
; G11      ; 446        ; 3        ; VGA_G[6]                                 ; output ; 3.3-V LVTTL  ;         ; Column I/O ; Y               ; no       ; Off          ;
; G12      ; 439        ; 3        ; VGA_B[3]                                 ; output ; 3.3-V LVTTL  ;         ; Column I/O ; Y               ; no       ; Off          ;
; G13      ; 422        ; 4        ; GND*                                     ;        ;              ;         ; Column I/O ;                 ; no       ; Off          ;
; G14      ; 424        ; 4        ; GND*                                     ;        ;              ;         ; Column I/O ;                 ; no       ; Off          ;
; G15      ; 410        ; 4        ; GND*                                     ;        ;              ;         ; Column I/O ;                 ; no       ; Off          ;
; G16      ; 407        ; 4        ; GND*                                     ;        ;              ;         ; Column I/O ;                 ; no       ; Off          ;
; G17      ; 402        ; 4        ; GND*                                     ;        ;              ;         ; Column I/O ;                 ; no       ; Off          ;
; G18      ; 397        ; 4        ; GND*                                     ;        ;              ;         ; Column I/O ;                 ; no       ; Off          ;
; G19      ;            ;          ; VCCA_PLL2                                ; power  ;              ; 1.2V    ; --         ;                 ; --       ; --           ;
; G20      ;            ;          ; GND_PLL2                                 ; gnd    ;              ;         ; --         ;                 ; --       ; --           ;
; G21      ; 368        ; 5        ; GND*                                     ;        ;              ;         ; Row I/O    ;                 ; no       ; Off          ;
; G22      ; 367        ; 5        ; GND*                                     ;        ;              ;         ; Row I/O    ;                 ; no       ; Off          ;
; G23      ; 346        ; 5        ; GND*                                     ;        ;              ;         ; Row I/O    ;                 ; no       ; Off          ;
; G24      ; 345        ; 5        ; GND*                                     ;        ;              ;         ; Row I/O    ;                 ; no       ; Off          ;
; G25      ; 343        ; 5        ; GND*                                     ;        ;              ;         ; Row I/O    ;                 ; no       ; Off          ;
; G26      ; 342        ; 5        ; KEY[0]                                   ; input  ; 3.3-V LVTTL  ;         ; Row I/O    ; Y               ; no       ; Off          ;
; H1       ; 37         ; 2        ; GND*                                     ;        ;              ;         ; Row I/O    ;                 ; no       ; Off          ;
; H2       ; 36         ; 2        ; GND*                                     ;        ;              ;         ; Row I/O    ;                 ; no       ; Off          ;
; H3       ; 32         ; 2        ; GND*                                     ;        ;              ;         ; Row I/O    ;                 ; no       ; Off          ;
; H4       ; 33         ; 2        ; GND*                                     ;        ;              ;         ; Row I/O    ;                 ; no       ; Off          ;
; H5       ;            ;          ; GND                                      ; gnd    ;              ;         ; --         ;                 ; --       ; --           ;
; H6       ; 18         ; 2        ; GND*                                     ;        ;              ;         ; Row I/O    ;                 ; no       ; Off          ;
; H7       ;            ;          ; VCCD_PLL3                                ; power  ;              ; 1.2V    ; --         ;                 ; --       ; --           ;
; H8       ; 473        ; 3        ; GND*                                     ;        ;              ;         ; Column I/O ;                 ; no       ; Off          ;
; H9       ;            ; 3        ; VCCIO3                                   ; power  ;              ; 3.3V    ; --         ;                 ; --       ; --           ;
; H10      ; 472        ; 3        ; GND*                                     ;        ;              ;         ; Column I/O ;                 ; no       ; Off          ;
; H11      ; 456        ; 3        ; VGA_R[6]                                 ; output ; 3.3-V LVTTL  ;         ; Column I/O ; Y               ; no       ; Off          ;
; H12      ; 455        ; 3        ; VGA_R[7]                                 ; output ; 3.3-V LVTTL  ;         ; Column I/O ; Y               ; no       ; Off          ;
; H13      ;            ;          ; GND                                      ; gnd    ;              ;         ; --         ;                 ; --       ; --           ;
; H14      ;            ;          ; GND                                      ; gnd    ;              ;         ; --         ;                 ; --       ; --           ;
; H15      ; 414        ; 4        ; GND*                                     ;        ;              ;         ; Column I/O ;                 ; no       ; Off          ;
; H16      ; 413        ; 4        ; GND*                                     ;        ;              ;         ; Column I/O ;                 ; no       ; Off          ;
; H17      ; 400        ; 4        ; GND*                                     ;        ;              ;         ; Column I/O ;                 ; no       ; Off          ;
; H18      ;            ; 4        ; VCCIO4                                   ; power  ;              ; 3.3V    ; --         ;                 ; --       ; --           ;
; H19      ; 335        ; 5        ; GND*                                     ;        ;              ;         ; Row I/O    ;                 ; no       ; Off          ;
; H20      ;            ;          ; VCCD_PLL2                                ; power  ;              ; 1.2V    ; --         ;                 ; --       ; --           ;
; H21      ; 366        ; 5        ; GND*                                     ;        ;              ;         ; Row I/O    ;                 ; no       ; Off          ;
; H22      ;            ;          ; GND                                      ; gnd    ;              ;         ; --         ;                 ; --       ; --           ;
; H23      ; 341        ; 5        ; GND*                                     ;        ;              ;         ; Row I/O    ;                 ; no       ; Off          ;
; H24      ; 340        ; 5        ; GND*                                     ;        ;              ;         ; Row I/O    ;                 ; no       ; Off          ;
; H25      ; 337        ; 5        ; GND*                                     ;        ;              ;         ; Row I/O    ;                 ; no       ; Off          ;
; H26      ; 336        ; 5        ; GND*                                     ;        ;              ;         ; Row I/O    ;                 ; no       ; Off          ;
; J1       ; 39         ; 2        ; GND*                                     ;        ;              ;         ; Row I/O    ;                 ; no       ; Off          ;
; J2       ; 38         ; 2        ; GND*                                     ;        ;              ;         ; Row I/O    ;                 ; no       ; Off          ;
; J3       ; 34         ; 2        ; GND*                                     ;        ;              ;         ; Row I/O    ;                 ; no       ; Off          ;
; J4       ; 35         ; 2        ; GND*                                     ;        ;              ;         ; Row I/O    ;                 ; no       ; Off          ;
; J5       ; 15         ; 2        ; GND*                                     ;        ;              ;         ; Row I/O    ;                 ; --       ; --           ;
; J6       ; 25         ; 2        ; GND*                                     ;        ;              ;         ; Row I/O    ;                 ; no       ; Off          ;
; J7       ; 17         ; 2        ; GND*                                     ;        ;              ;         ; Row I/O    ;                 ; no       ; Off          ;
; J8       ; 16         ; 2        ; GND*                                     ;        ;              ;         ; Row I/O    ;                 ; no       ; Off          ;
; J9       ; 475        ; 3        ; GND*                                     ;        ;              ;         ; Column I/O ;                 ; no       ; Off          ;
; J10      ; 438        ; 3        ; VGA_B[4]                                 ; output ; 3.3-V LVTTL  ;         ; Column I/O ; Y               ; no       ; Off          ;
; J11      ; 437        ; 3        ; VGA_B[5]                                 ; output ; 3.3-V LVTTL  ;         ; Column I/O ; Y               ; no       ; Off          ;
; J12      ;            ; 3        ; VCCIO3                                   ; power  ;              ; 3.3V    ; --         ;                 ; --       ; --           ;
; J13      ; 442        ; 3        ; VGA_B[0]                                 ; output ; 3.3-V LVTTL  ;         ; Column I/O ; Y               ; no       ; Off          ;
; J14      ; 441        ; 3        ; VGA_B[1]                                 ; output ; 3.3-V LVTTL  ;         ; Column I/O ; Y               ; no       ; Off          ;
; J15      ;            ; 4        ; VCCIO4                                   ; power  ;              ; 3.3V    ; --         ;                 ; --       ; --           ;
; J16      ; 385        ; 4        ; GND*                                     ;        ;              ;         ; Column I/O ;                 ; no       ; Off          ;
; J17      ; 399        ; 4        ; GND*                                     ;        ;              ;         ; Column I/O ;                 ; no       ; Off          ;
; J18      ; 383        ; 4        ; GND*                                     ;        ;              ;         ; Column I/O ;                 ; no       ; Off          ;
; J19      ;            ; 5        ; VCCIO5                                   ; power  ;              ; 3.3V    ; --         ;                 ; --       ; --           ;
; J20      ; 351        ; 5        ; GND*                                     ;        ;              ;         ; Row I/O    ;                 ; no       ; Off          ;
; J21      ; 352        ; 5        ; GND*                                     ;        ;              ;         ; Row I/O    ;                 ; no       ; Off          ;
; J22      ; 357        ; 5        ; GND*                                     ;        ;              ;         ; Row I/O    ;                 ; --       ; --           ;
; J23      ; 339        ; 5        ; GND*                                     ;        ;              ;         ; Row I/O    ;                 ; no       ; Off          ;
; J24      ; 338        ; 5        ; GND*                                     ;        ;              ;         ; Row I/O    ;                 ; no       ; Off          ;
; J25      ; 327        ; 5        ; GND*                                     ;        ;              ;         ; Row I/O    ;                 ; no       ; Off          ;
; J26      ; 326        ; 5        ; GND*                                     ;        ;              ;         ; Row I/O    ;                 ; no       ; Off          ;
; K1       ; 42         ; 2        ; GND*                                     ;        ;              ;         ; Row I/O    ;                 ; no       ; Off          ;
; K2       ; 43         ; 2        ; GND*                                     ;        ;              ;         ; Row I/O    ;                 ; no       ; Off          ;
; K3       ; 41         ; 2        ; GND*                                     ;        ;              ;         ; Row I/O    ;                 ; no       ; Off          ;
; K4       ; 40         ; 2        ; GND*                                     ;        ;              ;         ; Row I/O    ;                 ; no       ; Off          ;
; K5       ; 22         ; 2        ; GND*                                     ;        ;              ;         ; Row I/O    ;                 ; no       ; Off          ;
; K6       ; 21         ; 2        ; GND*                                     ;        ;              ;         ; Row I/O    ;                 ; no       ; Off          ;
; K7       ; 27         ; 2        ; GND*                                     ;        ;              ;         ; Row I/O    ;                 ; no       ; Off          ;
; K8       ; 26         ; 2        ; GND*                                     ;        ;              ;         ; Row I/O    ;                 ; no       ; Off          ;
; K9       ; 476        ; 3        ; GND*                                     ;        ;              ;         ; Column I/O ;                 ; no       ; Off          ;
; K10      ;            ;          ; VCCINT                                   ; power  ;              ; 1.2V    ; --         ;                 ; --       ; --           ;
; K11      ;            ;          ; VCCINT                                   ; power  ;              ; 1.2V    ; --         ;                 ; --       ; --           ;
; K12      ;            ;          ; VCCINT                                   ; power  ;              ; 1.2V    ; --         ;                 ; --       ; --           ;
; K13      ;            ;          ; VCCINT                                   ; power  ;              ; 1.2V    ; --         ;                 ; --       ; --           ;
; K14      ;            ;          ; VCCINT                                   ; power  ;              ; 1.2V    ; --         ;                 ; --       ; --           ;
; K15      ;            ;          ; VCCINT                                   ; power  ;              ; 1.2V    ; --         ;                 ; --       ; --           ;
; K16      ; 386        ; 4        ; GND*                                     ;        ;              ;         ; Column I/O ;                 ; no       ; Off          ;
; K17      ; 384        ; 4        ; GND*                                     ;        ;              ;         ; Column I/O ;                 ; no       ; Off          ;
; K18      ; 334        ; 5        ; GND*                                     ;        ;              ;         ; Row I/O    ;                 ; no       ; Off          ;
; K19      ; 333        ; 5        ; GND*                                     ;        ;              ;         ; Row I/O    ;                 ; no       ; Off          ;
; K20      ;            ;          ; GND                                      ; gnd    ;              ;         ; --         ;                 ; --       ; --           ;
; K21      ; 332        ; 5        ; GND*                                     ;        ;              ;         ; Row I/O    ;                 ; no       ; Off          ;
; K22      ; 344        ; 5        ; GND*                                     ;        ;              ;         ; Row I/O    ;                 ; no       ; Off          ;
; K23      ; 331        ; 5        ; GND*                                     ;        ;              ;         ; Row I/O    ;                 ; no       ; Off          ;
; K24      ; 330        ; 5        ; GND*                                     ;        ;              ;         ; Row I/O    ;                 ; no       ; Off          ;
; K25      ; 321        ; 5        ; GND*                                     ;        ;              ;         ; Row I/O    ;                 ; no       ; Off          ;
; K26      ; 320        ; 5        ; GND*                                     ;        ;              ;         ; Row I/O    ;                 ; no       ; Off          ;
; L1       ;            ; 2        ; VCCIO2                                   ; power  ;              ; 3.3V    ; --         ;                 ; --       ; --           ;
; L2       ; 50         ; 2        ; HEX7[1]                                  ; output ; 3.3-V LVTTL  ;         ; Row I/O    ; Y               ; no       ; Off          ;
; L3       ; 51         ; 2        ; HEX7[0]                                  ; output ; 3.3-V LVTTL  ;         ; Row I/O    ; Y               ; no       ; Off          ;
; L4       ; 44         ; 2        ; GND*                                     ;        ;              ;         ; Row I/O    ;                 ; --       ; --           ;
; L5       ;            ;          ; GND                                      ; gnd    ;              ;         ; --         ;                 ; --       ; --           ;
; L6       ; 48         ; 2        ; HEX7[3]                                  ; output ; 3.3-V LVTTL  ;         ; Row I/O    ; Y               ; no       ; Off          ;
; L7       ; 47         ; 2        ; HEX7[4]                                  ; output ; 3.3-V LVTTL  ;         ; Row I/O    ; Y               ; no       ; Off          ;
; L8       ; 59         ; 2        ; #TMS                                     ; input  ;              ;         ; --         ;                 ; --       ; --           ;
; L9       ; 49         ; 2        ; HEX7[2]                                  ; output ; 3.3-V LVTTL  ;         ; Row I/O    ; Y               ; no       ; Off          ;
; L10      ; 52         ; 2        ; GND*                                     ;        ;              ;         ; Row I/O    ;                 ; no       ; Off          ;
; L11      ;            ;          ; VCCINT                                   ; power  ;              ; 1.2V    ; --         ;                 ; --       ; --           ;
; L12      ;            ;          ; GND                                      ; gnd    ;              ;         ; --         ;                 ; --       ; --           ;
; L13      ;            ;          ; GND                                      ; gnd    ;              ;         ; --         ;                 ; --       ; --           ;
; L14      ;            ;          ; GND                                      ; gnd    ;              ;         ; --         ;                 ; --       ; --           ;
; L15      ;            ;          ; GND                                      ; gnd    ;              ;         ; --         ;                 ; --       ; --           ;
; L16      ;            ;          ; VCCINT                                   ; power  ;              ; 1.2V    ; --         ;                 ; --       ; --           ;
; L17      ;            ;          ; VCCINT                                   ; power  ;              ; 1.2V    ; --         ;                 ; --       ; --           ;
; L18      ;            ;          ; VCCINT                                   ; power  ;              ; 1.2V    ; --         ;                 ; --       ; --           ;
; L19      ; 322        ; 5        ; GND*                                     ;        ;              ;         ; Row I/O    ;                 ; no       ; Off          ;
; L20      ; 328        ; 5        ; GND*                                     ;        ;              ;         ; Row I/O    ;                 ; no       ; Off          ;
; L21      ; 329        ; 5        ; GND*                                     ;        ;              ;         ; Row I/O    ;                 ; no       ; Off          ;
; L22      ;            ;          ; GND                                      ; gnd    ;              ;         ; --         ;                 ; --       ; --           ;
; L23      ; 325        ; 5        ; GND*                                     ;        ;              ;         ; Row I/O    ;                 ; --       ; --           ;
; L24      ; 324        ; 5        ; GND*                                     ;        ;              ;         ; Row I/O    ;                 ; no       ; Off          ;
; L25      ; 323        ; 5        ; GND*                                     ;        ;              ;         ; Row I/O    ;                 ; no       ; Off          ;
; L26      ;            ; 5        ; VCCIO5                                   ; power  ;              ; 3.3V    ; --         ;                 ; --       ; --           ;
; M1       ;            ;          ; GND                                      ; gnd    ;              ;         ; --         ;                 ; --       ; --           ;
; M2       ; 56         ; 2        ; HEX6[3]                                  ; output ; 3.3-V LVTTL  ;         ; Row I/O    ; Y               ; no       ; Off          ;
; M3       ; 55         ; 2        ; HEX6[4]                                  ; output ; 3.3-V LVTTL  ;         ; Row I/O    ; Y               ; no       ; Off          ;
; M4       ; 53         ; 2        ; HEX6[6]                                  ; output ; 3.3-V LVTTL  ;         ; Row I/O    ; Y               ; no       ; Off          ;
; M5       ; 54         ; 2        ; HEX6[5]                                  ; output ; 3.3-V LVTTL  ;         ; Row I/O    ; Y               ; no       ; Off          ;
; M6       ; 58         ; 2        ; #TCK                                     ; input  ;              ;         ; --         ;                 ; --       ; --           ;
; M7       ; 60         ; 2        ; #TDO                                     ; output ;              ;         ; --         ;                 ; --       ; --           ;
; M8       ; 57         ; 2        ; #TDI                                     ; input  ;              ;         ; --         ;                 ; --       ; --           ;
; M9       ;            ; 2        ; VCCIO2                                   ; power  ;              ; 3.3V    ; --         ;                 ; --       ; --           ;
; M10      ;            ;          ; VCCINT                                   ; power  ;              ; 1.2V    ; --         ;                 ; --       ; --           ;
; M11      ;            ;          ; VCCINT                                   ; power  ;              ; 1.2V    ; --         ;                 ; --       ; --           ;
; M12      ;            ;          ; GND                                      ; gnd    ;              ;         ; --         ;                 ; --       ; --           ;
; M13      ;            ;          ; GND                                      ; gnd    ;              ;         ; --         ;                 ; --       ; --           ;
; M14      ;            ;          ; GND                                      ; gnd    ;              ;         ; --         ;                 ; --       ; --           ;
; M15      ;            ;          ; GND                                      ; gnd    ;              ;         ; --         ;                 ; --       ; --           ;
; M16      ;            ;          ; VCCINT                                   ; power  ;              ; 1.2V    ; --         ;                 ; --       ; --           ;
; M17      ;            ;          ; VCCINT                                   ; power  ;              ; 1.2V    ; --         ;                 ; --       ; --           ;
; M18      ;            ; 5        ; VCCIO5                                   ; power  ;              ; 3.3V    ; --         ;                 ; --       ; --           ;
; M19      ; 317        ; 5        ; GND*                                     ;        ;              ;         ; Row I/O    ;                 ; no       ; Off          ;
; M20      ; 316        ; 5        ; GND*                                     ;        ;              ;         ; Row I/O    ;                 ; no       ; Off          ;
; M21      ; 314        ; 5        ; GND*                                     ;        ;              ;         ; Row I/O    ;                 ; no       ; Off          ;
; M22      ; 319        ; 5        ; GND*                                     ;        ;              ;         ; Row I/O    ;                 ; no       ; Off          ;
; M23      ; 318        ; 5        ; GND*                                     ;        ;              ;         ; Row I/O    ;                 ; no       ; Off          ;
; M24      ; 313        ; 5        ; GND*                                     ;        ;              ;         ; Row I/O    ;                 ; no       ; Off          ;
; M25      ; 312        ; 5        ; GND*                                     ;        ;              ;         ; Row I/O    ;                 ; no       ; Off          ;
; M26      ;            ;          ; GND                                      ; gnd    ;              ;         ; --         ;                 ; --       ; --           ;
; N1       ; 65         ; 2        ; SW[10]                                   ; input  ; 3.3-V LVTTL  ;         ; Row I/O    ; Y               ; no       ; Off          ;
; N2       ; 64         ; 2        ; CLOCK_50                                 ; input  ; 3.3-V LVTTL  ;         ; Row I/O    ; Y               ; no       ; Off          ;
; N3       ; 62         ; 2        ; ^DATA0                                   ; input  ;              ;         ; --         ;                 ; --       ; --           ;
; N4       ; 63         ; 2        ; ^nCE                                     ;        ;              ;         ; --         ;                 ; --       ; --           ;
; N5       ;            ; 2        ; VCCIO2                                   ; power  ;              ; 3.3V    ; --         ;                 ; --       ; --           ;
; N6       ; 61         ; 2        ; ^DCLK                                    ;        ;              ;         ; --         ;                 ; --       ; --           ;
; N7       ; 66         ; 2        ; ^nCONFIG                                 ;        ;              ;         ; --         ;                 ; --       ; --           ;
; N8       ;            ;          ; GND                                      ; gnd    ;              ;         ; --         ;                 ; --       ; --           ;
; N9       ; 45         ; 2        ; HEX7[6]                                  ; output ; 3.3-V LVTTL  ;         ; Row I/O    ; Y               ; no       ; Off          ;
; N10      ;            ;          ; VCCINT                                   ; power  ;              ; 1.2V    ; --         ;                 ; --       ; --           ;
; N11      ;            ;          ; GND                                      ; gnd    ;              ;         ; --         ;                 ; --       ; --           ;
; N12      ;            ;          ; GND                                      ; gnd    ;              ;         ; --         ;                 ; --       ; --           ;
; N13      ;            ;          ; GND                                      ; gnd    ;              ;         ; --         ;                 ; --       ; --           ;
; N14      ;            ;          ; GND                                      ; gnd    ;              ;         ; --         ;                 ; --       ; --           ;
; N15      ;            ;          ; GND                                      ; gnd    ;              ;         ; --         ;                 ; --       ; --           ;
; N16      ;            ;          ; GND                                      ; gnd    ;              ;         ; --         ;                 ; --       ; --           ;
; N17      ;            ;          ; VCCINT                                   ; power  ;              ; 1.2V    ; --         ;                 ; --       ; --           ;
; N18      ; 348        ; 5        ; GND*                                     ;        ;              ;         ; Row I/O    ;                 ; no       ; Off          ;
; N19      ;            ;          ; GND                                      ; gnd    ;              ;         ; --         ;                 ; --       ; --           ;
; N20      ; 315        ; 5        ; GND*                                     ;        ;              ;         ; Row I/O    ;                 ; no       ; Off          ;
; N21      ;            ;          ; NC                                       ;        ;              ;         ; --         ;                 ; --       ; --           ;
; N22      ;            ; 5        ; VCCIO5                                   ; power  ;              ; 3.3V    ; --         ;                 ; --       ; --           ;
; N23      ; 311        ; 5        ; KEY[1]                                   ; input  ; 3.3-V LVTTL  ;         ; Row I/O    ; Y               ; no       ; Off          ;
; N24      ; 310        ; 5        ; GND*                                     ;        ;              ;         ; Row I/O    ;                 ; no       ; Off          ;
; N25      ; 309        ; 5        ; SW[0]                                    ; input  ; 3.3-V LVTTL  ;         ; Row I/O    ; Y               ; no       ; Off          ;
; N26      ; 308        ; 5        ; SW[1]                                    ; input  ; 3.3-V LVTTL  ;         ; Row I/O    ; Y               ; no       ; Off          ;
; P1       ; 68         ; 1        ; SW[11]                                   ; input  ; 3.3-V LVTTL  ;         ; Row I/O    ; Y               ; no       ; Off          ;
; P2       ; 67         ; 1        ; SW[12]                                   ; input  ; 3.3-V LVTTL  ;         ; Row I/O    ; Y               ; no       ; Off          ;
; P3       ; 69         ; 1        ; HEX6[2]                                  ; output ; 3.3-V LVTTL  ;         ; Row I/O    ; Y               ; no       ; Off          ;
; P4       ; 70         ; 1        ; HEX6[1]                                  ; output ; 3.3-V LVTTL  ;         ; Row I/O    ; Y               ; no       ; Off          ;
; P5       ;            ; 1        ; VCCIO1                                   ; power  ;              ; 3.3V    ; --         ;                 ; --       ; --           ;
; P6       ; 78         ; 1        ; HEX5[1]                                  ; output ; 3.3-V LVTTL  ;         ; Row I/O    ; Y               ; no       ; Off          ;
; P7       ; 77         ; 1        ; HEX5[2]                                  ; output ; 3.3-V LVTTL  ;         ; Row I/O    ; Y               ; no       ; Off          ;
; P8       ;            ;          ; GND                                      ; gnd    ;              ;         ; --         ;                 ; --       ; --           ;
; P9       ; 46         ; 2        ; HEX7[5]                                  ; output ; 3.3-V LVTTL  ;         ; Row I/O    ; Y               ; no       ; Off          ;
; P10      ;            ;          ; VCCINT                                   ; power  ;              ; 1.2V    ; --         ;                 ; --       ; --           ;
; P11      ;            ;          ; GND                                      ; gnd    ;              ;         ; --         ;                 ; --       ; --           ;
; P12      ;            ;          ; GND                                      ; gnd    ;              ;         ; --         ;                 ; --       ; --           ;
; P13      ;            ;          ; GND                                      ; gnd    ;              ;         ; --         ;                 ; --       ; --           ;
; P14      ;            ;          ; GND                                      ; gnd    ;              ;         ; --         ;                 ; --       ; --           ;
; P15      ;            ;          ; GND                                      ; gnd    ;              ;         ; --         ;                 ; --       ; --           ;
; P16      ;            ;          ; GND                                      ; gnd    ;              ;         ; --         ;                 ; --       ; --           ;
; P17      ; 293        ; 6        ; GND*                                     ;        ;              ;         ; Row I/O    ;                 ; no       ; Off          ;
; P18      ; 347        ; 5        ; GND*                                     ;        ;              ;         ; Row I/O    ;                 ; no       ; Off          ;
; P19      ;            ;          ; GND                                      ; gnd    ;              ;         ; --         ;                 ; --       ; --           ;
; P20      ; 301        ; 6        ; ^MSEL0                                   ;        ;              ;         ; --         ;                 ; --       ; --           ;
; P21      ; 300        ; 6        ; ^MSEL1                                   ;        ;              ;         ; --         ;                 ; --       ; --           ;
; P22      ;            ; 6        ; VCCIO6                                   ; power  ;              ; 3.3V    ; --         ;                 ; --       ; --           ;
; P23      ; 305        ; 6        ; KEY[2]                                   ; input  ; 3.3-V LVTTL  ;         ; Row I/O    ; Y               ; no       ; Off          ;
; P24      ; 304        ; 6        ; GND*                                     ;        ;              ;         ; Row I/O    ;                 ; no       ; Off          ;
; P25      ; 307        ; 6        ; SW[2]                                    ; input  ; 3.3-V LVTTL  ;         ; Row I/O    ; Y               ; no       ; Off          ;
; P26      ; 306        ; 6        ; GND+                                     ;        ;              ;         ; Row I/O    ;                 ; --       ; --           ;
; R1       ;            ;          ; GND                                      ; gnd    ;              ;         ; --         ;                 ; --       ; --           ;
; R2       ; 71         ; 1        ; HEX6[0]                                  ; output ; 3.3-V LVTTL  ;         ; Row I/O    ; Y               ; no       ; Off          ;
; R3       ; 72         ; 1        ; HEX5[6]                                  ; output ; 3.3-V LVTTL  ;         ; Row I/O    ; Y               ; no       ; Off          ;
; R4       ; 73         ; 1        ; HEX5[5]                                  ; output ; 3.3-V LVTTL  ;         ; Row I/O    ; Y               ; no       ; Off          ;
; R5       ; 74         ; 1        ; HEX5[4]                                  ; output ; 3.3-V LVTTL  ;         ; Row I/O    ; Y               ; no       ; Off          ;
; R6       ; 81         ; 1        ; HEX4[5]                                  ; output ; 3.3-V LVTTL  ;         ; Row I/O    ; Y               ; no       ; Off          ;
; R7       ; 82         ; 1        ; HEX4[4]                                  ; output ; 3.3-V LVTTL  ;         ; Row I/O    ; Y               ; no       ; Off          ;
; R8       ; 110        ; 1        ; GND*                                     ;        ;              ;         ; Row I/O    ;                 ; no       ; Off          ;
; R9       ;            ; 1        ; VCCIO1                                   ; power  ;              ; 3.3V    ; --         ;                 ; --       ; --           ;
; R10      ;            ;          ; VCCINT                                   ; power  ;              ; 1.2V    ; --         ;                 ; --       ; --           ;
; R11      ;            ;          ; VCCINT                                   ; power  ;              ; 1.2V    ; --         ;                 ; --       ; --           ;
; R12      ;            ;          ; GND                                      ; gnd    ;              ;         ; --         ;                 ; --       ; --           ;
; R13      ;            ;          ; GND                                      ; gnd    ;              ;         ; --         ;                 ; --       ; --           ;
; R14      ;            ;          ; GND                                      ; gnd    ;              ;         ; --         ;                 ; --       ; --           ;
; R15      ;            ;          ; GND                                      ; gnd    ;              ;         ; --         ;                 ; --       ; --           ;
; R16      ;            ;          ; VCCINT                                   ; power  ;              ; 1.2V    ; --         ;                 ; --       ; --           ;
; R17      ; 294        ; 6        ; GND*                                     ;        ;              ;         ; Row I/O    ;                 ; no       ; Off          ;
; R18      ;            ; 6        ; VCCIO6                                   ; power  ;              ; 3.3V    ; --         ;                 ; --       ; --           ;
; R19      ; 282        ; 6        ; GND*                                     ;        ;              ;         ; Row I/O    ;                 ; no       ; Off          ;
; R20      ; 297        ; 6        ; GND*                                     ;        ;              ;         ; Row I/O    ;                 ; no       ; Off          ;
; R21      ;            ;          ; GND                                      ; gnd    ;              ;         ; --         ;                 ; --       ; --           ;
; R22      ; 298        ; 6        ; ^nSTATUS                                 ;        ;              ;         ; --         ;                 ; --       ; --           ;
; R23      ; 299        ; 6        ; ^CONF_DONE                               ;        ;              ;         ; --         ;                 ; --       ; --           ;
; R24      ; 302        ; 6        ; GND*                                     ;        ;              ;         ; Row I/O    ;                 ; no       ; Off          ;
; R25      ; 303        ; 6        ; GND*                                     ;        ;              ;         ; Row I/O    ;                 ; no       ; Off          ;
; R26      ;            ;          ; GND                                      ; gnd    ;              ;         ; --         ;                 ; --       ; --           ;
; T1       ;            ; 1        ; VCCIO1                                   ; power  ;              ; 3.3V    ; --         ;                 ; --       ; --           ;
; T2       ; 79         ; 1        ; HEX5[0]                                  ; output ; 3.3-V LVTTL  ;         ; Row I/O    ; Y               ; no       ; Off          ;
; T3       ; 80         ; 1        ; HEX4[6]                                  ; output ; 3.3-V LVTTL  ;         ; Row I/O    ; Y               ; no       ; Off          ;
; T4       ; 83         ; 1        ; HEX4[3]                                  ; output ; 3.3-V LVTTL  ;         ; Row I/O    ; Y               ; no       ; Off          ;
; T5       ;            ;          ; GND                                      ; gnd    ;              ;         ; --         ;                 ; --       ; --           ;
; T6       ; 93         ; 1        ; GND*                                     ;        ;              ;         ; Row I/O    ;                 ; no       ; Off          ;
; T7       ; 92         ; 1        ; SW[13]                                   ; input  ; 3.3-V LVTTL  ;         ; Row I/O    ; Y               ; no       ; Off          ;
; T8       ; 111        ; 1        ; GND*                                     ;        ;              ;         ; Row I/O    ;                 ; no       ; Off          ;
; T9       ; 76         ; 1        ; HEX5[3]                                  ; output ; 3.3-V LVTTL  ;         ; Row I/O    ; Y               ; no       ; Off          ;
; T10      ; 75         ; 1        ; GND*                                     ;        ;              ;         ; Row I/O    ;                 ; no       ; Off          ;
; T11      ;            ;          ; VCCINT                                   ; power  ;              ; 1.2V    ; --         ;                 ; --       ; --           ;
; T12      ;            ;          ; GND                                      ; gnd    ;              ;         ; --         ;                 ; --       ; --           ;
; T13      ;            ;          ; GND                                      ; gnd    ;              ;         ; --         ;                 ; --       ; --           ;
; T14      ;            ;          ; GND                                      ; gnd    ;              ;         ; --         ;                 ; --       ; --           ;
; T15      ;            ;          ; GND                                      ; gnd    ;              ;         ; --         ;                 ; --       ; --           ;
; T16      ;            ;          ; VCCINT                                   ; power  ;              ; 1.2V    ; --         ;                 ; --       ; --           ;
; T17      ; 289        ; 6        ; GND*                                     ;        ;              ;         ; Row I/O    ;                 ; no       ; Off          ;
; T18      ; 290        ; 6        ; GND*                                     ;        ;              ;         ; Row I/O    ;                 ; no       ; Off          ;
; T19      ; 281        ; 6        ; GND*                                     ;        ;              ;         ; Row I/O    ;                 ; no       ; Off          ;
; T20      ; 287        ; 6        ; GND*                                     ;        ;              ;         ; Row I/O    ;                 ; no       ; Off          ;
; T21      ; 288        ; 6        ; GND*                                     ;        ;              ;         ; Row I/O    ;                 ; --       ; --           ;
; T22      ; 296        ; 6        ; GND*                                     ;        ;              ;         ; Row I/O    ;                 ; no       ; Off          ;
; T23      ; 295        ; 6        ; GND*                                     ;        ;              ;         ; Row I/O    ;                 ; no       ; Off          ;
; T24      ; 292        ; 6        ; GND*                                     ;        ;              ;         ; Row I/O    ;                 ; no       ; Off          ;
; T25      ; 291        ; 6        ; GND*                                     ;        ;              ;         ; Row I/O    ;                 ; no       ; Off          ;
; T26      ;            ; 6        ; VCCIO6                                   ; power  ;              ; 3.3V    ; --         ;                 ; --       ; --           ;
; U1       ; 85         ; 1        ; HEX4[1]                                  ; output ; 3.3-V LVTTL  ;         ; Row I/O    ; Y               ; no       ; Off          ;
; U2       ; 84         ; 1        ; HEX4[2]                                  ; output ; 3.3-V LVTTL  ;         ; Row I/O    ; Y               ; no       ; Off          ;
; U3       ; 88         ; 1        ; SW[14]                                   ; input  ; 3.3-V LVTTL  ;         ; Row I/O    ; Y               ; no       ; Off          ;
; U4       ; 89         ; 1        ; SW[15]                                   ; input  ; 3.3-V LVTTL  ;         ; Row I/O    ; Y               ; no       ; Off          ;
; U5       ; 100        ; 1        ; GND*                                     ;        ;              ;         ; Row I/O    ;                 ; no       ; Off          ;
; U6       ; 98         ; 1        ; GND*                                     ;        ;              ;         ; Row I/O    ;                 ; no       ; Off          ;
; U7       ; 99         ; 1        ; GND*                                     ;        ;              ;         ; Row I/O    ;                 ; no       ; Off          ;
; U8       ;            ;          ; GND                                      ; gnd    ;              ;         ; --         ;                 ; --       ; --           ;
; U9       ; 86         ; 1        ; HEX4[0]                                  ; output ; 3.3-V LVTTL  ;         ; Row I/O    ; Y               ; no       ; Off          ;
; U10      ; 87         ; 1        ; GND*                                     ;        ;              ;         ; Row I/O    ;                 ; no       ; Off          ;
; U11      ;            ;          ; VCCINT                                   ; power  ;              ; 1.2V    ; --         ;                 ; --       ; --           ;
; U12      ; 178        ; 8        ; GND*                                     ;        ;              ;         ; Column I/O ;                 ; no       ; Off          ;
; U13      ;            ;          ; VCCINT                                   ; power  ;              ; 1.2V    ; --         ;                 ; --       ; --           ;
; U14      ;            ;          ; VCCINT                                   ; power  ;              ; 1.2V    ; --         ;                 ; --       ; --           ;
; U15      ;            ;          ; VCCINT                                   ; power  ;              ; 1.2V    ; --         ;                 ; --       ; --           ;
; U16      ;            ;          ; VCCINT                                   ; power  ;              ; 1.2V    ; --         ;                 ; --       ; --           ;
; U17      ; 231        ; 7        ; LEDG[5]                                  ; output ; 3.3-V LVTTL  ;         ; Column I/O ; Y               ; no       ; Off          ;
; U18      ; 232        ; 7        ; LEDG[4]                                  ; output ; 3.3-V LVTTL  ;         ; Column I/O ; Y               ; no       ; Off          ;
; U19      ;            ;          ; GND                                      ; gnd    ;              ;         ; --         ;                 ; --       ; --           ;
; U20      ; 280        ; 6        ; GND*                                     ;        ;              ;         ; Row I/O    ;                 ; no       ; Off          ;
; U21      ; 279        ; 6        ; GND*                                     ;        ;              ;         ; Row I/O    ;                 ; no       ; Off          ;
; U22      ; 270        ; 6        ; HEX3[5]                                  ; output ; 3.3-V LVTTL  ;         ; Row I/O    ; Y               ; no       ; Off          ;
; U23      ; 284        ; 6        ; GND*                                     ;        ;              ;         ; Row I/O    ;                 ; no       ; Off          ;
; U24      ; 283        ; 6        ; GND*                                     ;        ;              ;         ; Row I/O    ;                 ; no       ; Off          ;
; U25      ; 285        ; 6        ; GND*                                     ;        ;              ;         ; Row I/O    ;                 ; no       ; Off          ;
; U26      ; 286        ; 6        ; GND*                                     ;        ;              ;         ; Row I/O    ;                 ; no       ; Off          ;
; V1       ; 90         ; 1        ; SW[16]                                   ; input  ; 3.3-V LVTTL  ;         ; Row I/O    ; Y               ; no       ; Off          ;
; V2       ; 91         ; 1        ; SW[17]                                   ; input  ; 3.3-V LVTTL  ;         ; Row I/O    ; Y               ; no       ; Off          ;
; V3       ; 95         ; 1        ; GND*                                     ;        ;              ;         ; Row I/O    ;                 ; no       ; Off          ;
; V4       ; 94         ; 1        ; GND*                                     ;        ;              ;         ; Row I/O    ;                 ; no       ; Off          ;
; V5       ; 104        ; 1        ; GND*                                     ;        ;              ;         ; Row I/O    ;                 ; no       ; Off          ;
; V6       ; 105        ; 1        ; GND*                                     ;        ;              ;         ; Row I/O    ;                 ; no       ; Off          ;
; V7       ; 112        ; 1        ; GND*                                     ;        ;              ;         ; Row I/O    ;                 ; no       ; Off          ;
; V8       ;            ; 1        ; VCCIO1                                   ; power  ;              ; 3.3V    ; --         ;                 ; --       ; --           ;
; V9       ; 142        ; 8        ; GND*                                     ;        ;              ;         ; Column I/O ;                 ; no       ; Off          ;
; V10      ; 141        ; 8        ; GND*                                     ;        ;              ;         ; Column I/O ;                 ; no       ; Off          ;
; V11      ; 177        ; 8        ; GND*                                     ;        ;              ;         ; Column I/O ;                 ; no       ; Off          ;
; V12      ;            ; 8        ; VCCIO8                                   ; power  ;              ; 3.3V    ; --         ;                 ; --       ; --           ;
; V13      ; 176        ; 8        ; HEX0[6]                                  ; output ; 3.3-V LVTTL  ;         ; Column I/O ; Y               ; no       ; Off          ;
; V14      ; 175        ; 8        ; HEX0[5]                                  ; output ; 3.3-V LVTTL  ;         ; Column I/O ; Y               ; no       ; Off          ;
; V15      ;            ; 7        ; VCCIO7                                   ; power  ;              ; 3.3V    ; --         ;                 ; --       ; --           ;
; V16      ;            ;          ; VCCINT                                   ; power  ;              ; 1.2V    ; --         ;                 ; --       ; --           ;
; V17      ; 218        ; 7        ; GND*                                     ;        ;              ;         ; Column I/O ;                 ; no       ; Off          ;
; V18      ; 233        ; 7        ; LEDG[3]                                  ; output ; 3.3-V LVTTL  ;         ; Column I/O ; Y               ; no       ; Off          ;
; V19      ;            ; 6        ; VCCIO6                                   ; power  ;              ; 3.3V    ; --         ;                 ; --       ; --           ;
; V20      ; 251        ; 6        ; HEX1[0]                                  ; output ; 3.3-V LVTTL  ;         ; Row I/O    ; Y               ; no       ; Off          ;
; V21      ; 252        ; 6        ; HEX1[1]                                  ; output ; 3.3-V LVTTL  ;         ; Row I/O    ; Y               ; no       ; Off          ;
; V22      ; 259        ; 6        ; HEX2[1]                                  ; output ; 3.3-V LVTTL  ;         ; Row I/O    ; Y               ; no       ; Off          ;
; V23      ; 275        ; 6        ; GND*                                     ;        ;              ;         ; Row I/O    ;                 ; no       ; Off          ;
; V24      ; 276        ; 6        ; GND*                                     ;        ;              ;         ; Row I/O    ;                 ; no       ; Off          ;
; V25      ; 277        ; 6        ; GND*                                     ;        ;              ;         ; Row I/O    ;                 ; no       ; Off          ;
; V26      ; 278        ; 6        ; GND*                                     ;        ;              ;         ; Row I/O    ;                 ; no       ; Off          ;
; W1       ; 97         ; 1        ; GND*                                     ;        ;              ;         ; Row I/O    ;                 ; no       ; Off          ;
; W2       ; 96         ; 1        ; GND*                                     ;        ;              ;         ; Row I/O    ;                 ; no       ; Off          ;
; W3       ; 102        ; 1        ; GND*                                     ;        ;              ;         ; Row I/O    ;                 ; no       ; Off          ;
; W4       ; 101        ; 1        ; GND*                                     ;        ;              ;         ; Row I/O    ;                 ; no       ; Off          ;
; W5       ;            ;          ; GND                                      ; gnd    ;              ;         ; --         ;                 ; --       ; --           ;
; W6       ; 113        ; 1        ; GND*                                     ;        ;              ;         ; Row I/O    ;                 ; --       ; --           ;
; W7       ;            ;          ; GND_PLL1                                 ; gnd    ;              ;         ; --         ;                 ; --       ; --           ;
; W8       ; 144        ; 8        ; GND*                                     ;        ;              ;         ; Column I/O ;                 ; no       ; Off          ;
; W9       ;            ; 8        ; VCCIO8                                   ; power  ;              ; 3.3V    ; --         ;                 ; --       ; --           ;
; W10      ; 145        ; 8        ; GND*                                     ;        ;              ;         ; Column I/O ;                 ; no       ; Off          ;
; W11      ; 161        ; 8        ; GND*                                     ;        ;              ;         ; Column I/O ;                 ; no       ; Off          ;
; W12      ; 162        ; 8        ; GND*                                     ;        ;              ;         ; Column I/O ;                 ; no       ; Off          ;
; W13      ;            ;          ; GND                                      ; gnd    ;              ;         ; --         ;                 ; --       ; --           ;
; W14      ;            ;          ; GND                                      ; gnd    ;              ;         ; --         ;                 ; --       ; --           ;
; W15      ; 203        ; 7        ; GND*                                     ;        ;              ;         ; Column I/O ;                 ; no       ; Off          ;
; W16      ; 204        ; 7        ; GND*                                     ;        ;              ;         ; Column I/O ;                 ; no       ; Off          ;
; W17      ; 217        ; 7        ; GND*                                     ;        ;              ;         ; Column I/O ;                 ; no       ; Off          ;
; W18      ;            ; 7        ; VCCIO7                                   ; power  ;              ; 3.3V    ; --         ;                 ; --       ; --           ;
; W19      ; 234        ; 7        ; LEDG[2]                                  ; output ; 3.3-V LVTTL  ;         ; Column I/O ; Y               ; no       ; Off          ;
; W20      ;            ;          ; GND_PLL4                                 ; gnd    ;              ;         ; --         ;                 ; --       ; --           ;
; W21      ; 253        ; 6        ; HEX1[2]                                  ; output ; 3.3-V LVTTL  ;         ; Row I/O    ; Y               ; no       ; Off          ;
; W22      ;            ;          ; GND                                      ; gnd    ;              ;         ; --         ;                 ; --       ; --           ;
; W23      ; 272        ; 6        ; GND*                                     ;        ;              ;         ; Row I/O    ;                 ; no       ; Off          ;
; W24      ; 271        ; 6        ; HEX3[6]                                  ; output ; 3.3-V LVTTL  ;         ; Row I/O    ; Y               ; no       ; Off          ;
; W25      ; 273        ; 6        ; GND*                                     ;        ;              ;         ; Row I/O    ;                 ; no       ; Off          ;
; W26      ; 274        ; 6        ; KEY[3]                                   ; input  ; 3.3-V LVTTL  ;         ; Row I/O    ; Y               ; no       ; Off          ;
; Y1       ; 103        ; 1        ; GND*                                     ;        ;              ;         ; Row I/O    ;                 ; no       ; Off          ;
; Y2       ;            ;          ; NC                                       ;        ;              ;         ; --         ;                 ; --       ; --           ;
; Y3       ; 108        ; 1        ; GND*                                     ;        ;              ;         ; Row I/O    ;                 ; no       ; Off          ;
; Y4       ; 109        ; 1        ; GND*                                     ;        ;              ;         ; Row I/O    ;                 ; no       ; Off          ;
; Y5       ; 121        ; 1        ; GND*                                     ;        ;              ;         ; Row I/O    ;                 ; no       ; Off          ;
; Y6       ;            ;          ; GND_PLL1                                 ; gnd    ;              ;         ; --         ;                 ; --       ; --           ;
; Y7       ;            ;          ; VCCD_PLL1                                ; power  ;              ; 1.2V    ; --         ;                 ; --       ; --           ;
; Y8       ;            ;          ; GNDA_PLL1                                ; gnd    ;              ;         ; --         ;                 ; --       ; --           ;
; Y9       ;            ;          ; GND                                      ; gnd    ;              ;         ; --         ;                 ; --       ; --           ;
; Y10      ; 146        ; 8        ; GND*                                     ;        ;              ;         ; Column I/O ;                 ; no       ; Off          ;
; Y11      ; 156        ; 8        ; GND*                                     ;        ;              ;         ; Column I/O ;                 ; no       ; Off          ;
; Y12      ; 180        ; 8        ; LEDG[8]                                  ; output ; 3.3-V LVTTL  ;         ; Column I/O ; Y               ; no       ; Off          ;
; Y13      ; 193        ; 7        ; LEDR[9]                                  ; output ; 3.3-V LVTTL  ;         ; Column I/O ; Y               ; no       ; Off          ;
; Y14      ; 195        ; 7        ; GND*                                     ;        ;              ;         ; Column I/O ;                 ; no       ; Off          ;
; Y15      ; 196        ; 7        ; GND*                                     ;        ;              ;         ; Column I/O ;                 ; no       ; Off          ;
; Y16      ; 210        ; 7        ; GND*                                     ;        ;              ;         ; Column I/O ;                 ; no       ; Off          ;
; Y17      ;            ;          ; GND                                      ; gnd    ;              ;         ; --         ;                 ; --       ; --           ;
; Y18      ; 229        ; 7        ; LEDG[7]                                  ; output ; 3.3-V LVTTL  ;         ; Column I/O ; Y               ; no       ; Off          ;
; Y19      ;            ;          ; GNDA_PLL4                                ; gnd    ;              ;         ; --         ;                 ; --       ; --           ;
; Y20      ;            ;          ; VCCD_PLL4                                ; power  ;              ; 1.2V    ; --         ;                 ; --       ; --           ;
; Y21      ; 250        ; 6        ; GND*                                     ;        ;              ;         ; Row I/O    ;                 ; no       ; Off          ;
; Y22      ; 254        ; 6        ; HEX1[3]                                  ; output ; 3.3-V LVTTL  ;         ; Row I/O    ; Y               ; no       ; Off          ;
; Y23      ; 265        ; 6        ; HEX3[0]                                  ; output ; 3.3-V LVTTL  ;         ; Row I/O    ; Y               ; no       ; Off          ;
; Y24      ; 264        ; 6        ; HEX2[6]                                  ; output ; 3.3-V LVTTL  ;         ; Row I/O    ; Y               ; no       ; Off          ;
; Y25      ; 269        ; 6        ; HEX3[4]                                  ; output ; 3.3-V LVTTL  ;         ; Row I/O    ; Y               ; no       ; Off          ;
; Y26      ; 268        ; 6        ; HEX3[3]                                  ; output ; 3.3-V LVTTL  ;         ; Row I/O    ; Y               ; no       ; Off          ;
+----------+------------+----------+------------------------------------------+--------+--------------+---------+------------+-----------------+----------+--------------+
Note: Pin directions (input, output or bidir) are based on device operating in user mode.


+-----------------------------------------------------------------------------------------------+
; Clock Delay Control Summary                                                                   ;
+-----------------------+------------+-----------------+------------------+---------------------+
; Name                  ; Source I/O ; Location        ; Delay Chain Mode ; Delay Chain Setting ;
+-----------------------+------------+-----------------+------------------+---------------------+
; KEY[3]~clk_delay_ctrl ; KEY[3]     ; CLKDELAYCTRL_G7 ; none             ; N/A                 ;
+-----------------------+------------+-----------------+------------------+---------------------+


+-------------------------------------------------------------------------------+
; Output Pin Default Load For Reported TCO                                      ;
+----------------------------------+-------+------------------------------------+
; I/O Standard                     ; Load  ; Termination Resistance             ;
+----------------------------------+-------+------------------------------------+
; 3.3-V LVTTL                      ; 0 pF  ; Not Available                      ;
; 3.3-V LVCMOS                     ; 0 pF  ; Not Available                      ;
; 2.5 V                            ; 0 pF  ; Not Available                      ;
; 1.8 V                            ; 0 pF  ; Not Available                      ;
; 1.5 V                            ; 0 pF  ; Not Available                      ;
; 3.3-V PCI                        ; 10 pF ; 25 Ohm (Parallel)                  ;
; 3.3-V PCI-X                      ; 10 pF ; 25 Ohm (Parallel)                  ;
; SSTL-2 Class I                   ; 0 pF  ; 50 Ohm (Parallel), 25 Ohm (Serial) ;
; SSTL-2 Class II                  ; 0 pF  ; 25 Ohm (Parallel), 25 Ohm (Serial) ;
; SSTL-18 Class I                  ; 0 pF  ; 50 Ohm (Parallel), 25 Ohm (Serial) ;
; SSTL-18 Class II                 ; 0 pF  ; 25 Ohm (Parallel), 25 Ohm (Serial) ;
; 1.5-V HSTL Class I               ; 0 pF  ; 50 Ohm (Parallel)                  ;
; 1.5-V HSTL Class II              ; 0 pF  ; 25 Ohm (Parallel)                  ;
; 1.8-V HSTL Class I               ; 0 pF  ; 50 Ohm (Parallel)                  ;
; 1.8-V HSTL Class II              ; 0 pF  ; 25 Ohm (Parallel)                  ;
; Differential SSTL-2              ; 0 pF  ; (See SSTL-2)                       ;
; Differential 2.5-V SSTL Class II ; 0 pF  ; (See SSTL-2 Class II)              ;
; Differential 1.8-V SSTL Class I  ; 0 pF  ; (See 1.8-V SSTL Class I)           ;
; Differential 1.8-V SSTL Class II ; 0 pF  ; (See 1.8-V SSTL Class II)          ;
; Differential 1.5-V HSTL Class I  ; 0 pF  ; (See 1.5-V HSTL Class I)           ;
; Differential 1.5-V HSTL Class II ; 0 pF  ; (See 1.5-V HSTL Class II)          ;
; Differential 1.8-V HSTL Class I  ; 0 pF  ; (See 1.8-V HSTL Class I)           ;
; Differential 1.8-V HSTL Class II ; 0 pF  ; (See 1.8-V HSTL Class II)          ;
; LVDS                             ; 0 pF  ; 100 Ohm (Differential)             ;
; mini-LVDS                        ; 0 pF  ; 100 Ohm (Differential)             ;
; RSDS                             ; 0 pF  ; 100 Ohm (Differential)             ;
; Simple RSDS                      ; 0 pF  ; Not Available                      ;
; Differential LVPECL              ; 0 pF  ; 100 Ohm (Differential)             ;
+----------------------------------+-------+------------------------------------+
Note: User assignments will override these defaults. The user specified values are listed in the Output Pins and Bidir Pins tables.


+------------------------------------------------------------------------------------------------------------------------------------------------------------------------------------------------------------------------------------------------------------------------------------------------------------------------------------------------------------------------------------+
; Fitter Resource Utilization by Entity                                                                                                                                                                                                                                                                                                                                              ;
+----------------------------------------------+-------------+---------------------------+---------------+-------------+------+--------------+---------+-----------+------+--------------+--------------+-------------------+------------------+----------------------------------------------------------------------------------------------------------------------+--------------+
; Compilation Hierarchy Node                   ; Logic Cells ; Dedicated Logic Registers ; I/O Registers ; Memory Bits ; M4Ks ; DSP Elements ; DSP 9x9 ; DSP 18x18 ; Pins ; Virtual Pins ; LUT-Only LCs ; Register-Only LCs ; LUT/Register LCs ; Full Hierarchy Name                                                                                                  ; Library Name ;
+----------------------------------------------+-------------+---------------------------+---------------+-------------+------+--------------+---------+-----------+------+--------------+--------------+-------------------+------------------+----------------------------------------------------------------------------------------------------------------------+--------------+
; |karaoke_top                                 ; 498 (64)    ; 279 (60)                  ; 0 (0)         ; 24224       ; 8    ; 4            ; 0       ; 2         ; 150  ; 0            ; 219 (4)      ; 38 (2)            ; 241 (58)         ; |karaoke_top                                                                                                         ; work         ;
;    |audio_gain_apply:u_gain_apply|           ; 5 (5)       ; 0 (0)                     ; 0 (0)         ; 0           ; 0    ; 4            ; 0       ; 2         ; 0    ; 0            ; 5 (5)        ; 0 (0)             ; 0 (0)            ; |karaoke_top|audio_gain_apply:u_gain_apply                                                                           ; work         ;
;       |lpm_mult:Mult0|                       ; 0 (0)       ; 0 (0)                     ; 0 (0)         ; 0           ; 0    ; 2            ; 0       ; 1         ; 0    ; 0            ; 0 (0)        ; 0 (0)             ; 0 (0)            ; |karaoke_top|audio_gain_apply:u_gain_apply|lpm_mult:Mult0                                                            ; work         ;
;          |mult_10t:auto_generated|           ; 0 (0)       ; 0 (0)                     ; 0 (0)         ; 0           ; 0    ; 2            ; 0       ; 1         ; 0    ; 0            ; 0 (0)        ; 0 (0)             ; 0 (0)            ; |karaoke_top|audio_gain_apply:u_gain_apply|lpm_mult:Mult0|mult_10t:auto_generated                                    ; work         ;
;       |lpm_mult:Mult1|                       ; 0 (0)       ; 0 (0)                     ; 0 (0)         ; 0           ; 0    ; 2            ; 0       ; 1         ; 0    ; 0            ; 0 (0)        ; 0 (0)             ; 0 (0)            ; |karaoke_top|audio_gain_apply:u_gain_apply|lpm_mult:Mult1                                                            ; work         ;
;          |mult_10t:auto_generated|           ; 0 (0)       ; 0 (0)                     ; 0 (0)         ; 0           ; 0    ; 2            ; 0       ; 1         ; 0    ; 0            ; 0 (0)        ; 0 (0)             ; 0 (0)            ; |karaoke_top|audio_gain_apply:u_gain_apply|lpm_mult:Mult1|mult_10t:auto_generated                                    ; work         ;
;    |audio_pll:u_audio_pll|                   ; 13 (13)     ; 11 (11)                   ; 0 (0)         ; 0           ; 0    ; 0            ; 0       ; 0         ; 0    ; 0            ; 2 (2)        ; 0 (0)             ; 11 (11)          ; |karaoke_top|audio_pll:u_audio_pll                                                                                   ; work         ;
;    |hex7seg:u_hex0|                          ; 9 (9)       ; 0 (0)                     ; 0 (0)         ; 0           ; 0    ; 0            ; 0       ; 0         ; 0    ; 0            ; 9 (9)        ; 0 (0)             ; 0 (0)            ; |karaoke_top|hex7seg:u_hex0                                                                                          ; work         ;
;    |i2c_av_config:u_i2c_cfg|                 ; 121 (121)   ; 61 (61)                   ; 0 (0)         ; 0           ; 0    ; 0            ; 0       ; 0         ; 0    ; 0            ; 60 (60)      ; 5 (5)             ; 56 (56)          ; |karaoke_top|i2c_av_config:u_i2c_cfg                                                                                 ; work         ;
;    |i2s_receiver:u_i2s_rx|                   ; 50 (50)     ; 43 (43)                   ; 0 (0)         ; 0           ; 0    ; 0            ; 0       ; 0         ; 0    ; 0            ; 7 (7)        ; 17 (17)           ; 26 (26)          ; |karaoke_top|i2s_receiver:u_i2s_rx                                                                                   ; work         ;
;    |i2s_transmitter:u_i2s_tx|                ; 79 (79)     ; 28 (28)                   ; 0 (0)         ; 0           ; 0    ; 0            ; 0       ; 0         ; 0    ; 0            ; 51 (51)      ; 4 (4)             ; 24 (24)          ; |karaoke_top|i2s_transmitter:u_i2s_tx                                                                                ; work         ;
;    |lyric_controller:u_lyric_controller|     ; 62 (62)     ; 35 (35)                   ; 0 (0)         ; 0           ; 0    ; 0            ; 0       ; 0         ; 0    ; 0            ; 27 (27)      ; 0 (0)             ; 35 (35)          ; |karaoke_top|lyric_controller:u_lyric_controller                                                                     ; work         ;
;    |text_renderer:u_text_renderer|           ; 46 (32)     ; 21 (21)                   ; 0 (0)         ; 24224       ; 8    ; 0            ; 0       ; 0         ; 0    ; 0            ; 25 (11)      ; 10 (10)           ; 11 (11)          ; |karaoke_top|text_renderer:u_text_renderer                                                                           ; work         ;
;       |font_rom:u_font_rom|                  ; 0 (0)       ; 0 (0)                     ; 0 (0)         ; 16384       ; 4    ; 0            ; 0       ; 0         ; 0    ; 0            ; 0 (0)        ; 0 (0)             ; 0 (0)            ; |karaoke_top|text_renderer:u_text_renderer|font_rom:u_font_rom                                                       ; work         ;
;          |altsyncram:rom_rtl_0|              ; 0 (0)       ; 0 (0)                     ; 0 (0)         ; 16384       ; 4    ; 0            ; 0       ; 0         ; 0    ; 0            ; 0 (0)        ; 0 (0)             ; 0 (0)            ; |karaoke_top|text_renderer:u_text_renderer|font_rom:u_font_rom|altsyncram:rom_rtl_0                                  ; work         ;
;             |altsyncram_ob71:auto_generated| ; 0 (0)       ; 0 (0)                     ; 0 (0)         ; 16384       ; 4    ; 0            ; 0       ; 0         ; 0    ; 0            ; 0 (0)        ; 0 (0)             ; 0 (0)            ; |karaoke_top|text_renderer:u_text_renderer|font_rom:u_font_rom|altsyncram:rom_rtl_0|altsyncram_ob71:auto_generated   ; work         ;
;       |lyric_rom:u_lyric_rom|                ; 14 (14)     ; 0 (0)                     ; 0 (0)         ; 7840        ; 4    ; 0            ; 0       ; 0         ; 0    ; 0            ; 14 (14)      ; 0 (0)             ; 0 (0)            ; |karaoke_top|text_renderer:u_text_renderer|lyric_rom:u_lyric_rom                                                     ; work         ;
;          |altsyncram:rom_rtl_0|              ; 0 (0)       ; 0 (0)                     ; 0 (0)         ; 7840        ; 4    ; 0            ; 0       ; 0         ; 0    ; 0            ; 0 (0)        ; 0 (0)             ; 0 (0)            ; |karaoke_top|text_renderer:u_text_renderer|lyric_rom:u_lyric_rom|altsyncram:rom_rtl_0                                ; work         ;
;             |altsyncram_uh71:auto_generated| ; 0 (0)       ; 0 (0)                     ; 0 (0)         ; 7840        ; 4    ; 0            ; 0       ; 0         ; 0    ; 0            ; 0 (0)        ; 0 (0)             ; 0 (0)            ; |karaoke_top|text_renderer:u_text_renderer|lyric_rom:u_lyric_rom|altsyncram:rom_rtl_0|altsyncram_uh71:auto_generated ; work         ;
;    |vga_sync:u_vga_sync|                     ; 51 (51)     ; 20 (20)                   ; 0 (0)         ; 0           ; 0    ; 0            ; 0       ; 0         ; 0    ; 0            ; 24 (24)      ; 0 (0)             ; 27 (27)          ; |karaoke_top|vga_sync:u_vga_sync                                                                                     ; work         ;
;    |volume_decoder:u_volume_decoder|         ; 5 (5)       ; 0 (0)                     ; 0 (0)         ; 0           ; 0    ; 0            ; 0       ; 0         ; 0    ; 0            ; 5 (5)        ; 0 (0)             ; 0 (0)            ; |karaoke_top|volume_decoder:u_volume_decoder                                                                         ; work         ;
+----------------------------------------------+-------------+---------------------------+---------------+-------------+------+--------------+---------+-----------+------+--------------+--------------+-------------------+------------------+----------------------------------------------------------------------------------------------------------------------+--------------+
Note: For table entries with two numbers listed, the numbers in parentheses indicate the number of resources of the given type used by the specific entity alone. The numbers listed outside of parentheses indicate the total resources of the given type used by the specific entity and all of its sub-entities in the hierarchy.


+--------------------------------------------------------------------------------------+
; Delay Chain Summary                                                                  ;
+-------------+----------+---------------+---------------+-----------------------+-----+
; Name        ; Pin Type ; Pad to Core 0 ; Pad to Core 1 ; Pad to Input Register ; TCO ;
+-------------+----------+---------------+---------------+-----------------------+-----+
; I2C_SDAT    ; Bidir    ; (0) 170 ps    ; (0) 170 ps    ; --                    ; --  ;
; CLOCK_27    ; Input    ; (0) 170 ps    ; (0) 170 ps    ; --                    ; --  ;
; SW[4]       ; Input    ; (0) 170 ps    ; (0) 170 ps    ; --                    ; --  ;
; SW[5]       ; Input    ; (0) 170 ps    ; (0) 170 ps    ; --                    ; --  ;
; SW[6]       ; Input    ; (0) 170 ps    ; (0) 170 ps    ; --                    ; --  ;
; SW[7]       ; Input    ; (0) 170 ps    ; (0) 170 ps    ; --                    ; --  ;
; SW[8]       ; Input    ; (0) 170 ps    ; (0) 170 ps    ; --                    ; --  ;
; SW[9]       ; Input    ; (0) 170 ps    ; (0) 170 ps    ; --                    ; --  ;
; SW[10]      ; Input    ; (0) 171 ps    ; (0) 171 ps    ; --                    ; --  ;
; SW[11]      ; Input    ; (0) 171 ps    ; (0) 171 ps    ; --                    ; --  ;
; SW[12]      ; Input    ; (0) 171 ps    ; (0) 171 ps    ; --                    ; --  ;
; SW[13]      ; Input    ; (0) 171 ps    ; (0) 171 ps    ; --                    ; --  ;
; SW[14]      ; Input    ; (0) 171 ps    ; (0) 171 ps    ; --                    ; --  ;
; SW[15]      ; Input    ; (0) 171 ps    ; (0) 171 ps    ; --                    ; --  ;
; SW[16]      ; Input    ; (0) 171 ps    ; (0) 171 ps    ; --                    ; --  ;
; LEDR[0]     ; Output   ; --            ; --            ; --                    ; --  ;
; LEDR[1]     ; Output   ; --            ; --            ; --                    ; --  ;
; LEDR[2]     ; Output   ; --            ; --            ; --                    ; --  ;
; LEDR[3]     ; Output   ; --            ; --            ; --                    ; --  ;
; LEDR[4]     ; Output   ; --            ; --            ; --                    ; --  ;
; LEDR[5]     ; Output   ; --            ; --            ; --                    ; --  ;
; LEDR[6]     ; Output   ; --            ; --            ; --                    ; --  ;
; LEDR[7]     ; Output   ; --            ; --            ; --                    ; --  ;
; LEDR[8]     ; Output   ; --            ; --            ; --                    ; --  ;
; LEDR[9]     ; Output   ; --            ; --            ; --                    ; --  ;
; LEDR[10]    ; Output   ; --            ; --            ; --                    ; --  ;
; LEDR[11]    ; Output   ; --            ; --            ; --                    ; --  ;
; LEDR[12]    ; Output   ; --            ; --            ; --                    ; --  ;
; LEDR[13]    ; Output   ; --            ; --            ; --                    ; --  ;
; LEDR[14]    ; Output   ; --            ; --            ; --                    ; --  ;
; LEDR[15]    ; Output   ; --            ; --            ; --                    ; --  ;
; LEDR[16]    ; Output   ; --            ; --            ; --                    ; --  ;
; LEDR[17]    ; Output   ; --            ; --            ; --                    ; --  ;
; LEDG[0]     ; Output   ; --            ; --            ; --                    ; --  ;
; LEDG[1]     ; Output   ; --            ; --            ; --                    ; --  ;
; LEDG[2]     ; Output   ; --            ; --            ; --                    ; --  ;
; LEDG[3]     ; Output   ; --            ; --            ; --                    ; --  ;
; LEDG[4]     ; Output   ; --            ; --            ; --                    ; --  ;
; LEDG[5]     ; Output   ; --            ; --            ; --                    ; --  ;
; LEDG[6]     ; Output   ; --            ; --            ; --                    ; --  ;
; LEDG[7]     ; Output   ; --            ; --            ; --                    ; --  ;
; LEDG[8]     ; Output   ; --            ; --            ; --                    ; --  ;
; HEX0[0]     ; Output   ; --            ; --            ; --                    ; --  ;
; HEX0[1]     ; Output   ; --            ; --            ; --                    ; --  ;
; HEX0[2]     ; Output   ; --            ; --            ; --                    ; --  ;
; HEX0[3]     ; Output   ; --            ; --            ; --                    ; --  ;
; HEX0[4]     ; Output   ; --            ; --            ; --                    ; --  ;
; HEX0[5]     ; Output   ; --            ; --            ; --                    ; --  ;
; HEX0[6]     ; Output   ; --            ; --            ; --                    ; --  ;
; HEX1[0]     ; Output   ; --            ; --            ; --                    ; --  ;
; HEX1[1]     ; Output   ; --            ; --            ; --                    ; --  ;
; HEX1[2]     ; Output   ; --            ; --            ; --                    ; --  ;
; HEX1[3]     ; Output   ; --            ; --            ; --                    ; --  ;
; HEX1[4]     ; Output   ; --            ; --            ; --                    ; --  ;
; HEX1[5]     ; Output   ; --            ; --            ; --                    ; --  ;
; HEX1[6]     ; Output   ; --            ; --            ; --                    ; --  ;
; HEX2[0]     ; Output   ; --            ; --            ; --                    ; --  ;
; HEX2[1]     ; Output   ; --            ; --            ; --                    ; --  ;
; HEX2[2]     ; Output   ; --            ; --            ; --                    ; --  ;
; HEX2[3]     ; Output   ; --            ; --            ; --                    ; --  ;
; HEX2[4]     ; Output   ; --            ; --            ; --                    ; --  ;
; HEX2[5]     ; Output   ; --            ; --            ; --                    ; --  ;
; HEX2[6]     ; Output   ; --            ; --            ; --                    ; --  ;
; HEX3[0]     ; Output   ; --            ; --            ; --                    ; --  ;
; HEX3[1]     ; Output   ; --            ; --            ; --                    ; --  ;
; HEX3[2]     ; Output   ; --            ; --            ; --                    ; --  ;
; HEX3[3]     ; Output   ; --            ; --            ; --                    ; --  ;
; HEX3[4]     ; Output   ; --            ; --            ; --                    ; --  ;
; HEX3[5]     ; Output   ; --            ; --            ; --                    ; --  ;
; HEX3[6]     ; Output   ; --            ; --            ; --                    ; --  ;
; HEX4[0]     ; Output   ; --            ; --            ; --                    ; --  ;
; HEX4[1]     ; Output   ; --            ; --            ; --                    ; --  ;
; HEX4[2]     ; Output   ; --            ; --            ; --                    ; --  ;
; HEX4[3]     ; Output   ; --            ; --            ; --                    ; --  ;
; HEX4[4]     ; Output   ; --            ; --            ; --                    ; --  ;
; HEX4[5]     ; Output   ; --            ; --            ; --                    ; --  ;
; HEX4[6]     ; Output   ; --            ; --            ; --                    ; --  ;
; HEX5[0]     ; Output   ; --            ; --            ; --                    ; --  ;
; HEX5[1]     ; Output   ; --            ; --            ; --                    ; --  ;
; HEX5[2]     ; Output   ; --            ; --            ; --                    ; --  ;
; HEX5[3]     ; Output   ; --            ; --            ; --                    ; --  ;
; HEX5[4]     ; Output   ; --            ; --            ; --                    ; --  ;
; HEX5[5]     ; Output   ; --            ; --            ; --                    ; --  ;
; HEX5[6]     ; Output   ; --            ; --            ; --                    ; --  ;
; HEX6[0]     ; Output   ; --            ; --            ; --                    ; --  ;
; HEX6[1]     ; Output   ; --            ; --            ; --                    ; --  ;
; HEX6[2]     ; Output   ; --            ; --            ; --                    ; --  ;
; HEX6[3]     ; Output   ; --            ; --            ; --                    ; --  ;
; HEX6[4]     ; Output   ; --            ; --            ; --                    ; --  ;
; HEX6[5]     ; Output   ; --            ; --            ; --                    ; --  ;
; HEX6[6]     ; Output   ; --            ; --            ; --                    ; --  ;
; HEX7[0]     ; Output   ; --            ; --            ; --                    ; --  ;
; HEX7[1]     ; Output   ; --            ; --            ; --                    ; --  ;
; HEX7[2]     ; Output   ; --            ; --            ; --                    ; --  ;
; HEX7[3]     ; Output   ; --            ; --            ; --                    ; --  ;
; HEX7[4]     ; Output   ; --            ; --            ; --                    ; --  ;
; HEX7[5]     ; Output   ; --            ; --            ; --                    ; --  ;
; HEX7[6]     ; Output   ; --            ; --            ; --                    ; --  ;
; I2C_SCLK    ; Output   ; --            ; --            ; --                    ; --  ;
; AUD_XCK     ; Output   ; --            ; --            ; --                    ; --  ;
; AUD_DACDAT  ; Output   ; --            ; --            ; --                    ; --  ;
; VGA_HS      ; Output   ; --            ; --            ; --                    ; --  ;
; VGA_VS      ; Output   ; --            ; --            ; --                    ; --  ;
; VGA_R[0]    ; Output   ; --            ; --            ; --                    ; --  ;
; VGA_R[1]    ; Output   ; --            ; --            ; --                    ; --  ;
; VGA_R[2]    ; Output   ; --            ; --            ; --                    ; --  ;
; VGA_R[3]    ; Output   ; --            ; --            ; --                    ; --  ;
; VGA_R[4]    ; Output   ; --            ; --            ; --                    ; --  ;
; VGA_R[5]    ; Output   ; --            ; --            ; --                    ; --  ;
; VGA_R[6]    ; Output   ; --            ; --            ; --                    ; --  ;
; VGA_R[7]    ; Output   ; --            ; --            ; --                    ; --  ;
; VGA_R[8]    ; Output   ; --            ; --            ; --                    ; --  ;
; VGA_R[9]    ; Output   ; --            ; --            ; --                    ; --  ;
; VGA_G[0]    ; Output   ; --            ; --            ; --                    ; --  ;
; VGA_G[1]    ; Output   ; --            ; --            ; --                    ; --  ;
; VGA_G[2]    ; Output   ; --            ; --            ; --                    ; --  ;
; VGA_G[3]    ; Output   ; --            ; --            ; --                    ; --  ;
; VGA_G[4]    ; Output   ; --            ; --            ; --                    ; --  ;
; VGA_G[5]    ; Output   ; --            ; --            ; --                    ; --  ;
; VGA_G[6]    ; Output   ; --            ; --            ; --                    ; --  ;
; VGA_G[7]    ; Output   ; --            ; --            ; --                    ; --  ;
; VGA_G[8]    ; Output   ; --            ; --            ; --                    ; --  ;
; VGA_G[9]    ; Output   ; --            ; --            ; --                    ; --  ;
; VGA_B[0]    ; Output   ; --            ; --            ; --                    ; --  ;
; VGA_B[1]    ; Output   ; --            ; --            ; --                    ; --  ;
; VGA_B[2]    ; Output   ; --            ; --            ; --                    ; --  ;
; VGA_B[3]    ; Output   ; --            ; --            ; --                    ; --  ;
; VGA_B[4]    ; Output   ; --            ; --            ; --                    ; --  ;
; VGA_B[5]    ; Output   ; --            ; --            ; --                    ; --  ;
; VGA_B[6]    ; Output   ; --            ; --            ; --                    ; --  ;
; VGA_B[7]    ; Output   ; --            ; --            ; --                    ; --  ;
; VGA_B[8]    ; Output   ; --            ; --            ; --                    ; --  ;
; VGA_B[9]    ; Output   ; --            ; --            ; --                    ; --  ;
; VGA_BLANK   ; Output   ; --            ; --            ; --                    ; --  ;
; VGA_SYNC    ; Output   ; --            ; --            ; --                    ; --  ;
; VGA_CLK     ; Output   ; --            ; --            ; --                    ; --  ;
; SW[0]       ; Input    ; (0) 171 ps    ; (0) 171 ps    ; --                    ; --  ;
; SW[3]       ; Input    ; (0) 170 ps    ; (0) 170 ps    ; --                    ; --  ;
; SW[1]       ; Input    ; (0) 171 ps    ; (0) 171 ps    ; --                    ; --  ;
; SW[2]       ; Input    ; (0) 171 ps    ; (0) 171 ps    ; --                    ; --  ;
; SW[17]      ; Input    ; (6) 2523 ps   ; (6) 2523 ps   ; --                    ; --  ;
; CLOCK_50    ; Input    ; (0) 171 ps    ; (0) 171 ps    ; --                    ; --  ;
; KEY[3]      ; Input    ; (6) 2523 ps   ; (6) 2523 ps   ; --                    ; --  ;
; KEY[0]      ; Input    ; (6) 2523 ps   ; (6) 2523 ps   ; --                    ; --  ;
; KEY[1]      ; Input    ; (6) 2523 ps   ; (6) 2523 ps   ; --                    ; --  ;
; AUD_BCLK    ; Input    ; (0) 170 ps    ; (0) 170 ps    ; --                    ; --  ;
; AUD_DACLRCK ; Input    ; (0) 170 ps    ; (0) 170 ps    ; --                    ; --  ;
; AUD_ADCLRCK ; Input    ; (6) 2514 ps   ; (6) 2514 ps   ; --                    ; --  ;
; KEY[2]      ; Input    ; (6) 2523 ps   ; (6) 2523 ps   ; --                    ; --  ;
; AUD_ADCDAT  ; Input    ; (6) 2514 ps   ; (6) 2514 ps   ; --                    ; --  ;
+-------------+----------+---------------+---------------+-----------------------+-----+


+------------------------------------------------------------------------------------------+
; Pad To Core Delay Chain Fanout                                                           ;
+------------------------------------------------------------+-------------------+---------+
; Source Pin / Fanout                                        ; Pad To Core Index ; Setting ;
+------------------------------------------------------------+-------------------+---------+
; I2C_SDAT                                                   ;                   ;         ;
; CLOCK_27                                                   ;                   ;         ;
; SW[4]                                                      ;                   ;         ;
; SW[5]                                                      ;                   ;         ;
; SW[6]                                                      ;                   ;         ;
; SW[7]                                                      ;                   ;         ;
; SW[8]                                                      ;                   ;         ;
; SW[9]                                                      ;                   ;         ;
; SW[10]                                                     ;                   ;         ;
; SW[11]                                                     ;                   ;         ;
; SW[12]                                                     ;                   ;         ;
; SW[13]                                                     ;                   ;         ;
; SW[14]                                                     ;                   ;         ;
; SW[15]                                                     ;                   ;         ;
; SW[16]                                                     ;                   ;         ;
; SW[0]                                                      ;                   ;         ;
; SW[3]                                                      ;                   ;         ;
; SW[1]                                                      ;                   ;         ;
; SW[2]                                                      ;                   ;         ;
; SW[17]                                                     ;                   ;         ;
;      - lyric_controller:u_lyric_controller|line_reg[1]~2   ; 0                 ; 6       ;
;      - lyric_controller:u_lyric_controller|auto_cnt[12]~30 ; 0                 ; 6       ;
;      - LEDR[17]                                            ; 0                 ; 6       ;
;      - LEDG[8]                                             ; 0                 ; 6       ;
; CLOCK_50                                                   ;                   ;         ;
; KEY[3]                                                     ;                   ;         ;
;      - audio_reset_n                                       ; 1                 ; 6       ;
; KEY[0]                                                     ;                   ;         ;
;      - lyric_controller:u_lyric_controller|line_reg[1]~0   ; 0                 ; 6       ;
;      - lyric_controller:u_lyric_controller|line_reg[1]~1   ; 0                 ; 6       ;
;      - lyric_controller:u_lyric_controller|key_prev_prev~0 ; 0                 ; 6       ;
; KEY[1]                                                     ;                   ;         ;
;      - lyric_controller:u_lyric_controller|line_reg[1]~0   ; 1                 ; 6       ;
;      - lyric_controller:u_lyric_controller|line_reg[1]~1   ; 1                 ; 6       ;
;      - lyric_controller:u_lyric_controller|key_next_prev~0 ; 1                 ; 6       ;
; AUD_BCLK                                                   ;                   ;         ;
;      - bclk_cnt[23]                                        ; 0                 ; 0       ;
;      - bclk_cnt[22]                                        ; 0                 ; 0       ;
;      - bclk_cnt[21]                                        ; 0                 ; 0       ;
;      - bclk_cnt[20]                                        ; 0                 ; 0       ;
;      - bclk_cnt[19]                                        ; 0                 ; 0       ;
;      - bclk_cnt[18]                                        ; 0                 ; 0       ;
;      - bclk_cnt[17]                                        ; 0                 ; 0       ;
;      - bclk_cnt[16]                                        ; 0                 ; 0       ;
;      - bclk_cnt[15]                                        ; 0                 ; 0       ;
;      - bclk_cnt[14]                                        ; 0                 ; 0       ;
;      - bclk_cnt[13]                                        ; 0                 ; 0       ;
;      - bclk_cnt[12]                                        ; 0                 ; 0       ;
;      - bclk_cnt[11]                                        ; 0                 ; 0       ;
;      - bclk_cnt[10]                                        ; 0                 ; 0       ;
;      - bclk_cnt[9]                                         ; 0                 ; 0       ;
;      - bclk_cnt[8]                                         ; 0                 ; 0       ;
;      - bclk_cnt[7]                                         ; 0                 ; 0       ;
;      - bclk_cnt[6]                                         ; 0                 ; 0       ;
;      - bclk_cnt[5]                                         ; 0                 ; 0       ;
;      - bclk_cnt[4]                                         ; 0                 ; 0       ;
;      - bclk_cnt[3]                                         ; 0                 ; 0       ;
;      - bclk_cnt[2]                                         ; 0                 ; 0       ;
;      - bclk_cnt[1]                                         ; 0                 ; 0       ;
;      - bclk_cnt[0]                                         ; 0                 ; 0       ;
;      - i2s_transmitter:u_i2s_tx|bclk_r1~feeder             ; 0                 ; 0       ;
; AUD_DACLRCK                                                ;                   ;         ;
;      - lrck_cnt[15]                                        ; 1                 ; 0       ;
;      - lrck_cnt[14]                                        ; 1                 ; 0       ;
;      - lrck_cnt[13]                                        ; 1                 ; 0       ;
;      - lrck_cnt[12]                                        ; 1                 ; 0       ;
;      - lrck_cnt[11]                                        ; 1                 ; 0       ;
;      - lrck_cnt[10]                                        ; 1                 ; 0       ;
;      - lrck_cnt[9]                                         ; 1                 ; 0       ;
;      - lrck_cnt[8]                                         ; 1                 ; 0       ;
;      - lrck_cnt[7]                                         ; 1                 ; 0       ;
;      - lrck_cnt[6]                                         ; 1                 ; 0       ;
;      - lrck_cnt[5]                                         ; 1                 ; 0       ;
;      - lrck_cnt[4]                                         ; 1                 ; 0       ;
;      - lrck_cnt[3]                                         ; 1                 ; 0       ;
;      - lrck_cnt[2]                                         ; 1                 ; 0       ;
;      - lrck_cnt[1]                                         ; 1                 ; 0       ;
;      - lrck_cnt[0]                                         ; 1                 ; 0       ;
;      - i2s_transmitter:u_i2s_tx|lr_r1~feeder               ; 1                 ; 0       ;
; AUD_ADCLRCK                                                ;                   ;         ;
;      - i2s_receiver:u_i2s_rx|lr_r1                         ; 0                 ; 6       ;
; KEY[2]                                                     ;                   ;         ;
;      - key2_meta~0                                         ; 1                 ; 6       ;
; AUD_ADCDAT                                                 ;                   ;         ;
;      - i2s_receiver:u_i2s_rx|shift_reg~7                   ; 0                 ; 6       ;
+------------------------------------------------------------+-------------------+---------+


+-----------------------------------------------------------------------------------------------------------------------------------------------------------------------------------+
; Control Signals                                                                                                                                                                   ;
+-----------------------------------------------------+--------------------+---------+---------------+--------+----------------------+------------------+---------------------------+
; Name                                                ; Location           ; Fan-Out ; Usage         ; Global ; Global Resource Used ; Global Line Name ; Enable Signal Source Name ;
+-----------------------------------------------------+--------------------+---------+---------------+--------+----------------------+------------------+---------------------------+
; AUD_BCLK                                            ; PIN_B4             ; 25      ; Clock         ; no     ; --                   ; --               ; --                        ;
; AUD_DACLRCK                                         ; PIN_C6             ; 17      ; Clock         ; no     ; --                   ; --               ; --                        ;
; CLOCK_50                                            ; PIN_N2             ; 249     ; Clock         ; yes    ; Global Clock         ; GCLK2            ; --                        ;
; KEY[3]                                              ; PIN_W26            ; 2       ; Clock         ; no     ; --                   ; --               ; --                        ;
; KEY[3]~clk_delay_ctrl                               ; CLKDELAYCTRL_G7    ; 91      ; Async. clear  ; yes    ; Global Clock         ; GCLK7            ; --                        ;
; audio_pll:u_audio_pll|locked                        ; LCFF_X64_Y19_N13   ; 11      ; Clock enable  ; no     ; --                   ; --               ; --                        ;
; audio_reset_n                                       ; LCCOMB_X64_Y19_N8  ; 190     ; Async. clear  ; yes    ; Global Clock         ; GCLK6            ; --                        ;
; i2c_av_config:u_i2c_cfg|bit_idx[2]~6                ; LCCOMB_X29_Y16_N20 ; 7       ; Clock enable  ; no     ; --                   ; --               ; --                        ;
; i2c_av_config:u_i2c_cfg|dly_done~0                  ; LCCOMB_X25_Y15_N26 ; 20      ; Clock enable  ; no     ; --                   ; --               ; --                        ;
; i2c_av_config:u_i2c_cfg|sda_oe                      ; LCFF_X28_Y15_N29   ; 4       ; Output enable ; no     ; --                   ; --               ; --                        ;
; i2c_av_config:u_i2c_cfg|state.S_ACK                 ; LCFF_X28_Y16_N3    ; 22      ; Sync. load    ; no     ; --                   ; --               ; --                        ;
; i2c_av_config:u_i2c_cfg|state~33                    ; LCCOMB_X28_Y16_N16 ; 2       ; Clock enable  ; no     ; --                   ; --               ; --                        ;
; i2c_av_config:u_i2c_cfg|state~34                    ; LCCOMB_X28_Y15_N24 ; 2       ; Clock enable  ; no     ; --                   ; --               ; --                        ;
; i2c_av_config:u_i2c_cfg|tick                        ; LCFF_X27_Y16_N3    ; 22      ; Clock enable  ; no     ; --                   ; --               ; --                        ;
; i2s_receiver:u_i2s_rx|data_valid                    ; LCFF_X43_Y19_N15   ; 16      ; Clock enable  ; no     ; --                   ; --               ; --                        ;
; i2s_receiver:u_i2s_rx|lr_fall                       ; LCCOMB_X40_Y19_N12 ; 5       ; Clock enable  ; no     ; --                   ; --               ; --                        ;
; i2s_receiver:u_i2s_rx|lr_rise                       ; LCCOMB_X40_Y19_N0  ; 16      ; Clock enable  ; no     ; --                   ; --               ; --                        ;
; i2s_receiver:u_i2s_rx|shift_reg~2                   ; LCCOMB_X41_Y19_N10 ; 20      ; Clock enable  ; no     ; --                   ; --               ; --                        ;
; i2s_transmitter:u_i2s_tx|bit_cnt~9                  ; LCCOMB_X36_Y20_N18 ; 4       ; Clock enable  ; no     ; --                   ; --               ; --                        ;
; i2s_transmitter:u_i2s_tx|lr_fall                    ; LCCOMB_X35_Y20_N16 ; 16      ; Sync. load    ; no     ; --                   ; --               ; --                        ;
; i2s_transmitter:u_i2s_tx|tx_shift[10]~19            ; LCCOMB_X37_Y20_N26 ; 15      ; Clock enable  ; no     ; --                   ; --               ; --                        ;
; lyric_controller:u_lyric_controller|auto_cnt[12]~30 ; LCCOMB_X30_Y25_N28 ; 28      ; Sync. clear   ; no     ; --                   ; --               ; --                        ;
; lyric_controller:u_lyric_controller|line_reg[1]~2   ; LCCOMB_X30_Y25_N24 ; 5       ; Clock enable  ; no     ; --                   ; --               ; --                        ;
; vga_sync:u_vga_sync|pixel_q                         ; LCFF_X30_Y25_N11   ; 14      ; Clock enable  ; no     ; --                   ; --               ; --                        ;
; vga_sync:u_vga_sync|v_count[0]~1                    ; LCCOMB_X29_Y24_N8  ; 10      ; Clock enable  ; no     ; --                   ; --               ; --                        ;
+-----------------------------------------------------+--------------------+---------+---------------+--------+----------------------+------------------+---------------------------+


+---------------------------------------------------------------------------------------------------------------------------+
; Global & Other Fast Signals                                                                                               ;
+-----------------------+-------------------+---------+----------------------+------------------+---------------------------+
; Name                  ; Location          ; Fan-Out ; Global Resource Used ; Global Line Name ; Enable Signal Source Name ;
+-----------------------+-------------------+---------+----------------------+------------------+---------------------------+
; CLOCK_50              ; PIN_N2            ; 249     ; Global Clock         ; GCLK2            ; --                        ;
; KEY[3]~clk_delay_ctrl ; CLKDELAYCTRL_G7   ; 91      ; Global Clock         ; GCLK7            ; --                        ;
; audio_reset_n         ; LCCOMB_X64_Y19_N8 ; 190     ; Global Clock         ; GCLK6            ; --                        ;
+-----------------------+-------------------+---------+----------------------+------------------+---------------------------+


+--------------------------------------------------------------------------------------------------------------------------------+
; Non-Global High Fan-Out Signals                                                                                                ;
+----------------------------------------------------------------------------------------------------------------------+---------+
; Name                                                                                                                 ; Fan-Out ;
+----------------------------------------------------------------------------------------------------------------------+---------+
; lyric_controller:u_lyric_controller|auto_cnt[12]~30                                                                  ; 28      ;
; AUD_BCLK                                                                                                             ; 25      ;
; i2s_receiver:u_i2s_rx|bit_cnt[4]                                                                                     ; 24      ;
; i2s_receiver:u_i2s_rx|skip_first                                                                                     ; 23      ;
; i2s_receiver:u_i2s_rx|bit_cnt[4]~0                                                                                   ; 23      ;
; mute                                                                                                                 ; 23      ;
; i2c_av_config:u_i2c_cfg|tick                                                                                         ; 22      ;
; i2c_av_config:u_i2c_cfg|state.S_ACK                                                                                  ; 22      ;
; i2c_av_config:u_i2c_cfg|dly_done~0                                                                                   ; 20      ;
; i2s_receiver:u_i2s_rx|shift_reg~2                                                                                    ; 20      ;
; i2c_av_config:u_i2c_cfg|state.S_SEND                                                                                 ; 20      ;
; SW[1]                                                                                                                ; 18      ;
; SW[3]                                                                                                                ; 18      ;
; AUD_DACLRCK                                                                                                          ; 17      ;
; SW[2]                                                                                                                ; 17      ;
; i2s_transmitter:u_i2s_tx|lr_fall                                                                                     ; 16      ;
; i2s_transmitter:u_i2s_tx|lr_rise                                                                                     ; 16      ;
; i2s_receiver:u_i2s_rx|lr_rise                                                                                        ; 16      ;
; i2s_receiver:u_i2s_rx|data_valid                                                                                     ; 16      ;
; i2s_transmitter:u_i2s_tx|tx_shift~28                                                                                 ; 15      ;
; i2s_transmitter:u_i2s_tx|tx_shift~26                                                                                 ; 15      ;
; i2s_transmitter:u_i2s_tx|tx_shift[10]~19                                                                             ; 15      ;
; i2c_av_config:u_i2c_cfg|byte_idx[0]                                                                                  ; 15      ;
; vga_sync:u_vga_sync|VGA_VS~1                                                                                         ; 15      ;
; SW[0]                                                                                                                ; 14      ;
; i2s_transmitter:u_i2s_tx|tx_shift[10]~24                                                                             ; 14      ;
; i2s_transmitter:u_i2s_tx|tx_shift~22                                                                                 ; 14      ;
; i2c_av_config:u_i2c_cfg|reg_idx[0]                                                                                   ; 14      ;
; i2c_av_config:u_i2c_cfg|reg_idx[1]                                                                                   ; 14      ;
; i2c_av_config:u_i2c_cfg|reg_idx[2]                                                                                   ; 14      ;
; i2c_av_config:u_i2c_cfg|scl_ph                                                                                       ; 14      ;
; vga_sync:u_vga_sync|pixel_q                                                                                          ; 14      ;
; vga_sync:u_vga_sync|video_on~0                                                                                       ; 14      ;
; audio_pll:u_audio_pll|locked                                                                                         ; 11      ;
; vga_sync:u_vga_sync|v_count[0]~1                                                                                     ; 10      ;
; i2s_transmitter:u_i2s_tx|lr_r2                                                                                       ; 10      ;
; i2c_av_config:u_i2c_cfg|byte_idx[1]                                                                                  ; 10      ;
; i2c_av_config:u_i2c_cfg|reg_idx[3]                                                                                   ; 9       ;
; i2s_transmitter:u_i2s_tx|lr_r3                                                                                       ; 9       ;
; i2c_av_config:u_i2c_cfg|cnt[0]                                                                                       ; 8       ;
; vga_sync:u_vga_sync|h_count[5]                                                                                       ; 8       ;
; i2c_av_config:u_i2c_cfg|bit_idx[2]~6                                                                                 ; 7       ;
; i2c_av_config:u_i2c_cfg|Equal0~1                                                                                     ; 7       ;
; i2c_av_config:u_i2c_cfg|Equal0~0                                                                                     ; 7       ;
; text_renderer:u_text_renderer|vga_r~1                                                                                ; 7       ;
; lyric_controller:u_lyric_controller|line_reg[1]~0                                                                    ; 7       ;
; vga_sync:u_vga_sync|h_count[7]                                                                                       ; 7       ;
; vga_sync:u_vga_sync|h_count[6]                                                                                       ; 7       ;
; lyric_controller:u_lyric_controller|line_reg[4]                                                                      ; 7       ;
; lyric_controller:u_lyric_controller|line_reg[3]                                                                      ; 7       ;
; lyric_controller:u_lyric_controller|line_reg[2]                                                                      ; 7       ;
; lyric_controller:u_lyric_controller|line_reg[1]                                                                      ; 7       ;
; lyric_controller:u_lyric_controller|line_reg[0]                                                                      ; 7       ;
; i2c_av_config:u_i2c_cfg|state.S_START2                                                                               ; 6       ;
; i2c_av_config:u_i2c_cfg|bit_idx[0]                                                                                   ; 6       ;
; i2c_av_config:u_i2c_cfg|bit_idx[1]                                                                                   ; 6       ;
; i2s_transmitter:u_i2s_tx|bit_cnt[4]                                                                                  ; 6       ;
; i2s_transmitter:u_i2s_tx|first_bit                                                                                   ; 6       ;
; i2s_receiver:u_i2s_rx|lr_r1                                                                                          ; 6       ;
; vga_sync:u_vga_sync|h_count[8]                                                                                       ; 6       ;
; i2c_av_config:u_i2c_cfg|Selector33~2                                                                                 ; 5       ;
; i2c_av_config:u_i2c_cfg|reg_idx[3]~2                                                                                 ; 5       ;
; i2c_av_config:u_i2c_cfg|bit_idx[2]                                                                                   ; 5       ;
; i2s_transmitter:u_i2s_tx|sdata~2                                                                                     ; 5       ;
; audio_pll:u_audio_pll|div_cnt[1]                                                                                     ; 5       ;
; i2c_av_config:u_i2c_cfg|state.S_NEXT                                                                                 ; 5       ;
; i2c_av_config:u_i2c_cfg|state.S_DONE                                                                                 ; 5       ;
; i2s_receiver:u_i2s_rx|lr_fall                                                                                        ; 5       ;
; i2s_receiver:u_i2s_rx|lr_r2                                                                                          ; 5       ;
; lyric_controller:u_lyric_controller|line_reg[1]~2                                                                    ; 5       ;
; vga_sync:u_vga_sync|v_count[9]                                                                                       ; 5       ;
; vga_sync:u_vga_sync|h_count[9]                                                                                       ; 5       ;
; SW[17]                                                                                                               ; 4       ;
; i2c_av_config:u_i2c_cfg|Selector27~2                                                                                 ; 4       ;
; vga_sync:u_vga_sync|pixel_x[5]~2                                                                                     ; 4       ;
; vga_sync:u_vga_sync|pixel_x[4]~1                                                                                     ; 4       ;
; vga_sync:u_vga_sync|pixel_x[3]~0                                                                                     ; 4       ;
; i2s_transmitter:u_i2s_tx|bit_cnt~9                                                                                   ; 4       ;
; i2c_av_config:u_i2c_cfg|sda_oe                                                                                       ; 4       ;
; text_renderer:u_text_renderer|font_y_d1[3]                                                                           ; 4       ;
; text_renderer:u_text_renderer|font_y_d1[2]                                                                           ; 4       ;
; text_renderer:u_text_renderer|font_y_d1[1]                                                                           ; 4       ;
; text_renderer:u_text_renderer|font_y_d1[0]                                                                           ; 4       ;
; vga_sync:u_vga_sync|Equal1~2                                                                                         ; 4       ;
; vga_sync:u_vga_sync|Equal0~2                                                                                         ; 4       ;
; i2s_transmitter:u_i2s_tx|bclk_r1                                                                                     ; 4       ;
; i2c_av_config:u_i2c_cfg|state.S_IDLE                                                                                 ; 4       ;
; vga_sync:u_vga_sync|v_count[1]                                                                                       ; 4       ;
; vga_sync:u_vga_sync|v_count[5]                                                                                       ; 4       ;
; vga_sync:u_vga_sync|v_count[6]                                                                                       ; 4       ;
; vga_sync:u_vga_sync|v_count[7]                                                                                       ; 4       ;
; vga_sync:u_vga_sync|v_count[8]                                                                                       ; 4       ;
; vga_sync:u_vga_sync|v_count[3]                                                                                       ; 4       ;
; vga_sync:u_vga_sync|v_count[2]                                                                                       ; 4       ;
; vga_sync:u_vga_sync|v_count[4]                                                                                       ; 4       ;
; vga_sync:u_vga_sync|h_count[4]                                                                                       ; 4       ;
; text_renderer:u_text_renderer|lyric_rom:u_lyric_rom|rom.raddr_a[10]~14                                               ; 4       ;
; text_renderer:u_text_renderer|lyric_rom:u_lyric_rom|rom.raddr_a[9]~12                                                ; 4       ;
; text_renderer:u_text_renderer|lyric_rom:u_lyric_rom|rom.raddr_a[8]~10                                                ; 4       ;
; text_renderer:u_text_renderer|lyric_rom:u_lyric_rom|rom.raddr_a[7]~8                                                 ; 4       ;
; text_renderer:u_text_renderer|lyric_rom:u_lyric_rom|rom.raddr_a[6]~6                                                 ; 4       ;
; text_renderer:u_text_renderer|lyric_rom:u_lyric_rom|rom.raddr_a[5]~4                                                 ; 4       ;
; text_renderer:u_text_renderer|lyric_rom:u_lyric_rom|rom.raddr_a[4]~2                                                 ; 4       ;
; text_renderer:u_text_renderer|lyric_rom:u_lyric_rom|rom.raddr_a[3]~0                                                 ; 4       ;
; text_renderer:u_text_renderer|lyric_rom:u_lyric_rom|altsyncram:rom_rtl_0|altsyncram_uh71:auto_generated|ram_block1a6 ; 4       ;
; text_renderer:u_text_renderer|lyric_rom:u_lyric_rom|altsyncram:rom_rtl_0|altsyncram_uh71:auto_generated|ram_block1a5 ; 4       ;
; text_renderer:u_text_renderer|lyric_rom:u_lyric_rom|altsyncram:rom_rtl_0|altsyncram_uh71:auto_generated|ram_block1a4 ; 4       ;
; text_renderer:u_text_renderer|lyric_rom:u_lyric_rom|altsyncram:rom_rtl_0|altsyncram_uh71:auto_generated|ram_block1a3 ; 4       ;
; text_renderer:u_text_renderer|lyric_rom:u_lyric_rom|altsyncram:rom_rtl_0|altsyncram_uh71:auto_generated|ram_block1a1 ; 4       ;
; text_renderer:u_text_renderer|lyric_rom:u_lyric_rom|altsyncram:rom_rtl_0|altsyncram_uh71:auto_generated|ram_block1a2 ; 4       ;
; text_renderer:u_text_renderer|lyric_rom:u_lyric_rom|altsyncram:rom_rtl_0|altsyncram_uh71:auto_generated|ram_block1a0 ; 4       ;
; audio_gain_apply:u_gain_apply|lpm_mult:Mult1|mult_10t:auto_generated|mac_out2~DATAOUT22                              ; 4       ;
; KEY[1]                                                                                                               ; 3       ;
; KEY[0]                                                                                                               ; 3       ;
; i2s_receiver:u_i2s_rx|shift_reg[10]                                                                                  ; 3       ;
; i2s_receiver:u_i2s_rx|shift_reg[9]                                                                                   ; 3       ;
; i2s_receiver:u_i2s_rx|shift_reg[8]                                                                                   ; 3       ;
; i2s_receiver:u_i2s_rx|shift_reg[7]                                                                                   ; 3       ;
; i2s_receiver:u_i2s_rx|shift_reg[6]                                                                                   ; 3       ;
; i2s_receiver:u_i2s_rx|shift_reg[5]                                                                                   ; 3       ;
; i2s_receiver:u_i2s_rx|shift_reg[4]                                                                                   ; 3       ;
; i2s_receiver:u_i2s_rx|shift_reg[3]                                                                                   ; 3       ;
; i2s_receiver:u_i2s_rx|shift_reg[2]                                                                                   ; 3       ;
; i2s_receiver:u_i2s_rx|shift_reg[1]                                                                                   ; 3       ;
; i2s_receiver:u_i2s_rx|shift_reg[0]                                                                                   ; 3       ;
; i2s_receiver:u_i2s_rx|shift_reg[11]                                                                                  ; 3       ;
; i2s_receiver:u_i2s_rx|shift_reg[12]                                                                                  ; 3       ;
; i2s_transmitter:u_i2s_tx|tx_shift[10]~21                                                                             ; 3       ;
; i2c_av_config:u_i2c_cfg|dly[0]                                                                                       ; 3       ;
; i2s_receiver:u_i2s_rx|shift_reg[13]                                                                                  ; 3       ;
; i2c_av_config:u_i2c_cfg|Selector33~0                                                                                 ; 3       ;
; i2c_av_config:u_i2c_cfg|dly_done                                                                                     ; 3       ;
; i2s_receiver:u_i2s_rx|shift_reg[14]                                                                                  ; 3       ;
; text_renderer:u_text_renderer|font_x_d2[1]                                                                           ; 3       ;
; text_renderer:u_text_renderer|font_x_d2[0]                                                                           ; 3       ;
; vga_sync:u_vga_sync|v_count[0]                                                                                       ; 3       ;
; vga_sync:u_vga_sync|h_count[1]                                                                                       ; 3       ;
; vga_sync:u_vga_sync|h_count[2]                                                                                       ; 3       ;
; vga_sync:u_vga_sync|h_count[3]                                                                                       ; 3       ;
; i2s_transmitter:u_i2s_tx|bclk_r2                                                                                     ; 3       ;
; i2s_transmitter:u_i2s_tx|sdata~1                                                                                     ; 3       ;
; i2c_av_config:u_i2c_cfg|state.S_STOP2                                                                                ; 3       ;
; audio_pll:u_audio_pll|lock_cnt[0]                                                                                    ; 3       ;
; i2s_receiver:u_i2s_rx|shift_reg[15]                                                                                  ; 3       ;
; lyric_controller:u_lyric_controller|line_reg[1]~5                                                                    ; 3       ;
; audio_gain_apply:u_gain_apply|lpm_mult:Mult0|mult_10t:auto_generated|mac_out2~DATAOUT22                              ; 3       ;
; KEY[3]                                                                                                               ; 2       ;
; i2c_av_config:u_i2c_cfg|state~34                                                                                     ; 2       ;
; i2c_av_config:u_i2c_cfg|tx_byte[0]                                                                                   ; 2       ;
; i2c_av_config:u_i2c_cfg|Selector26~1                                                                                 ; 2       ;
; hex7seg:u_hex0|Decoder0~1                                                                                            ; 2       ;
; audio_gain_apply:u_gain_apply|gain_num~1                                                                             ; 2       ;
; audio_gain_apply:u_gain_apply|WideOr0~0                                                                              ; 2       ;
; audio_gain_apply:u_gain_apply|WideOr1~0                                                                              ; 2       ;
; audio_gain_apply:u_gain_apply|gain_num~0                                                                             ; 2       ;
; hex7seg:u_hex0|Decoder0~0                                                                                            ; 2       ;
; i2s_transmitter:u_i2s_tx|tx_shift[10]~23                                                                             ; 2       ;
; i2c_av_config:u_i2c_cfg|Add3~0                                                                                       ; 2       ;
; i2c_av_config:u_i2c_cfg|Equal1~5                                                                                     ; 2       ;
; i2c_av_config:u_i2c_cfg|Equal1~0                                                                                     ; 2       ;
; i2c_av_config:u_i2c_cfg|Selector21~2                                                                                 ; 2       ;
; i2c_av_config:u_i2c_cfg|sda_out                                                                                      ; 2       ;
; i2c_av_config:u_i2c_cfg|cnt[1]                                                                                       ; 2       ;
; i2c_av_config:u_i2c_cfg|cnt[2]                                                                                       ; 2       ;
; i2c_av_config:u_i2c_cfg|cnt[3]                                                                                       ; 2       ;
; i2c_av_config:u_i2c_cfg|cnt[4]                                                                                       ; 2       ;
; i2c_av_config:u_i2c_cfg|cnt[8]                                                                                       ; 2       ;
; i2c_av_config:u_i2c_cfg|cnt[5]                                                                                       ; 2       ;
; i2c_av_config:u_i2c_cfg|cnt[6]                                                                                       ; 2       ;
; i2c_av_config:u_i2c_cfg|cnt[7]                                                                                       ; 2       ;
; i2c_av_config:u_i2c_cfg|state~33                                                                                     ; 2       ;
; i2c_av_config:u_i2c_cfg|state~29                                                                                     ; 2       ;
; i2c_av_config:u_i2c_cfg|Selector14~0                                                                                 ; 2       ;
; i2s_receiver:u_i2s_rx|shift_reg~1                                                                                    ; 2       ;
; i2c_av_config:u_i2c_cfg|state.S_START1                                                                               ; 2       ;
; i2s_receiver:u_i2s_rx|left_buf[15]                                                                                   ; 2       ;
; valid_cnt[0]                                                                                                         ; 2       ;
; lrck_cnt[0]                                                                                                          ; 2       ;
; bclk_cnt[0]                                                                                                          ; 2       ;
; lyric_controller:u_lyric_controller|Equal0~8                                                                         ; 2       ;
; lyric_controller:u_lyric_controller|Equal0~4                                                                         ; 2       ;
; lyric_controller:u_lyric_controller|key_next_prev                                                                    ; 2       ;
; lyric_controller:u_lyric_controller|key_prev_prev                                                                    ; 2       ;
; key2_sync                                                                                                            ; 2       ;
; vga_sync:u_vga_sync|video_on~1                                                                                       ; 2       ;
; i2s_transmitter:u_i2s_tx|sdata                                                                                       ; 2       ;
; audio_pll:u_audio_pll|c0                                                                                             ; 2       ;
; i2c_av_config:u_i2c_cfg|I2C_SCLK                                                                                     ; 2       ;
; volume_decoder:u_volume_decoder|LessThan0~0                                                                          ; 2       ;
; i2s_transmitter:u_i2s_tx|tx_shift[0]                                                                                 ; 2       ;
; i2c_av_config:u_i2c_cfg|dly[15]                                                                                      ; 2       ;
; i2c_av_config:u_i2c_cfg|dly[13]                                                                                      ; 2       ;
; i2c_av_config:u_i2c_cfg|dly[12]                                                                                      ; 2       ;
; i2c_av_config:u_i2c_cfg|dly[14]                                                                                      ; 2       ;
; i2c_av_config:u_i2c_cfg|dly[11]                                                                                      ; 2       ;
; i2c_av_config:u_i2c_cfg|dly[10]                                                                                      ; 2       ;
; i2c_av_config:u_i2c_cfg|dly[8]                                                                                       ; 2       ;
; i2c_av_config:u_i2c_cfg|dly[9]                                                                                       ; 2       ;
; i2c_av_config:u_i2c_cfg|dly[7]                                                                                       ; 2       ;
; i2c_av_config:u_i2c_cfg|dly[6]                                                                                       ; 2       ;
; i2c_av_config:u_i2c_cfg|dly[5]                                                                                       ; 2       ;
; i2c_av_config:u_i2c_cfg|dly[4]                                                                                       ; 2       ;
; i2c_av_config:u_i2c_cfg|dly[3]                                                                                       ; 2       ;
; i2c_av_config:u_i2c_cfg|dly[2]                                                                                       ; 2       ;
; i2c_av_config:u_i2c_cfg|dly[1]                                                                                       ; 2       ;
; i2c_av_config:u_i2c_cfg|dly[19]                                                                                      ; 2       ;
; i2c_av_config:u_i2c_cfg|dly[18]                                                                                      ; 2       ;
; i2c_av_config:u_i2c_cfg|dly[17]                                                                                      ; 2       ;
; i2c_av_config:u_i2c_cfg|dly[16]                                                                                      ; 2       ;
; audio_gain_apply:u_gain_apply|lpm_mult:Mult0|mult_10t:auto_generated|mac_out2~DATAOUT21                              ; 2       ;
; audio_gain_apply:u_gain_apply|lpm_mult:Mult0|mult_10t:auto_generated|mac_out2~DATAOUT20                              ; 2       ;
; audio_gain_apply:u_gain_apply|lpm_mult:Mult0|mult_10t:auto_generated|mac_out2~DATAOUT19                              ; 2       ;
; audio_gain_apply:u_gain_apply|lpm_mult:Mult0|mult_10t:auto_generated|mac_out2~DATAOUT18                              ; 2       ;
; audio_gain_apply:u_gain_apply|lpm_mult:Mult1|mult_10t:auto_generated|mac_out2~DATAOUT21                              ; 2       ;
; audio_gain_apply:u_gain_apply|lpm_mult:Mult1|mult_10t:auto_generated|mac_out2~DATAOUT20                              ; 2       ;
; audio_gain_apply:u_gain_apply|lpm_mult:Mult1|mult_10t:auto_generated|mac_out2~DATAOUT19                              ; 2       ;
; audio_gain_apply:u_gain_apply|lpm_mult:Mult1|mult_10t:auto_generated|mac_out2~DATAOUT18                              ; 2       ;
; audio_pll:u_audio_pll|lock_cnt[7]                                                                                    ; 2       ;
; audio_pll:u_audio_pll|lock_cnt[6]                                                                                    ; 2       ;
; audio_pll:u_audio_pll|lock_cnt[5]                                                                                    ; 2       ;
; audio_pll:u_audio_pll|lock_cnt[4]                                                                                    ; 2       ;
; audio_pll:u_audio_pll|lock_cnt[3]                                                                                    ; 2       ;
; audio_pll:u_audio_pll|lock_cnt[2]                                                                                    ; 2       ;
; audio_pll:u_audio_pll|lock_cnt[1]                                                                                    ; 2       ;
; lyric_controller:u_lyric_controller|auto_cnt[27]                                                                     ; 2       ;
; lyric_controller:u_lyric_controller|auto_cnt[26]                                                                     ; 2       ;
; lyric_controller:u_lyric_controller|auto_cnt[25]                                                                     ; 2       ;
; lyric_controller:u_lyric_controller|auto_cnt[24]                                                                     ; 2       ;
; lyric_controller:u_lyric_controller|auto_cnt[23]                                                                     ; 2       ;
; lyric_controller:u_lyric_controller|auto_cnt[22]                                                                     ; 2       ;
; lyric_controller:u_lyric_controller|auto_cnt[21]                                                                     ; 2       ;
; lyric_controller:u_lyric_controller|auto_cnt[20]                                                                     ; 2       ;
; lyric_controller:u_lyric_controller|auto_cnt[19]                                                                     ; 2       ;
; lyric_controller:u_lyric_controller|auto_cnt[18]                                                                     ; 2       ;
; lyric_controller:u_lyric_controller|auto_cnt[17]                                                                     ; 2       ;
; lyric_controller:u_lyric_controller|auto_cnt[16]                                                                     ; 2       ;
; lyric_controller:u_lyric_controller|auto_cnt[15]                                                                     ; 2       ;
; lyric_controller:u_lyric_controller|auto_cnt[14]                                                                     ; 2       ;
; lyric_controller:u_lyric_controller|auto_cnt[12]                                                                     ; 2       ;
; lyric_controller:u_lyric_controller|auto_cnt[13]                                                                     ; 2       ;
; lyric_controller:u_lyric_controller|auto_cnt[8]                                                                      ; 2       ;
; lyric_controller:u_lyric_controller|auto_cnt[11]                                                                     ; 2       ;
; lyric_controller:u_lyric_controller|auto_cnt[10]                                                                     ; 2       ;
; lyric_controller:u_lyric_controller|auto_cnt[9]                                                                      ; 2       ;
; lyric_controller:u_lyric_controller|auto_cnt[6]                                                                      ; 2       ;
; lyric_controller:u_lyric_controller|auto_cnt[5]                                                                      ; 2       ;
; lyric_controller:u_lyric_controller|auto_cnt[4]                                                                      ; 2       ;
; lyric_controller:u_lyric_controller|auto_cnt[7]                                                                      ; 2       ;
; lyric_controller:u_lyric_controller|auto_cnt[3]                                                                      ; 2       ;
; lyric_controller:u_lyric_controller|auto_cnt[2]                                                                      ; 2       ;
; lyric_controller:u_lyric_controller|auto_cnt[1]                                                                      ; 2       ;
; lyric_controller:u_lyric_controller|auto_cnt[0]                                                                      ; 2       ;
; valid_cnt[15]                                                                                                        ; 2       ;
; lrck_cnt[15]                                                                                                         ; 2       ;
; bclk_cnt[23]                                                                                                         ; 2       ;
; AUD_ADCDAT                                                                                                           ; 1       ;
; KEY[2]                                                                                                               ; 1       ;
; AUD_ADCLRCK                                                                                                          ; 1       ;
; i2c_av_config:u_i2c_cfg|dly_done~0_wirecell                                                                          ; 1       ;
; key2_meta~0                                                                                                          ; 1       ;
; audio_pll:u_audio_pll|div_cnt[1]~0                                                                                   ; 1       ;
; lrck_cnt[0]~45                                                                                                       ; 1       ;
; bclk_cnt[0]~69                                                                                                       ; 1       ;
; lyric_controller:u_lyric_controller|key_next_prev~0                                                                  ; 1       ;
; lyric_controller:u_lyric_controller|key_prev_prev~0                                                                  ; 1       ;
; vga_sync:u_vga_sync|pixel_q~0                                                                                        ; 1       ;
; i2c_av_config:u_i2c_cfg|Selector31~2                                                                                 ; 1       ;
; i2c_av_config:u_i2c_cfg|Selector31~1                                                                                 ; 1       ;
; text_renderer:u_text_renderer|in_lyric_zone~5                                                                        ; 1       ;
; text_renderer:u_text_renderer|in_lyric_zone~19                                                                       ; 1       ;
; text_renderer:u_text_renderer|in_lyric_zone~8                                                                        ; 1       ;
; text_renderer:u_text_renderer|in_lyric_zone~10                                                                       ; 1       ;
; i2c_av_config:u_i2c_cfg|Selector32~3                                                                                 ; 1       ;
; i2s_transmitter:u_i2s_tx|bit_cnt~13                                                                                  ; 1       ;
; i2s_transmitter:u_i2s_tx|bit_cnt~12                                                                                  ; 1       ;
; i2s_transmitter:u_i2s_tx|bit_cnt~11                                                                                  ; 1       ;
; i2s_transmitter:u_i2s_tx|bit_cnt~10                                                                                  ; 1       ;
; i2c_av_config:u_i2c_cfg|Selector21~3                                                                                 ; 1       ;
; i2c_av_config:u_i2c_cfg|reg_idx[1]~7                                                                                 ; 1       ;
; i2s_receiver:u_i2s_rx|skip_first~2                                                                                   ; 1       ;
; comb~2                                                                                                               ; 1       ;
; comb~1                                                                                                               ; 1       ;
; comb~0                                                                                                               ; 1       ;
; i2s_transmitter:u_i2s_tx|tx_shift~56                                                                                 ; 1       ;
; i2s_transmitter:u_i2s_tx|tx_shift~55                                                                                 ; 1       ;
; i2s_transmitter:u_i2s_tx|tx_shift~54                                                                                 ; 1       ;
; i2s_transmitter:u_i2s_tx|tx_shift~53                                                                                 ; 1       ;
; i2s_transmitter:u_i2s_tx|tx_shift~52                                                                                 ; 1       ;
; i2s_transmitter:u_i2s_tx|tx_shift~51                                                                                 ; 1       ;
; i2s_transmitter:u_i2s_tx|tx_shift~50                                                                                 ; 1       ;
; i2s_transmitter:u_i2s_tx|tx_shift~49                                                                                 ; 1       ;
; i2s_transmitter:u_i2s_tx|tx_shift~48                                                                                 ; 1       ;
; i2s_transmitter:u_i2s_tx|tx_shift~47                                                                                 ; 1       ;
; i2s_transmitter:u_i2s_tx|tx_shift~46                                                                                 ; 1       ;
; i2c_av_config:u_i2c_cfg|Selector33~4                                                                                 ; 1       ;
; i2c_av_config:u_i2c_cfg|Selector33~3                                                                                 ; 1       ;
; i2c_av_config:u_i2c_cfg|Mux10~0                                                                                      ; 1       ;
; i2s_transmitter:u_i2s_tx|tx_shift~45                                                                                 ; 1       ;
; i2s_transmitter:u_i2s_tx|tx_shift~44                                                                                 ; 1       ;
; i2c_av_config:u_i2c_cfg|Selector32~2                                                                                 ; 1       ;
; i2c_av_config:u_i2c_cfg|Mux9~0                                                                                       ; 1       ;
; i2s_transmitter:u_i2s_tx|tx_shift~43                                                                                 ; 1       ;
; i2s_transmitter:u_i2s_tx|tx_shift~42                                                                                 ; 1       ;
; i2c_av_config:u_i2c_cfg|Selector31~0                                                                                 ; 1       ;
; i2c_av_config:u_i2c_cfg|tx_byte[1]                                                                                   ; 1       ;
; i2s_transmitter:u_i2s_tx|tx_shift~41                                                                                 ; 1       ;
; i2s_transmitter:u_i2s_tx|tx_shift~40                                                                                 ; 1       ;
; i2c_av_config:u_i2c_cfg|Selector30~1                                                                                 ; 1       ;
; i2c_av_config:u_i2c_cfg|tx_byte[2]                                                                                   ; 1       ;
; i2c_av_config:u_i2c_cfg|Selector30~0                                                                                 ; 1       ;
; i2s_transmitter:u_i2s_tx|tx_shift~39                                                                                 ; 1       ;
; i2s_transmitter:u_i2s_tx|tx_shift~38                                                                                 ; 1       ;
; i2c_av_config:u_i2c_cfg|Selector29~1                                                                                 ; 1       ;
; i2c_av_config:u_i2c_cfg|tx_byte[3]                                                                                   ; 1       ;
; i2c_av_config:u_i2c_cfg|Selector29~0                                                                                 ; 1       ;
; i2c_av_config:u_i2c_cfg|Mux1~1                                                                                       ; 1       ;
; i2c_av_config:u_i2c_cfg|Mux1~0                                                                                       ; 1       ;
; i2s_transmitter:u_i2s_tx|tx_shift~37                                                                                 ; 1       ;
; i2s_transmitter:u_i2s_tx|tx_shift~36                                                                                 ; 1       ;
; i2c_av_config:u_i2c_cfg|Selector28~2                                                                                 ; 1       ;
; i2c_av_config:u_i2c_cfg|Selector28~1                                                                                 ; 1       ;
; i2c_av_config:u_i2c_cfg|Selector28~0                                                                                 ; 1       ;
; i2c_av_config:u_i2c_cfg|tx_byte[4]                                                                                   ; 1       ;
; i2s_receiver:u_i2s_rx|shift_reg~17                                                                                   ; 1       ;
; i2s_receiver:u_i2s_rx|shift_reg~16                                                                                   ; 1       ;
; i2s_receiver:u_i2s_rx|shift_reg~15                                                                                   ; 1       ;
; i2s_receiver:u_i2s_rx|shift_reg~14                                                                                   ; 1       ;
; i2s_receiver:u_i2s_rx|shift_reg~13                                                                                   ; 1       ;
; i2s_receiver:u_i2s_rx|shift_reg~12                                                                                   ; 1       ;
; i2s_receiver:u_i2s_rx|shift_reg~11                                                                                   ; 1       ;
; i2s_receiver:u_i2s_rx|shift_reg~10                                                                                   ; 1       ;
; i2s_receiver:u_i2s_rx|shift_reg~9                                                                                    ; 1       ;
; i2s_receiver:u_i2s_rx|shift_reg~8                                                                                    ; 1       ;
; i2s_receiver:u_i2s_rx|shift_reg~7                                                                                    ; 1       ;
; i2s_transmitter:u_i2s_tx|tx_shift~35                                                                                 ; 1       ;
; i2s_transmitter:u_i2s_tx|tx_shift~34                                                                                 ; 1       ;
; i2s_receiver:u_i2s_rx|shift_reg~6                                                                                    ; 1       ;
; i2c_av_config:u_i2c_cfg|Selector27~1                                                                                 ; 1       ;
; i2c_av_config:u_i2c_cfg|tx_byte[5]                                                                                   ; 1       ;
; i2c_av_config:u_i2c_cfg|Selector27~0                                                                                 ; 1       ;
; i2c_av_config:u_i2c_cfg|Mux5~0                                                                                       ; 1       ;
; i2s_receiver:u_i2s_rx|left_buf[14]                                                                                   ; 1       ;
; i2s_receiver:u_i2s_rx|left_buf[13]                                                                                   ; 1       ;
; i2s_receiver:u_i2s_rx|left_buf[12]                                                                                   ; 1       ;
; i2s_receiver:u_i2s_rx|left_buf[11]                                                                                   ; 1       ;
; i2s_receiver:u_i2s_rx|left_buf[10]                                                                                   ; 1       ;
; i2s_receiver:u_i2s_rx|left_buf[9]                                                                                    ; 1       ;
; i2s_receiver:u_i2s_rx|left_buf[8]                                                                                    ; 1       ;
; i2s_receiver:u_i2s_rx|left_buf[7]                                                                                    ; 1       ;
; i2s_receiver:u_i2s_rx|left_buf[6]                                                                                    ; 1       ;
; i2s_receiver:u_i2s_rx|left_buf[5]                                                                                    ; 1       ;
; i2s_receiver:u_i2s_rx|left_buf[4]                                                                                    ; 1       ;
; i2s_receiver:u_i2s_rx|left_buf[3]                                                                                    ; 1       ;
; i2s_receiver:u_i2s_rx|left_buf[2]                                                                                    ; 1       ;
; i2s_receiver:u_i2s_rx|left_buf[1]                                                                                    ; 1       ;
; i2s_receiver:u_i2s_rx|left_buf[0]                                                                                    ; 1       ;
; i2s_transmitter:u_i2s_tx|tx_shift~33                                                                                 ; 1       ;
; i2s_transmitter:u_i2s_tx|tx_shift~32                                                                                 ; 1       ;
; i2s_receiver:u_i2s_rx|shift_reg~5                                                                                    ; 1       ;
; i2c_av_config:u_i2c_cfg|Selector26~0                                                                                 ; 1       ;
; i2c_av_config:u_i2c_cfg|tx_byte[6]                                                                                   ; 1       ;
; i2s_transmitter:u_i2s_tx|tx_shift~31                                                                                 ; 1       ;
; i2s_transmitter:u_i2s_tx|tx_shift~30                                                                                 ; 1       ;
; i2c_av_config:u_i2c_cfg|dly[0]~57                                                                                    ; 1       ;
; i2s_receiver:u_i2s_rx|bit_cnt~6                                                                                      ; 1       ;
; i2s_receiver:u_i2s_rx|bit_cnt~5                                                                                      ; 1       ;
; i2s_receiver:u_i2s_rx|bit_cnt~4                                                                                      ; 1       ;
; i2s_receiver:u_i2s_rx|bit_cnt~3                                                                                      ; 1       ;
; i2s_receiver:u_i2s_rx|shift_reg~4                                                                                    ; 1       ;
; i2c_av_config:u_i2c_cfg|Selector10~3                                                                                 ; 1       ;
; i2c_av_config:u_i2c_cfg|Selector10~2                                                                                 ; 1       ;
; i2c_av_config:u_i2c_cfg|Selector10~1                                                                                 ; 1       ;
; i2c_av_config:u_i2c_cfg|Selector10~0                                                                                 ; 1       ;
; i2c_av_config:u_i2c_cfg|Selector9~2                                                                                  ; 1       ;
; i2c_av_config:u_i2c_cfg|Selector9~1                                                                                  ; 1       ;
; i2c_av_config:u_i2c_cfg|tx_byte[7]                                                                                   ; 1       ;
; i2c_av_config:u_i2c_cfg|Selector9~0                                                                                  ; 1       ;
; vga_sync:u_vga_sync|pixel_x[2]~5                                                                                     ; 1       ;
; vga_sync:u_vga_sync|pixel_x[1]~4                                                                                     ; 1       ;
; vga_sync:u_vga_sync|pixel_x[0]~3                                                                                     ; 1       ;
; text_renderer:u_text_renderer|Add0~4                                                                                 ; 1       ;
; text_renderer:u_text_renderer|Add0~3                                                                                 ; 1       ;
; text_renderer:u_text_renderer|Add0~2                                                                                 ; 1       ;
; text_renderer:u_text_renderer|Add0~1                                                                                 ; 1       ;
; text_renderer:u_text_renderer|Add0~0                                                                                 ; 1       ;
; vga_sync:u_vga_sync|pixel_y[3]~3                                                                                     ; 1       ;
; vga_sync:u_vga_sync|pixel_y[2]~2                                                                                     ; 1       ;
; vga_sync:u_vga_sync|pixel_y[1]~1                                                                                     ; 1       ;
; vga_sync:u_vga_sync|pixel_y[0]~0                                                                                     ; 1       ;
; i2s_transmitter:u_i2s_tx|tx_shift~29                                                                                 ; 1       ;
; i2s_transmitter:u_i2s_tx|tx_shift~27                                                                                 ; 1       ;
; audio_gain_apply:u_gain_apply|LessThan1~0                                                                            ; 1       ;
; i2s_transmitter:u_i2s_tx|tx_shift~25                                                                                 ; 1       ;
; i2c_av_config:u_i2c_cfg|cnt~5                                                                                        ; 1       ;
; i2c_av_config:u_i2c_cfg|cnt~4                                                                                        ; 1       ;
; i2c_av_config:u_i2c_cfg|cnt~3                                                                                        ; 1       ;
; i2c_av_config:u_i2c_cfg|cnt~2                                                                                        ; 1       ;
; i2c_av_config:u_i2c_cfg|cnt~1                                                                                        ; 1       ;
; i2c_av_config:u_i2c_cfg|cnt~0                                                                                        ; 1       ;
; i2c_av_config:u_i2c_cfg|Selector20~0                                                                                 ; 1       ;
; i2c_av_config:u_i2c_cfg|Selector16~0                                                                                 ; 1       ;
; i2c_av_config:u_i2c_cfg|reg_idx[0]~6                                                                                 ; 1       ;
; i2c_av_config:u_i2c_cfg|Equal1~4                                                                                     ; 1       ;
; i2c_av_config:u_i2c_cfg|Equal1~3                                                                                     ; 1       ;
; i2c_av_config:u_i2c_cfg|Equal1~2                                                                                     ; 1       ;
; i2c_av_config:u_i2c_cfg|Equal1~1                                                                                     ; 1       ;
; i2c_av_config:u_i2c_cfg|bit_idx[0]~5                                                                                 ; 1       ;
; i2c_av_config:u_i2c_cfg|bit_idx[1]~4                                                                                 ; 1       ;
; i2c_av_config:u_i2c_cfg|bit_idx[1]~3                                                                                 ; 1       ;
; i2c_av_config:u_i2c_cfg|bit_idx[2]~2                                                                                 ; 1       ;
; i2c_av_config:u_i2c_cfg|Selector33~1                                                                                 ; 1       ;
; i2c_av_config:u_i2c_cfg|bit_idx[0]~1                                                                                 ; 1       ;
; i2c_av_config:u_i2c_cfg|bit_idx[2]~0                                                                                 ; 1       ;
; i2c_av_config:u_i2c_cfg|reg_idx[2]~5                                                                                 ; 1       ;
; i2c_av_config:u_i2c_cfg|Add4~0                                                                                       ; 1       ;
; i2c_av_config:u_i2c_cfg|reg_idx[3]~4                                                                                 ; 1       ;
; i2c_av_config:u_i2c_cfg|reg_idx[3]~3                                                                                 ; 1       ;
; i2s_receiver:u_i2s_rx|bit_cnt[4]~2                                                                                   ; 1       ;
; i2s_receiver:u_i2s_rx|bit_cnt[0]                                                                                     ; 1       ;
; i2s_receiver:u_i2s_rx|bit_cnt[1]                                                                                     ; 1       ;
; i2s_receiver:u_i2s_rx|bit_cnt[2]                                                                                     ; 1       ;
; i2s_receiver:u_i2s_rx|bit_cnt[3]                                                                                     ; 1       ;
; i2s_receiver:u_i2s_rx|bit_cnt[4]~1                                                                                   ; 1       ;
; i2s_receiver:u_i2s_rx|shift_reg~3                                                                                    ; 1       ;
; text_renderer:u_text_renderer|font_x_d1[2]                                                                           ; 1       ;
; text_renderer:u_text_renderer|font_x_d1[1]                                                                           ; 1       ;
; text_renderer:u_text_renderer|font_x_d1[0]                                                                           ; 1       ;
; text_renderer:u_text_renderer|in_lyric_d1                                                                            ; 1       ;
; text_renderer:u_text_renderer|video_on_d1                                                                            ; 1       ;
; vga_sync:u_vga_sync|v_count~4                                                                                        ; 1       ;
; i2s_transmitter:u_i2s_tx|lr_r1                                                                                       ; 1       ;
; i2s_transmitter:u_i2s_tx|bit_cnt~8                                                                                   ; 1       ;
; i2s_transmitter:u_i2s_tx|bit_cnt[0]                                                                                  ; 1       ;
; i2s_transmitter:u_i2s_tx|bit_cnt[1]                                                                                  ; 1       ;
; i2s_transmitter:u_i2s_tx|bit_cnt[2]                                                                                  ; 1       ;
; i2s_transmitter:u_i2s_tx|bit_cnt[3]                                                                                  ; 1       ;
; i2s_transmitter:u_i2s_tx|tx_shift[10]~20                                                                             ; 1       ;
; i2s_transmitter:u_i2s_tx|first_bit~0                                                                                 ; 1       ;
; i2s_transmitter:u_i2s_tx|tx_shift~18                                                                                 ; 1       ;
; i2s_transmitter:u_i2s_tx|tx_shift~17                                                                                 ; 1       ;
; i2s_transmitter:u_i2s_tx|tx_shift~16                                                                                 ; 1       ;
; i2c_av_config:u_i2c_cfg|Equal0~2                                                                                     ; 1       ;
; i2c_av_config:u_i2c_cfg|Selector14~2                                                                                 ; 1       ;
; i2c_av_config:u_i2c_cfg|Selector25~0                                                                                 ; 1       ;
; i2c_av_config:u_i2c_cfg|state~32                                                                                     ; 1       ;
; i2c_av_config:u_i2c_cfg|state~31                                                                                     ; 1       ;
; i2c_av_config:u_i2c_cfg|state~30                                                                                     ; 1       ;
; i2c_av_config:u_i2c_cfg|state.S_STOP1                                                                                ; 1       ;
; i2c_av_config:u_i2c_cfg|always2~0                                                                                    ; 1       ;
; i2c_av_config:u_i2c_cfg|state~28                                                                                     ; 1       ;
; i2c_av_config:u_i2c_cfg|Selector14~1                                                                                 ; 1       ;
; i2c_av_config:u_i2c_cfg|state~27                                                                                     ; 1       ;
; audio_pll:u_audio_pll|lock_cnt[0]~7                                                                                  ; 1       ;
; i2s_receiver:u_i2s_rx|shift_reg~0                                                                                    ; 1       ;
; valid_cnt[0]~45                                                                                                      ; 1       ;
; key2_meta                                                                                                            ; 1       ;
; text_renderer:u_text_renderer|font_x_d2[2]                                                                           ; 1       ;
; text_renderer:u_text_renderer|Mux0~3                                                                                 ; 1       ;
; text_renderer:u_text_renderer|Mux0~2                                                                                 ; 1       ;
; text_renderer:u_text_renderer|Mux0~1                                                                                 ; 1       ;
; text_renderer:u_text_renderer|Mux0~0                                                                                 ; 1       ;
; text_renderer:u_text_renderer|vga_r~0                                                                                ; 1       ;
; text_renderer:u_text_renderer|in_lyric_d2                                                                            ; 1       ;
; text_renderer:u_text_renderer|video_on_d2                                                                            ; 1       ;
; vga_sync:u_vga_sync|v_count~3                                                                                        ; 1       ;
; vga_sync:u_vga_sync|v_count~2                                                                                        ; 1       ;
; vga_sync:u_vga_sync|v_count~0                                                                                        ; 1       ;
; vga_sync:u_vga_sync|Equal1~1                                                                                         ; 1       ;
; vga_sync:u_vga_sync|Equal1~0                                                                                         ; 1       ;
; vga_sync:u_vga_sync|h_count~2                                                                                        ; 1       ;
; vga_sync:u_vga_sync|h_count~1                                                                                        ; 1       ;
; vga_sync:u_vga_sync|h_count~0                                                                                        ; 1       ;
; vga_sync:u_vga_sync|Equal0~1                                                                                         ; 1       ;
; vga_sync:u_vga_sync|Equal0~0                                                                                         ; 1       ;
; i2s_transmitter:u_i2s_tx|sdata~3                                                                                     ; 1       ;
; i2s_transmitter:u_i2s_tx|sdata~0                                                                                     ; 1       ;
; audio_pll:u_audio_pll|c0~0                                                                                           ; 1       ;
; i2c_av_config:u_i2c_cfg|Selector8~2                                                                                  ; 1       ;
; i2c_av_config:u_i2c_cfg|Selector8~1                                                                                  ; 1       ;
; i2c_av_config:u_i2c_cfg|Selector8~0                                                                                  ; 1       ;
; audio_pll:u_audio_pll|locked~0                                                                                       ; 1       ;
; audio_pll:u_audio_pll|Equal1~1                                                                                       ; 1       ;
; audio_pll:u_audio_pll|Equal1~0                                                                                       ; 1       ;
; lyric_controller:u_lyric_controller|line_reg~8                                                                       ; 1       ;
; lyric_controller:u_lyric_controller|line_reg~7                                                                       ; 1       ;
; lyric_controller:u_lyric_controller|line_reg~6                                                                       ; 1       ;
; lyric_controller:u_lyric_controller|line_reg[1]~4                                                                    ; 1       ;
; lyric_controller:u_lyric_controller|line_reg~3                                                                       ; 1       ;
; lyric_controller:u_lyric_controller|Equal1~0                                                                         ; 1       ;
; lyric_controller:u_lyric_controller|Add2~5                                                                           ; 1       ;
; lyric_controller:u_lyric_controller|Equal0~7                                                                         ; 1       ;
; lyric_controller:u_lyric_controller|Equal0~6                                                                         ; 1       ;
; lyric_controller:u_lyric_controller|Equal0~5                                                                         ; 1       ;
; lyric_controller:u_lyric_controller|Equal0~3                                                                         ; 1       ;
; lyric_controller:u_lyric_controller|Equal0~2                                                                         ; 1       ;
; lyric_controller:u_lyric_controller|Equal0~1                                                                         ; 1       ;
; lyric_controller:u_lyric_controller|Equal0~0                                                                         ; 1       ;
; lyric_controller:u_lyric_controller|line_reg[1]~1                                                                    ; 1       ;
; lyric_controller:u_lyric_controller|Add2~2                                                                           ; 1       ;
; mute~0                                                                                                               ; 1       ;
; key2_sync_d                                                                                                          ; 1       ;
; text_renderer:u_text_renderer|vga_g[3]                                                                               ; 1       ;
; text_renderer:u_text_renderer|vga_g[2]                                                                               ; 1       ;
; text_renderer:u_text_renderer|vga_g[1]                                                                               ; 1       ;
; text_renderer:u_text_renderer|vga_r[3]                                                                               ; 1       ;
; text_renderer:u_text_renderer|vga_r[2]                                                                               ; 1       ;
; text_renderer:u_text_renderer|vga_r[1]                                                                               ; 1       ;
; text_renderer:u_text_renderer|vga_r[0]                                                                               ; 1       ;
; vga_sync:u_vga_sync|VGA_VS~2                                                                                         ; 1       ;
; vga_sync:u_vga_sync|VGA_VS~0                                                                                         ; 1       ;
; vga_sync:u_vga_sync|VGA_HS~1                                                                                         ; 1       ;
; vga_sync:u_vga_sync|VGA_HS~0                                                                                         ; 1       ;
; hex7seg:u_hex0|WideOr0~0                                                                                             ; 1       ;
; hex7seg:u_hex0|WideOr1~0                                                                                             ; 1       ;
; hex7seg:u_hex0|WideOr2~0                                                                                             ; 1       ;
; hex7seg:u_hex0|WideOr3~0                                                                                             ; 1       ;
; hex7seg:u_hex0|WideOr4~0                                                                                             ; 1       ;
; hex7seg:u_hex0|WideOr5~0                                                                                             ; 1       ;
; hex7seg:u_hex0|WideOr6~0                                                                                             ; 1       ;
; i2s_receiver:u_i2s_rx|right_data[15]~_Duplicate_1                                                                    ; 1       ;
; i2s_receiver:u_i2s_rx|left_data[15]~_Duplicate_1                                                                     ; 1       ;
; volume_decoder:u_volume_decoder|volume_level[3]~3                                                                    ; 1       ;
; volume_decoder:u_volume_decoder|volume_level[2]~2                                                                    ; 1       ;
; volume_decoder:u_volume_decoder|volume_level[1]~1                                                                    ; 1       ;
; volume_decoder:u_volume_decoder|volume_level[0]~0                                                                    ; 1       ;
; i2s_transmitter:u_i2s_tx|tx_shift[0]~15                                                                              ; 1       ;
; i2s_transmitter:u_i2s_tx|tx_shift[1]~14                                                                              ; 1       ;
; i2s_transmitter:u_i2s_tx|tx_shift[2]~13                                                                              ; 1       ;
; i2s_transmitter:u_i2s_tx|tx_shift[1]                                                                                 ; 1       ;
; i2s_transmitter:u_i2s_tx|tx_shift[3]~12                                                                              ; 1       ;
; i2s_transmitter:u_i2s_tx|tx_shift[2]                                                                                 ; 1       ;
; i2s_transmitter:u_i2s_tx|tx_shift[4]~11                                                                              ; 1       ;
; i2s_transmitter:u_i2s_tx|tx_shift[3]                                                                                 ; 1       ;
; i2s_transmitter:u_i2s_tx|tx_shift[5]~10                                                                              ; 1       ;
; i2s_transmitter:u_i2s_tx|tx_shift[4]                                                                                 ; 1       ;
; i2s_transmitter:u_i2s_tx|tx_shift[6]~9                                                                               ; 1       ;
; i2s_transmitter:u_i2s_tx|tx_shift[5]                                                                                 ; 1       ;
; i2s_transmitter:u_i2s_tx|tx_shift[7]~8                                                                               ; 1       ;
; i2s_transmitter:u_i2s_tx|tx_shift[6]                                                                                 ; 1       ;
; i2s_transmitter:u_i2s_tx|tx_shift[8]~7                                                                               ; 1       ;
; i2s_transmitter:u_i2s_tx|tx_shift[7]                                                                                 ; 1       ;
; i2s_transmitter:u_i2s_tx|tx_shift[9]~6                                                                               ; 1       ;
; i2s_transmitter:u_i2s_tx|tx_shift[8]                                                                                 ; 1       ;
; i2s_transmitter:u_i2s_tx|tx_shift[10]~5                                                                              ; 1       ;
; i2s_transmitter:u_i2s_tx|tx_shift[9]                                                                                 ; 1       ;
; i2s_transmitter:u_i2s_tx|tx_shift[11]~4                                                                              ; 1       ;
; i2s_transmitter:u_i2s_tx|tx_shift[10]                                                                                ; 1       ;
; i2s_transmitter:u_i2s_tx|tx_shift[12]~3                                                                              ; 1       ;
; i2s_transmitter:u_i2s_tx|tx_shift[11]                                                                                ; 1       ;
; i2s_transmitter:u_i2s_tx|tx_shift[13]~2                                                                              ; 1       ;
; i2s_transmitter:u_i2s_tx|tx_shift[12]                                                                                ; 1       ;
; i2c_av_config:u_i2c_cfg|dly[19]~55                                                                                   ; 1       ;
; i2c_av_config:u_i2c_cfg|dly[18]~54                                                                                   ; 1       ;
; i2c_av_config:u_i2c_cfg|dly[18]~53                                                                                   ; 1       ;
; i2c_av_config:u_i2c_cfg|dly[17]~52                                                                                   ; 1       ;
; i2c_av_config:u_i2c_cfg|dly[17]~51                                                                                   ; 1       ;
; i2c_av_config:u_i2c_cfg|dly[16]~50                                                                                   ; 1       ;
; i2c_av_config:u_i2c_cfg|dly[16]~49                                                                                   ; 1       ;
; i2c_av_config:u_i2c_cfg|dly[15]~48                                                                                   ; 1       ;
; i2c_av_config:u_i2c_cfg|dly[15]~47                                                                                   ; 1       ;
; i2c_av_config:u_i2c_cfg|dly[14]~46                                                                                   ; 1       ;
; i2c_av_config:u_i2c_cfg|dly[14]~45                                                                                   ; 1       ;
; i2c_av_config:u_i2c_cfg|dly[13]~44                                                                                   ; 1       ;
; i2c_av_config:u_i2c_cfg|dly[13]~43                                                                                   ; 1       ;
; i2c_av_config:u_i2c_cfg|dly[12]~42                                                                                   ; 1       ;
; i2c_av_config:u_i2c_cfg|dly[12]~41                                                                                   ; 1       ;
; i2c_av_config:u_i2c_cfg|dly[11]~40                                                                                   ; 1       ;
; i2c_av_config:u_i2c_cfg|dly[11]~39                                                                                   ; 1       ;
; i2c_av_config:u_i2c_cfg|dly[10]~38                                                                                   ; 1       ;
; i2c_av_config:u_i2c_cfg|dly[10]~37                                                                                   ; 1       ;
; i2c_av_config:u_i2c_cfg|dly[9]~36                                                                                    ; 1       ;
; i2c_av_config:u_i2c_cfg|dly[9]~35                                                                                    ; 1       ;
; i2c_av_config:u_i2c_cfg|dly[8]~34                                                                                    ; 1       ;
; i2c_av_config:u_i2c_cfg|dly[8]~33                                                                                    ; 1       ;
; i2c_av_config:u_i2c_cfg|dly[7]~32                                                                                    ; 1       ;
; i2c_av_config:u_i2c_cfg|dly[7]~31                                                                                    ; 1       ;
; i2c_av_config:u_i2c_cfg|dly[6]~30                                                                                    ; 1       ;
; i2c_av_config:u_i2c_cfg|dly[6]~29                                                                                    ; 1       ;
; i2c_av_config:u_i2c_cfg|dly[5]~28                                                                                    ; 1       ;
; i2c_av_config:u_i2c_cfg|dly[5]~27                                                                                    ; 1       ;
; i2c_av_config:u_i2c_cfg|dly[4]~26                                                                                    ; 1       ;
; i2c_av_config:u_i2c_cfg|dly[4]~25                                                                                    ; 1       ;
; i2c_av_config:u_i2c_cfg|dly[3]~24                                                                                    ; 1       ;
; i2c_av_config:u_i2c_cfg|dly[3]~23                                                                                    ; 1       ;
; i2c_av_config:u_i2c_cfg|dly[2]~22                                                                                    ; 1       ;
; i2c_av_config:u_i2c_cfg|dly[2]~21                                                                                    ; 1       ;
; i2c_av_config:u_i2c_cfg|dly[1]~20                                                                                    ; 1       ;
; i2c_av_config:u_i2c_cfg|dly[1]~19                                                                                    ; 1       ;
; text_renderer:u_text_renderer|lyric_rom:u_lyric_rom|Add0~10                                                          ; 1       ;
; text_renderer:u_text_renderer|lyric_rom:u_lyric_rom|rom.raddr_a[9]~13                                                ; 1       ;
; text_renderer:u_text_renderer|lyric_rom:u_lyric_rom|Add0~9                                                           ; 1       ;
; text_renderer:u_text_renderer|lyric_rom:u_lyric_rom|Add0~8                                                           ; 1       ;
; text_renderer:u_text_renderer|lyric_rom:u_lyric_rom|rom.raddr_a[8]~11                                                ; 1       ;
; text_renderer:u_text_renderer|lyric_rom:u_lyric_rom|Add0~7                                                           ; 1       ;
; text_renderer:u_text_renderer|lyric_rom:u_lyric_rom|Add0~6                                                           ; 1       ;
; text_renderer:u_text_renderer|lyric_rom:u_lyric_rom|rom.raddr_a[7]~9                                                 ; 1       ;
; text_renderer:u_text_renderer|lyric_rom:u_lyric_rom|Add0~5                                                           ; 1       ;
; text_renderer:u_text_renderer|lyric_rom:u_lyric_rom|Add0~4                                                           ; 1       ;
; text_renderer:u_text_renderer|lyric_rom:u_lyric_rom|rom.raddr_a[6]~7                                                 ; 1       ;
; text_renderer:u_text_renderer|lyric_rom:u_lyric_rom|Add0~3                                                           ; 1       ;
; text_renderer:u_text_renderer|lyric_rom:u_lyric_rom|Add0~2                                                           ; 1       ;
; text_renderer:u_text_renderer|lyric_rom:u_lyric_rom|rom.raddr_a[5]~5                                                 ; 1       ;
; text_renderer:u_text_renderer|lyric_rom:u_lyric_rom|Add0~1                                                           ; 1       ;
; text_renderer:u_text_renderer|lyric_rom:u_lyric_rom|Add0~0                                                           ; 1       ;
; text_renderer:u_text_renderer|lyric_rom:u_lyric_rom|rom.raddr_a[4]~3                                                 ; 1       ;
; text_renderer:u_text_renderer|lyric_rom:u_lyric_rom|rom.raddr_a[3]~1                                                 ; 1       ;
; audio_gain_apply:u_gain_apply|lpm_mult:Mult0|mult_10t:auto_generated|mac_mult1~12                                    ; 1       ;
; audio_gain_apply:u_gain_apply|lpm_mult:Mult0|mult_10t:auto_generated|mac_mult1~11                                    ; 1       ;
; audio_gain_apply:u_gain_apply|lpm_mult:Mult0|mult_10t:auto_generated|mac_mult1~10                                    ; 1       ;
; audio_gain_apply:u_gain_apply|lpm_mult:Mult0|mult_10t:auto_generated|mac_mult1~9                                     ; 1       ;
; audio_gain_apply:u_gain_apply|lpm_mult:Mult0|mult_10t:auto_generated|mac_mult1~8                                     ; 1       ;
; audio_gain_apply:u_gain_apply|lpm_mult:Mult0|mult_10t:auto_generated|mac_mult1~7                                     ; 1       ;
; audio_gain_apply:u_gain_apply|lpm_mult:Mult0|mult_10t:auto_generated|mac_mult1~6                                     ; 1       ;
; audio_gain_apply:u_gain_apply|lpm_mult:Mult0|mult_10t:auto_generated|mac_mult1~5                                     ; 1       ;
; audio_gain_apply:u_gain_apply|lpm_mult:Mult0|mult_10t:auto_generated|mac_mult1~4                                     ; 1       ;
; audio_gain_apply:u_gain_apply|lpm_mult:Mult0|mult_10t:auto_generated|mac_mult1~3                                     ; 1       ;
; audio_gain_apply:u_gain_apply|lpm_mult:Mult0|mult_10t:auto_generated|mac_mult1~2                                     ; 1       ;
; audio_gain_apply:u_gain_apply|lpm_mult:Mult0|mult_10t:auto_generated|mac_mult1~1                                     ; 1       ;
; audio_gain_apply:u_gain_apply|lpm_mult:Mult0|mult_10t:auto_generated|mac_mult1~0                                     ; 1       ;
; audio_gain_apply:u_gain_apply|lpm_mult:Mult0|mult_10t:auto_generated|mac_mult1~DATAOUT22                             ; 1       ;
; audio_gain_apply:u_gain_apply|lpm_mult:Mult0|mult_10t:auto_generated|mac_mult1~DATAOUT21                             ; 1       ;
; audio_gain_apply:u_gain_apply|lpm_mult:Mult0|mult_10t:auto_generated|mac_mult1~DATAOUT20                             ; 1       ;
; audio_gain_apply:u_gain_apply|lpm_mult:Mult0|mult_10t:auto_generated|mac_mult1~DATAOUT19                             ; 1       ;
; audio_gain_apply:u_gain_apply|lpm_mult:Mult0|mult_10t:auto_generated|mac_mult1~DATAOUT18                             ; 1       ;
; audio_gain_apply:u_gain_apply|lpm_mult:Mult0|mult_10t:auto_generated|mac_mult1~DATAOUT17                             ; 1       ;
; audio_gain_apply:u_gain_apply|lpm_mult:Mult0|mult_10t:auto_generated|mac_mult1~DATAOUT16                             ; 1       ;
; audio_gain_apply:u_gain_apply|lpm_mult:Mult0|mult_10t:auto_generated|mac_mult1~DATAOUT15                             ; 1       ;
; audio_gain_apply:u_gain_apply|lpm_mult:Mult0|mult_10t:auto_generated|mac_mult1~DATAOUT14                             ; 1       ;
; audio_gain_apply:u_gain_apply|lpm_mult:Mult0|mult_10t:auto_generated|mac_mult1~DATAOUT13                             ; 1       ;
; audio_gain_apply:u_gain_apply|lpm_mult:Mult0|mult_10t:auto_generated|mac_mult1~DATAOUT12                             ; 1       ;
; audio_gain_apply:u_gain_apply|lpm_mult:Mult0|mult_10t:auto_generated|mac_mult1~DATAOUT11                             ; 1       ;
; audio_gain_apply:u_gain_apply|lpm_mult:Mult0|mult_10t:auto_generated|mac_mult1~DATAOUT10                             ; 1       ;
; audio_gain_apply:u_gain_apply|lpm_mult:Mult0|mult_10t:auto_generated|mac_mult1~DATAOUT9                              ; 1       ;
; audio_gain_apply:u_gain_apply|lpm_mult:Mult0|mult_10t:auto_generated|mac_mult1~DATAOUT8                              ; 1       ;
; audio_gain_apply:u_gain_apply|lpm_mult:Mult0|mult_10t:auto_generated|mac_mult1~DATAOUT7                              ; 1       ;
; audio_gain_apply:u_gain_apply|lpm_mult:Mult0|mult_10t:auto_generated|mac_mult1~DATAOUT6                              ; 1       ;
; audio_gain_apply:u_gain_apply|lpm_mult:Mult0|mult_10t:auto_generated|mac_mult1~DATAOUT5                              ; 1       ;
; audio_gain_apply:u_gain_apply|lpm_mult:Mult0|mult_10t:auto_generated|mac_mult1~DATAOUT4                              ; 1       ;
; audio_gain_apply:u_gain_apply|lpm_mult:Mult0|mult_10t:auto_generated|mac_mult1~DATAOUT3                              ; 1       ;
; audio_gain_apply:u_gain_apply|lpm_mult:Mult0|mult_10t:auto_generated|mac_mult1~DATAOUT2                              ; 1       ;
; audio_gain_apply:u_gain_apply|lpm_mult:Mult0|mult_10t:auto_generated|mac_mult1~DATAOUT1                              ; 1       ;
; audio_gain_apply:u_gain_apply|lpm_mult:Mult0|mult_10t:auto_generated|mac_mult1                                       ; 1       ;
; audio_gain_apply:u_gain_apply|lpm_mult:Mult1|mult_10t:auto_generated|mac_mult1~12                                    ; 1       ;
; audio_gain_apply:u_gain_apply|lpm_mult:Mult1|mult_10t:auto_generated|mac_mult1~11                                    ; 1       ;
; audio_gain_apply:u_gain_apply|lpm_mult:Mult1|mult_10t:auto_generated|mac_mult1~10                                    ; 1       ;
; audio_gain_apply:u_gain_apply|lpm_mult:Mult1|mult_10t:auto_generated|mac_mult1~9                                     ; 1       ;
; audio_gain_apply:u_gain_apply|lpm_mult:Mult1|mult_10t:auto_generated|mac_mult1~8                                     ; 1       ;
; audio_gain_apply:u_gain_apply|lpm_mult:Mult1|mult_10t:auto_generated|mac_mult1~7                                     ; 1       ;
; audio_gain_apply:u_gain_apply|lpm_mult:Mult1|mult_10t:auto_generated|mac_mult1~6                                     ; 1       ;
; audio_gain_apply:u_gain_apply|lpm_mult:Mult1|mult_10t:auto_generated|mac_mult1~5                                     ; 1       ;
; audio_gain_apply:u_gain_apply|lpm_mult:Mult1|mult_10t:auto_generated|mac_mult1~4                                     ; 1       ;
; audio_gain_apply:u_gain_apply|lpm_mult:Mult1|mult_10t:auto_generated|mac_mult1~3                                     ; 1       ;
; audio_gain_apply:u_gain_apply|lpm_mult:Mult1|mult_10t:auto_generated|mac_mult1~2                                     ; 1       ;
; audio_gain_apply:u_gain_apply|lpm_mult:Mult1|mult_10t:auto_generated|mac_mult1~1                                     ; 1       ;
; audio_gain_apply:u_gain_apply|lpm_mult:Mult1|mult_10t:auto_generated|mac_mult1~0                                     ; 1       ;
; audio_gain_apply:u_gain_apply|lpm_mult:Mult1|mult_10t:auto_generated|mac_mult1~DATAOUT22                             ; 1       ;
; audio_gain_apply:u_gain_apply|lpm_mult:Mult1|mult_10t:auto_generated|mac_mult1~DATAOUT21                             ; 1       ;
; audio_gain_apply:u_gain_apply|lpm_mult:Mult1|mult_10t:auto_generated|mac_mult1~DATAOUT20                             ; 1       ;
; audio_gain_apply:u_gain_apply|lpm_mult:Mult1|mult_10t:auto_generated|mac_mult1~DATAOUT19                             ; 1       ;
; audio_gain_apply:u_gain_apply|lpm_mult:Mult1|mult_10t:auto_generated|mac_mult1~DATAOUT18                             ; 1       ;
; audio_gain_apply:u_gain_apply|lpm_mult:Mult1|mult_10t:auto_generated|mac_mult1~DATAOUT17                             ; 1       ;
; audio_gain_apply:u_gain_apply|lpm_mult:Mult1|mult_10t:auto_generated|mac_mult1~DATAOUT16                             ; 1       ;
; audio_gain_apply:u_gain_apply|lpm_mult:Mult1|mult_10t:auto_generated|mac_mult1~DATAOUT15                             ; 1       ;
; audio_gain_apply:u_gain_apply|lpm_mult:Mult1|mult_10t:auto_generated|mac_mult1~DATAOUT14                             ; 1       ;
; audio_gain_apply:u_gain_apply|lpm_mult:Mult1|mult_10t:auto_generated|mac_mult1~DATAOUT13                             ; 1       ;
; audio_gain_apply:u_gain_apply|lpm_mult:Mult1|mult_10t:auto_generated|mac_mult1~DATAOUT12                             ; 1       ;
; audio_gain_apply:u_gain_apply|lpm_mult:Mult1|mult_10t:auto_generated|mac_mult1~DATAOUT11                             ; 1       ;
; audio_gain_apply:u_gain_apply|lpm_mult:Mult1|mult_10t:auto_generated|mac_mult1~DATAOUT10                             ; 1       ;
; audio_gain_apply:u_gain_apply|lpm_mult:Mult1|mult_10t:auto_generated|mac_mult1~DATAOUT9                              ; 1       ;
; audio_gain_apply:u_gain_apply|lpm_mult:Mult1|mult_10t:auto_generated|mac_mult1~DATAOUT8                              ; 1       ;
; audio_gain_apply:u_gain_apply|lpm_mult:Mult1|mult_10t:auto_generated|mac_mult1~DATAOUT7                              ; 1       ;
; audio_gain_apply:u_gain_apply|lpm_mult:Mult1|mult_10t:auto_generated|mac_mult1~DATAOUT6                              ; 1       ;
; audio_gain_apply:u_gain_apply|lpm_mult:Mult1|mult_10t:auto_generated|mac_mult1~DATAOUT5                              ; 1       ;
; audio_gain_apply:u_gain_apply|lpm_mult:Mult1|mult_10t:auto_generated|mac_mult1~DATAOUT4                              ; 1       ;
; audio_gain_apply:u_gain_apply|lpm_mult:Mult1|mult_10t:auto_generated|mac_mult1~DATAOUT3                              ; 1       ;
; audio_gain_apply:u_gain_apply|lpm_mult:Mult1|mult_10t:auto_generated|mac_mult1~DATAOUT2                              ; 1       ;
; audio_gain_apply:u_gain_apply|lpm_mult:Mult1|mult_10t:auto_generated|mac_mult1~DATAOUT1                              ; 1       ;
; audio_gain_apply:u_gain_apply|lpm_mult:Mult1|mult_10t:auto_generated|mac_mult1                                       ; 1       ;
; i2s_transmitter:u_i2s_tx|tx_shift[14]~1                                                                              ; 1       ;
; i2s_transmitter:u_i2s_tx|tx_shift[13]                                                                                ; 1       ;
; i2c_av_config:u_i2c_cfg|Add0~16                                                                                      ; 1       ;
; i2c_av_config:u_i2c_cfg|Add0~15                                                                                      ; 1       ;
; i2c_av_config:u_i2c_cfg|Add0~14                                                                                      ; 1       ;
; i2c_av_config:u_i2c_cfg|Add0~13                                                                                      ; 1       ;
; i2c_av_config:u_i2c_cfg|Add0~12                                                                                      ; 1       ;
; i2c_av_config:u_i2c_cfg|Add0~11                                                                                      ; 1       ;
; i2c_av_config:u_i2c_cfg|Add0~10                                                                                      ; 1       ;
; i2c_av_config:u_i2c_cfg|Add0~9                                                                                       ; 1       ;
; i2c_av_config:u_i2c_cfg|Add0~8                                                                                       ; 1       ;
; i2c_av_config:u_i2c_cfg|Add0~7                                                                                       ; 1       ;
; i2c_av_config:u_i2c_cfg|Add0~6                                                                                       ; 1       ;
; i2c_av_config:u_i2c_cfg|Add0~5                                                                                       ; 1       ;
; i2c_av_config:u_i2c_cfg|Add0~4                                                                                       ; 1       ;
; i2c_av_config:u_i2c_cfg|Add0~3                                                                                       ; 1       ;
; i2c_av_config:u_i2c_cfg|Add0~2                                                                                       ; 1       ;
; i2c_av_config:u_i2c_cfg|Add0~1                                                                                       ; 1       ;
; i2c_av_config:u_i2c_cfg|Add0~0                                                                                       ; 1       ;
; i2c_av_config:u_i2c_cfg|byte_idx[1]~0                                                                                ; 1       ;
; i2s_receiver:u_i2s_rx|Add0~8                                                                                         ; 1       ;
; i2s_receiver:u_i2s_rx|Add0~7                                                                                         ; 1       ;
; i2s_receiver:u_i2s_rx|Add0~6                                                                                         ; 1       ;
; i2s_receiver:u_i2s_rx|Add0~5                                                                                         ; 1       ;
; i2s_receiver:u_i2s_rx|Add0~4                                                                                         ; 1       ;
; i2s_receiver:u_i2s_rx|Add0~3                                                                                         ; 1       ;
; i2s_receiver:u_i2s_rx|Add0~2                                                                                         ; 1       ;
; i2s_receiver:u_i2s_rx|Add0~1                                                                                         ; 1       ;
; i2s_receiver:u_i2s_rx|Add0~0                                                                                         ; 1       ;
; i2s_transmitter:u_i2s_tx|Add0~8                                                                                      ; 1       ;
; i2s_transmitter:u_i2s_tx|Add0~7                                                                                      ; 1       ;
; i2s_transmitter:u_i2s_tx|Add0~6                                                                                      ; 1       ;
; i2s_transmitter:u_i2s_tx|Add0~5                                                                                      ; 1       ;
; i2s_transmitter:u_i2s_tx|Add0~4                                                                                      ; 1       ;
; i2s_transmitter:u_i2s_tx|Add0~3                                                                                      ; 1       ;
; i2s_transmitter:u_i2s_tx|Add0~2                                                                                      ; 1       ;
; i2s_transmitter:u_i2s_tx|Add0~1                                                                                      ; 1       ;
; i2s_transmitter:u_i2s_tx|Add0~0                                                                                      ; 1       ;
; audio_gain_apply:u_gain_apply|lpm_mult:Mult0|mult_10t:auto_generated|mac_out2~DATAOUT17                              ; 1       ;
; audio_gain_apply:u_gain_apply|lpm_mult:Mult0|mult_10t:auto_generated|mac_out2~DATAOUT16                              ; 1       ;
; audio_gain_apply:u_gain_apply|lpm_mult:Mult0|mult_10t:auto_generated|mac_out2~DATAOUT15                              ; 1       ;
; audio_gain_apply:u_gain_apply|lpm_mult:Mult0|mult_10t:auto_generated|mac_out2~DATAOUT14                              ; 1       ;
; audio_gain_apply:u_gain_apply|lpm_mult:Mult0|mult_10t:auto_generated|mac_out2~DATAOUT13                              ; 1       ;
; audio_gain_apply:u_gain_apply|lpm_mult:Mult0|mult_10t:auto_generated|mac_out2~DATAOUT12                              ; 1       ;
; audio_gain_apply:u_gain_apply|lpm_mult:Mult0|mult_10t:auto_generated|mac_out2~DATAOUT11                              ; 1       ;
; audio_gain_apply:u_gain_apply|lpm_mult:Mult0|mult_10t:auto_generated|mac_out2~DATAOUT10                              ; 1       ;
; audio_gain_apply:u_gain_apply|lpm_mult:Mult0|mult_10t:auto_generated|mac_out2~DATAOUT9                               ; 1       ;
; audio_gain_apply:u_gain_apply|lpm_mult:Mult0|mult_10t:auto_generated|mac_out2~DATAOUT8                               ; 1       ;
; audio_gain_apply:u_gain_apply|lpm_mult:Mult0|mult_10t:auto_generated|mac_out2~DATAOUT7                               ; 1       ;
; audio_gain_apply:u_gain_apply|lpm_mult:Mult0|mult_10t:auto_generated|mac_out2~DATAOUT6                               ; 1       ;
; audio_gain_apply:u_gain_apply|lpm_mult:Mult0|mult_10t:auto_generated|mac_out2~DATAOUT5                               ; 1       ;
; audio_gain_apply:u_gain_apply|lpm_mult:Mult0|mult_10t:auto_generated|mac_out2~DATAOUT4                               ; 1       ;
; audio_gain_apply:u_gain_apply|lpm_mult:Mult0|mult_10t:auto_generated|mac_out2~DATAOUT3                               ; 1       ;
; i2s_transmitter:u_i2s_tx|tx_shift[15]~0                                                                              ; 1       ;
; audio_gain_apply:u_gain_apply|lpm_mult:Mult1|mult_10t:auto_generated|mac_out2~DATAOUT17                              ; 1       ;
; audio_gain_apply:u_gain_apply|lpm_mult:Mult1|mult_10t:auto_generated|mac_out2~DATAOUT16                              ; 1       ;
; audio_gain_apply:u_gain_apply|lpm_mult:Mult1|mult_10t:auto_generated|mac_out2~DATAOUT15                              ; 1       ;
; audio_gain_apply:u_gain_apply|lpm_mult:Mult1|mult_10t:auto_generated|mac_out2~DATAOUT14                              ; 1       ;
; audio_gain_apply:u_gain_apply|lpm_mult:Mult1|mult_10t:auto_generated|mac_out2~DATAOUT13                              ; 1       ;
; audio_gain_apply:u_gain_apply|lpm_mult:Mult1|mult_10t:auto_generated|mac_out2~DATAOUT12                              ; 1       ;
; audio_gain_apply:u_gain_apply|lpm_mult:Mult1|mult_10t:auto_generated|mac_out2~DATAOUT11                              ; 1       ;
; audio_gain_apply:u_gain_apply|lpm_mult:Mult1|mult_10t:auto_generated|mac_out2~DATAOUT10                              ; 1       ;
; audio_gain_apply:u_gain_apply|lpm_mult:Mult1|mult_10t:auto_generated|mac_out2~DATAOUT9                               ; 1       ;
; audio_gain_apply:u_gain_apply|lpm_mult:Mult1|mult_10t:auto_generated|mac_out2~DATAOUT8                               ; 1       ;
; audio_gain_apply:u_gain_apply|lpm_mult:Mult1|mult_10t:auto_generated|mac_out2~DATAOUT7                               ; 1       ;
; audio_gain_apply:u_gain_apply|lpm_mult:Mult1|mult_10t:auto_generated|mac_out2~DATAOUT6                               ; 1       ;
; audio_gain_apply:u_gain_apply|lpm_mult:Mult1|mult_10t:auto_generated|mac_out2~DATAOUT5                               ; 1       ;
; audio_gain_apply:u_gain_apply|lpm_mult:Mult1|mult_10t:auto_generated|mac_out2~DATAOUT4                               ; 1       ;
; audio_gain_apply:u_gain_apply|lpm_mult:Mult1|mult_10t:auto_generated|mac_out2~DATAOUT3                               ; 1       ;
; i2s_transmitter:u_i2s_tx|tx_shift[14]                                                                                ; 1       ;
; audio_pll:u_audio_pll|lock_cnt[7]~20                                                                                 ; 1       ;
; audio_pll:u_audio_pll|lock_cnt[6]~19                                                                                 ; 1       ;
; audio_pll:u_audio_pll|lock_cnt[6]~18                                                                                 ; 1       ;
; audio_pll:u_audio_pll|lock_cnt[5]~17                                                                                 ; 1       ;
; audio_pll:u_audio_pll|lock_cnt[5]~16                                                                                 ; 1       ;
; audio_pll:u_audio_pll|lock_cnt[4]~15                                                                                 ; 1       ;
; audio_pll:u_audio_pll|lock_cnt[4]~14                                                                                 ; 1       ;
; audio_pll:u_audio_pll|lock_cnt[3]~13                                                                                 ; 1       ;
; audio_pll:u_audio_pll|lock_cnt[3]~12                                                                                 ; 1       ;
; audio_pll:u_audio_pll|lock_cnt[2]~11                                                                                 ; 1       ;
; audio_pll:u_audio_pll|lock_cnt[2]~10                                                                                 ; 1       ;
; audio_pll:u_audio_pll|lock_cnt[1]~9                                                                                  ; 1       ;
; audio_pll:u_audio_pll|lock_cnt[1]~8                                                                                  ; 1       ;
; lyric_controller:u_lyric_controller|auto_cnt[27]~83                                                                  ; 1       ;
; lyric_controller:u_lyric_controller|auto_cnt[26]~82                                                                  ; 1       ;
; lyric_controller:u_lyric_controller|auto_cnt[26]~81                                                                  ; 1       ;
; lyric_controller:u_lyric_controller|auto_cnt[25]~80                                                                  ; 1       ;
; lyric_controller:u_lyric_controller|auto_cnt[25]~79                                                                  ; 1       ;
; lyric_controller:u_lyric_controller|auto_cnt[24]~78                                                                  ; 1       ;
; lyric_controller:u_lyric_controller|auto_cnt[24]~77                                                                  ; 1       ;
; lyric_controller:u_lyric_controller|auto_cnt[23]~76                                                                  ; 1       ;
; lyric_controller:u_lyric_controller|auto_cnt[23]~75                                                                  ; 1       ;
; lyric_controller:u_lyric_controller|auto_cnt[22]~74                                                                  ; 1       ;
; lyric_controller:u_lyric_controller|auto_cnt[22]~73                                                                  ; 1       ;
; lyric_controller:u_lyric_controller|auto_cnt[21]~72                                                                  ; 1       ;
; lyric_controller:u_lyric_controller|auto_cnt[21]~71                                                                  ; 1       ;
; lyric_controller:u_lyric_controller|auto_cnt[20]~70                                                                  ; 1       ;
; lyric_controller:u_lyric_controller|auto_cnt[20]~69                                                                  ; 1       ;
; lyric_controller:u_lyric_controller|auto_cnt[19]~68                                                                  ; 1       ;
; lyric_controller:u_lyric_controller|auto_cnt[19]~67                                                                  ; 1       ;
; lyric_controller:u_lyric_controller|auto_cnt[18]~66                                                                  ; 1       ;
; lyric_controller:u_lyric_controller|auto_cnt[18]~65                                                                  ; 1       ;
; lyric_controller:u_lyric_controller|auto_cnt[17]~64                                                                  ; 1       ;
; lyric_controller:u_lyric_controller|auto_cnt[17]~63                                                                  ; 1       ;
; lyric_controller:u_lyric_controller|auto_cnt[16]~62                                                                  ; 1       ;
; lyric_controller:u_lyric_controller|auto_cnt[16]~61                                                                  ; 1       ;
; lyric_controller:u_lyric_controller|auto_cnt[15]~60                                                                  ; 1       ;
; lyric_controller:u_lyric_controller|auto_cnt[15]~59                                                                  ; 1       ;
; lyric_controller:u_lyric_controller|auto_cnt[14]~58                                                                  ; 1       ;
; lyric_controller:u_lyric_controller|auto_cnt[14]~57                                                                  ; 1       ;
; lyric_controller:u_lyric_controller|auto_cnt[13]~56                                                                  ; 1       ;
; lyric_controller:u_lyric_controller|auto_cnt[13]~55                                                                  ; 1       ;
; lyric_controller:u_lyric_controller|auto_cnt[12]~54                                                                  ; 1       ;
; lyric_controller:u_lyric_controller|auto_cnt[12]~53                                                                  ; 1       ;
; lyric_controller:u_lyric_controller|auto_cnt[11]~52                                                                  ; 1       ;
; lyric_controller:u_lyric_controller|auto_cnt[11]~51                                                                  ; 1       ;
; lyric_controller:u_lyric_controller|auto_cnt[10]~50                                                                  ; 1       ;
; lyric_controller:u_lyric_controller|auto_cnt[10]~49                                                                  ; 1       ;
; lyric_controller:u_lyric_controller|auto_cnt[9]~48                                                                   ; 1       ;
; lyric_controller:u_lyric_controller|auto_cnt[9]~47                                                                   ; 1       ;
; lyric_controller:u_lyric_controller|auto_cnt[8]~46                                                                   ; 1       ;
; lyric_controller:u_lyric_controller|auto_cnt[8]~45                                                                   ; 1       ;
; lyric_controller:u_lyric_controller|auto_cnt[7]~44                                                                   ; 1       ;
; lyric_controller:u_lyric_controller|auto_cnt[7]~43                                                                   ; 1       ;
; lyric_controller:u_lyric_controller|auto_cnt[6]~42                                                                   ; 1       ;
; lyric_controller:u_lyric_controller|auto_cnt[6]~41                                                                   ; 1       ;
; lyric_controller:u_lyric_controller|auto_cnt[5]~40                                                                   ; 1       ;
; lyric_controller:u_lyric_controller|auto_cnt[5]~39                                                                   ; 1       ;
; lyric_controller:u_lyric_controller|auto_cnt[4]~38                                                                   ; 1       ;
; lyric_controller:u_lyric_controller|auto_cnt[4]~37                                                                   ; 1       ;
; lyric_controller:u_lyric_controller|auto_cnt[3]~36                                                                   ; 1       ;
; lyric_controller:u_lyric_controller|auto_cnt[3]~35                                                                   ; 1       ;
; lyric_controller:u_lyric_controller|auto_cnt[2]~34                                                                   ; 1       ;
; lyric_controller:u_lyric_controller|auto_cnt[2]~33                                                                   ; 1       ;
; lyric_controller:u_lyric_controller|auto_cnt[1]~32                                                                   ; 1       ;
; lyric_controller:u_lyric_controller|auto_cnt[1]~31                                                                   ; 1       ;
; lyric_controller:u_lyric_controller|auto_cnt[0]~29                                                                   ; 1       ;
; lyric_controller:u_lyric_controller|auto_cnt[0]~28                                                                   ; 1       ;
; text_renderer:u_text_renderer|font_rom:u_font_rom|altsyncram:rom_rtl_0|altsyncram_ob71:auto_generated|ram_block1a7   ; 1       ;
; text_renderer:u_text_renderer|font_rom:u_font_rom|altsyncram:rom_rtl_0|altsyncram_ob71:auto_generated|ram_block1a4   ; 1       ;
; text_renderer:u_text_renderer|font_rom:u_font_rom|altsyncram:rom_rtl_0|altsyncram_ob71:auto_generated|ram_block1a6   ; 1       ;
; text_renderer:u_text_renderer|font_rom:u_font_rom|altsyncram:rom_rtl_0|altsyncram_ob71:auto_generated|ram_block1a5   ; 1       ;
; text_renderer:u_text_renderer|font_rom:u_font_rom|altsyncram:rom_rtl_0|altsyncram_ob71:auto_generated|ram_block1a3   ; 1       ;
; text_renderer:u_text_renderer|font_rom:u_font_rom|altsyncram:rom_rtl_0|altsyncram_ob71:auto_generated|ram_block1a0   ; 1       ;
; text_renderer:u_text_renderer|font_rom:u_font_rom|altsyncram:rom_rtl_0|altsyncram_ob71:auto_generated|ram_block1a2   ; 1       ;
; text_renderer:u_text_renderer|font_rom:u_font_rom|altsyncram:rom_rtl_0|altsyncram_ob71:auto_generated|ram_block1a1   ; 1       ;
; vga_sync:u_vga_sync|Add0~18                                                                                          ; 1       ;
; vga_sync:u_vga_sync|Add0~17                                                                                          ; 1       ;
; vga_sync:u_vga_sync|Add0~16                                                                                          ; 1       ;
; vga_sync:u_vga_sync|Add0~15                                                                                          ; 1       ;
; vga_sync:u_vga_sync|Add0~14                                                                                          ; 1       ;
; vga_sync:u_vga_sync|Add0~13                                                                                          ; 1       ;
; vga_sync:u_vga_sync|Add0~12                                                                                          ; 1       ;
; vga_sync:u_vga_sync|Add0~11                                                                                          ; 1       ;
; vga_sync:u_vga_sync|Add0~10                                                                                          ; 1       ;
; vga_sync:u_vga_sync|Add0~9                                                                                           ; 1       ;
; vga_sync:u_vga_sync|Add0~8                                                                                           ; 1       ;
; vga_sync:u_vga_sync|Add0~7                                                                                           ; 1       ;
; vga_sync:u_vga_sync|Add0~6                                                                                           ; 1       ;
; vga_sync:u_vga_sync|Add0~5                                                                                           ; 1       ;
; vga_sync:u_vga_sync|Add0~4                                                                                           ; 1       ;
; vga_sync:u_vga_sync|Add0~3                                                                                           ; 1       ;
; vga_sync:u_vga_sync|Add0~2                                                                                           ; 1       ;
; vga_sync:u_vga_sync|Add0~1                                                                                           ; 1       ;
; vga_sync:u_vga_sync|Add0~0                                                                                           ; 1       ;
; vga_sync:u_vga_sync|Add1~16                                                                                          ; 1       ;
; vga_sync:u_vga_sync|Add1~15                                                                                          ; 1       ;
; vga_sync:u_vga_sync|Add1~14                                                                                          ; 1       ;
; vga_sync:u_vga_sync|Add1~13                                                                                          ; 1       ;
; vga_sync:u_vga_sync|Add1~12                                                                                          ; 1       ;
; vga_sync:u_vga_sync|Add1~11                                                                                          ; 1       ;
; vga_sync:u_vga_sync|Add1~10                                                                                          ; 1       ;
; vga_sync:u_vga_sync|Add1~9                                                                                           ; 1       ;
; vga_sync:u_vga_sync|Add1~8                                                                                           ; 1       ;
; vga_sync:u_vga_sync|Add1~7                                                                                           ; 1       ;
; vga_sync:u_vga_sync|Add1~6                                                                                           ; 1       ;
; vga_sync:u_vga_sync|Add1~5                                                                                           ; 1       ;
; vga_sync:u_vga_sync|Add1~4                                                                                           ; 1       ;
; vga_sync:u_vga_sync|Add1~3                                                                                           ; 1       ;
; vga_sync:u_vga_sync|Add1~2                                                                                           ; 1       ;
; vga_sync:u_vga_sync|Add1~1                                                                                           ; 1       ;
; vga_sync:u_vga_sync|Add1~0                                                                                           ; 1       ;
; i2s_transmitter:u_i2s_tx|tx_shift[15]                                                                                ; 1       ;
; valid_cnt[15]~43                                                                                                     ; 1       ;
; valid_cnt[14]~42                                                                                                     ; 1       ;
; valid_cnt[14]~41                                                                                                     ; 1       ;
; valid_cnt[13]~40                                                                                                     ; 1       ;
; valid_cnt[13]~39                                                                                                     ; 1       ;
; valid_cnt[12]~38                                                                                                     ; 1       ;
; valid_cnt[12]~37                                                                                                     ; 1       ;
; valid_cnt[11]~36                                                                                                     ; 1       ;
; valid_cnt[11]~35                                                                                                     ; 1       ;
; valid_cnt[10]~34                                                                                                     ; 1       ;
; valid_cnt[10]~33                                                                                                     ; 1       ;
; valid_cnt[9]~32                                                                                                      ; 1       ;
; valid_cnt[9]~31                                                                                                      ; 1       ;
; valid_cnt[8]~30                                                                                                      ; 1       ;
; valid_cnt[8]~29                                                                                                      ; 1       ;
; valid_cnt[7]~28                                                                                                      ; 1       ;
; valid_cnt[7]~27                                                                                                      ; 1       ;
; valid_cnt[6]~26                                                                                                      ; 1       ;
; valid_cnt[6]~25                                                                                                      ; 1       ;
; valid_cnt[5]~24                                                                                                      ; 1       ;
; valid_cnt[5]~23                                                                                                      ; 1       ;
; valid_cnt[4]~22                                                                                                      ; 1       ;
; valid_cnt[4]~21                                                                                                      ; 1       ;
; valid_cnt[3]~20                                                                                                      ; 1       ;
; valid_cnt[3]~19                                                                                                      ; 1       ;
; valid_cnt[2]~18                                                                                                      ; 1       ;
; valid_cnt[2]~17                                                                                                      ; 1       ;
; valid_cnt[1]~16                                                                                                      ; 1       ;
; valid_cnt[1]~15                                                                                                      ; 1       ;
; valid_cnt[1]                                                                                                         ; 1       ;
; valid_cnt[2]                                                                                                         ; 1       ;
; valid_cnt[3]                                                                                                         ; 1       ;
; valid_cnt[4]                                                                                                         ; 1       ;
; valid_cnt[5]                                                                                                         ; 1       ;
; valid_cnt[6]                                                                                                         ; 1       ;
; valid_cnt[7]                                                                                                         ; 1       ;
; valid_cnt[8]                                                                                                         ; 1       ;
; valid_cnt[9]                                                                                                         ; 1       ;
; valid_cnt[10]                                                                                                        ; 1       ;
; valid_cnt[11]                                                                                                        ; 1       ;
; valid_cnt[12]                                                                                                        ; 1       ;
; valid_cnt[13]                                                                                                        ; 1       ;
; valid_cnt[14]                                                                                                        ; 1       ;
; lrck_cnt[15]~43                                                                                                      ; 1       ;
; lrck_cnt[14]~42                                                                                                      ; 1       ;
; lrck_cnt[14]~41                                                                                                      ; 1       ;
; lrck_cnt[13]~40                                                                                                      ; 1       ;
; lrck_cnt[13]~39                                                                                                      ; 1       ;
; lrck_cnt[12]~38                                                                                                      ; 1       ;
; lrck_cnt[12]~37                                                                                                      ; 1       ;
; lrck_cnt[11]~36                                                                                                      ; 1       ;
; lrck_cnt[11]~35                                                                                                      ; 1       ;
; lrck_cnt[10]~34                                                                                                      ; 1       ;
; lrck_cnt[10]~33                                                                                                      ; 1       ;
; lrck_cnt[9]~32                                                                                                       ; 1       ;
; lrck_cnt[9]~31                                                                                                       ; 1       ;
; lrck_cnt[8]~30                                                                                                       ; 1       ;
; lrck_cnt[8]~29                                                                                                       ; 1       ;
; lrck_cnt[7]~28                                                                                                       ; 1       ;
; lrck_cnt[7]~27                                                                                                       ; 1       ;
; lrck_cnt[6]~26                                                                                                       ; 1       ;
; lrck_cnt[6]~25                                                                                                       ; 1       ;
; lrck_cnt[5]~24                                                                                                       ; 1       ;
; lrck_cnt[5]~23                                                                                                       ; 1       ;
; lrck_cnt[4]~22                                                                                                       ; 1       ;
; lrck_cnt[4]~21                                                                                                       ; 1       ;
; lrck_cnt[3]~20                                                                                                       ; 1       ;
; lrck_cnt[3]~19                                                                                                       ; 1       ;
; lrck_cnt[2]~18                                                                                                       ; 1       ;
; lrck_cnt[2]~17                                                                                                       ; 1       ;
; lrck_cnt[1]~16                                                                                                       ; 1       ;
; lrck_cnt[1]~15                                                                                                       ; 1       ;
; lrck_cnt[1]                                                                                                          ; 1       ;
; lrck_cnt[2]                                                                                                          ; 1       ;
; lrck_cnt[3]                                                                                                          ; 1       ;
; lrck_cnt[4]                                                                                                          ; 1       ;
; lrck_cnt[5]                                                                                                          ; 1       ;
; lrck_cnt[6]                                                                                                          ; 1       ;
; lrck_cnt[7]                                                                                                          ; 1       ;
; lrck_cnt[8]                                                                                                          ; 1       ;
; lrck_cnt[9]                                                                                                          ; 1       ;
; lrck_cnt[10]                                                                                                         ; 1       ;
; lrck_cnt[11]                                                                                                         ; 1       ;
; lrck_cnt[12]                                                                                                         ; 1       ;
; lrck_cnt[13]                                                                                                         ; 1       ;
; lrck_cnt[14]                                                                                                         ; 1       ;
; bclk_cnt[23]~67                                                                                                      ; 1       ;
; bclk_cnt[22]~66                                                                                                      ; 1       ;
; bclk_cnt[22]~65                                                                                                      ; 1       ;
; bclk_cnt[21]~64                                                                                                      ; 1       ;
; bclk_cnt[21]~63                                                                                                      ; 1       ;
; bclk_cnt[20]~62                                                                                                      ; 1       ;
; bclk_cnt[20]~61                                                                                                      ; 1       ;
; bclk_cnt[19]~60                                                                                                      ; 1       ;
; bclk_cnt[19]~59                                                                                                      ; 1       ;
; bclk_cnt[18]~58                                                                                                      ; 1       ;
; bclk_cnt[18]~57                                                                                                      ; 1       ;
; bclk_cnt[17]~56                                                                                                      ; 1       ;
; bclk_cnt[17]~55                                                                                                      ; 1       ;
; bclk_cnt[16]~54                                                                                                      ; 1       ;
; bclk_cnt[16]~53                                                                                                      ; 1       ;
; bclk_cnt[15]~52                                                                                                      ; 1       ;
; bclk_cnt[15]~51                                                                                                      ; 1       ;
; bclk_cnt[14]~50                                                                                                      ; 1       ;
; bclk_cnt[14]~49                                                                                                      ; 1       ;
; bclk_cnt[13]~48                                                                                                      ; 1       ;
; bclk_cnt[13]~47                                                                                                      ; 1       ;
; bclk_cnt[12]~46                                                                                                      ; 1       ;
; bclk_cnt[12]~45                                                                                                      ; 1       ;
; bclk_cnt[11]~44                                                                                                      ; 1       ;
; bclk_cnt[11]~43                                                                                                      ; 1       ;
; bclk_cnt[10]~42                                                                                                      ; 1       ;
; bclk_cnt[10]~41                                                                                                      ; 1       ;
; bclk_cnt[9]~40                                                                                                       ; 1       ;
; bclk_cnt[9]~39                                                                                                       ; 1       ;
; bclk_cnt[8]~38                                                                                                       ; 1       ;
; bclk_cnt[8]~37                                                                                                       ; 1       ;
; bclk_cnt[7]~36                                                                                                       ; 1       ;
; bclk_cnt[7]~35                                                                                                       ; 1       ;
; bclk_cnt[6]~34                                                                                                       ; 1       ;
; bclk_cnt[6]~33                                                                                                       ; 1       ;
; bclk_cnt[5]~32                                                                                                       ; 1       ;
; bclk_cnt[5]~31                                                                                                       ; 1       ;
; bclk_cnt[4]~30                                                                                                       ; 1       ;
; bclk_cnt[4]~29                                                                                                       ; 1       ;
; bclk_cnt[3]~28                                                                                                       ; 1       ;
; bclk_cnt[3]~27                                                                                                       ; 1       ;
; bclk_cnt[2]~26                                                                                                       ; 1       ;
; bclk_cnt[2]~25                                                                                                       ; 1       ;
; bclk_cnt[1]~24                                                                                                       ; 1       ;
; bclk_cnt[1]~23                                                                                                       ; 1       ;
; bclk_cnt[1]                                                                                                          ; 1       ;
; bclk_cnt[2]                                                                                                          ; 1       ;
; bclk_cnt[3]                                                                                                          ; 1       ;
; bclk_cnt[4]                                                                                                          ; 1       ;
; bclk_cnt[5]                                                                                                          ; 1       ;
; bclk_cnt[6]                                                                                                          ; 1       ;
; bclk_cnt[7]                                                                                                          ; 1       ;
; bclk_cnt[8]                                                                                                          ; 1       ;
+----------------------------------------------------------------------------------------------------------------------+---------+


+-------------------------------------------------------------------------------------------------------------------------------------------------------------------------------------------------------------------------------------------------------------------------------------------------------------------------------------------------------------------------------------------------------------------------------------------------------------------------------------------------------------------------------------------------------------------------------------------------------------------------------------------------+
; Fitter RAM Summary                                                                                                                                                                                                                                                                                                                                                                                                                                                                                                                                                                                                                              ;
+--------------------------------------------------------------------------------------------------------------------+------+------+--------------+--------------+--------------+--------------+--------------+------------------------+-------------------------+------------------------+-------------------------+-------+-----------------------------+-----------------------------+-----------------------------+-----------------------------+---------------------+------+------------------------------------------------+----------------------------------------------------+----------------------+-----------------+-----------------+
; Name                                                                                                               ; Type ; Mode ; Clock Mode   ; Port A Depth ; Port A Width ; Port B Depth ; Port B Width ; Port A Input Registers ; Port A Output Registers ; Port B Input Registers ; Port B Output Registers ; Size  ; Implementation Port A Depth ; Implementation Port A Width ; Implementation Port B Depth ; Implementation Port B Width ; Implementation Bits ; M4Ks ; MIF                                            ; Location                                           ; Mixed Width RDW Mode ; Port A RDW Mode ; Port B RDW Mode ;
+--------------------------------------------------------------------------------------------------------------------+------+------+--------------+--------------+--------------+--------------+--------------+------------------------+-------------------------+------------------------+-------------------------+-------+-----------------------------+-----------------------------+-----------------------------+-----------------------------+---------------------+------+------------------------------------------------+----------------------------------------------------+----------------------+-----------------+-----------------+
; text_renderer:u_text_renderer|font_rom:u_font_rom|altsyncram:rom_rtl_0|altsyncram_ob71:auto_generated|ALTSYNCRAM   ; AUTO ; ROM  ; Single Clock ; 2048         ; 8            ; --           ; --           ; yes                    ; no                      ; --                     ; --                      ; 16384 ; 2048                        ; 8                           ; --                          ; --                          ; 16384               ; 4    ; db/karaoke_top.ram0_font_rom_e26a0106.hdl.mif  ; M4K_X26_Y21, M4K_X26_Y22, M4K_X26_Y23, M4K_X26_Y20 ; Don't care           ; Don't care      ; Don't care      ;
; text_renderer:u_text_renderer|lyric_rom:u_lyric_rom|altsyncram:rom_rtl_0|altsyncram_uh71:auto_generated|ALTSYNCRAM ; AUTO ; ROM  ; Single Clock ; 1120         ; 8            ; --           ; --           ; yes                    ; no                      ; --                     ; --                      ; 8960  ; 1120                        ; 7                           ; --                          ; --                          ; 7840                ; 4    ; db/karaoke_top.ram0_lyric_rom_d2dc245a.hdl.mif ; M4K_X26_Y25, M4K_X26_Y24, M4K_X26_Y26, M4K_X26_Y27 ; Don't care           ; Don't care      ; Don't care      ;
+--------------------------------------------------------------------------------------------------------------------+------+------+--------------+--------------+--------------+--------------+--------------+------------------------+-------------------------+------------------------+-------------------------+-------+-----------------------------+-----------------------------+-----------------------------+-----------------------------+---------------------+------+------------------------------------------------+----------------------------------------------------+----------------------+-----------------+-----------------+
Note: Fitter may spread logical memories into multiple blocks to improve timing. The actual required RAM blocks can be found in the Fitter Resource Usage section.


+-----------------------------------------------------------------------------------------------+
; Fitter DSP Block Usage Summary                                                                ;
+---------------------------------------+-------------+---------------------+-------------------+
; Statistic                             ; Number Used ; Available per Block ; Maximum Available ;
+---------------------------------------+-------------+---------------------+-------------------+
; Simple Multipliers (9-bit)            ; 0           ; 2                   ; 70                ;
; Simple Multipliers (18-bit)           ; 2           ; 1                   ; 35                ;
; Embedded Multiplier Blocks            ; 2           ; --                  ; 35                ;
; Embedded Multiplier 9-bit elements    ; 4           ; 2                   ; 70                ;
; Signed Embedded Multipliers           ; 2           ; --                  ; --                ;
; Unsigned Embedded Multipliers         ; 0           ; --                  ; --                ;
; Mixed Sign Embedded Multipliers       ; 0           ; --                  ; --                ;
; Variable Sign Embedded Multipliers    ; 0           ; --                  ; --                ;
; Dedicated Input Shift Register Chains ; 0           ; --                  ; --                ;
+---------------------------------------+-------------+---------------------+-------------------+


+----------------------------------------------------------------------------------------------------------------------------------------------------------------------------------------------------------------------------------------------------------------------------------+
; DSP Block Details                                                                                                                                                                                                                                                                ;
+-----------------------------------------------------------------------------------+----------------------------+--------------------+---------------------+--------------------------------+-----------------------+-----------------------+-------------------+-----------------+
; Name                                                                              ; Mode                       ; Location           ; Sign Representation ; Has Input Shift Register Chain ; Data A Input Register ; Data B Input Register ; Pipeline Register ; Output Register ;
+-----------------------------------------------------------------------------------+----------------------------+--------------------+---------------------+--------------------------------+-----------------------+-----------------------+-------------------+-----------------+
; audio_gain_apply:u_gain_apply|lpm_mult:Mult1|mult_10t:auto_generated|mac_out2     ; Simple Multiplier (18-bit) ; DSPOUT_X39_Y20_N2  ;                     ; No                             ;                       ;                       ;                   ; no              ;
;    audio_gain_apply:u_gain_apply|lpm_mult:Mult1|mult_10t:auto_generated|mac_mult1 ;                            ; DSPMULT_X39_Y20_N0 ; Signed              ;                                ; yes                   ; no                    ; no                ;                 ;
; audio_gain_apply:u_gain_apply|lpm_mult:Mult0|mult_10t:auto_generated|mac_out2     ; Simple Multiplier (18-bit) ; DSPOUT_X39_Y19_N2  ;                     ; No                             ;                       ;                       ;                   ; no              ;
;    audio_gain_apply:u_gain_apply|lpm_mult:Mult0|mult_10t:auto_generated|mac_mult1 ;                            ; DSPMULT_X39_Y19_N0 ; Signed              ;                                ; yes                   ; no                    ; no                ;                 ;
+-----------------------------------------------------------------------------------+----------------------------+--------------------+---------------------+--------------------------------+-----------------------+-----------------------+-------------------+-----------------+


+------------------------------------------------------+
; Other Routing Usage Summary                          ;
+-----------------------------+------------------------+
; Other Routing Resource Type ; Usage                  ;
+-----------------------------+------------------------+
; Block interconnects         ; 559 / 94,460 ( < 1 % ) ;
; C16 interconnects           ; 29 / 3,315 ( < 1 % )   ;
; C4 interconnects            ; 325 / 60,840 ( < 1 % ) ;
; Direct links                ; 172 / 94,460 ( < 1 % ) ;
; Global clocks               ; 3 / 16 ( 19 % )        ;
; Local interconnects         ; 319 / 33,216 ( < 1 % ) ;
; R24 interconnects           ; 41 / 3,091 ( 1 % )     ;
; R4 interconnects            ; 267 / 81,294 ( < 1 % ) ;
+-----------------------------+------------------------+


+----------------------------------------------------------------------------+
; LAB Logic Elements                                                         ;
+---------------------------------------------+------------------------------+
; Number of Logic Elements  (Average = 11.86) ; Number of LABs  (Total = 42) ;
+---------------------------------------------+------------------------------+
; 1                                           ; 4                            ;
; 2                                           ; 4                            ;
; 3                                           ; 1                            ;
; 4                                           ; 1                            ;
; 5                                           ; 0                            ;
; 6                                           ; 0                            ;
; 7                                           ; 0                            ;
; 8                                           ; 0                            ;
; 9                                           ; 0                            ;
; 10                                          ; 1                            ;
; 11                                          ; 0                            ;
; 12                                          ; 3                            ;
; 13                                          ; 3                            ;
; 14                                          ; 2                            ;
; 15                                          ; 2                            ;
; 16                                          ; 21                           ;
+---------------------------------------------+------------------------------+


+-------------------------------------------------------------------+
; LAB-wide Signals                                                  ;
+------------------------------------+------------------------------+
; LAB-wide Signals  (Average = 2.14) ; Number of LABs  (Total = 42) ;
+------------------------------------+------------------------------+
; 1 Async. clear                     ; 36                           ;
; 1 Clock                            ; 35                           ;
; 1 Clock enable                     ; 12                           ;
; 1 Sync. clear                      ; 2                            ;
; 1 Sync. load                       ; 3                            ;
; 2 Clock enables                    ; 1                            ;
; 2 Clocks                           ; 1                            ;
+------------------------------------+------------------------------+


+-----------------------------------------------------------------------------+
; LAB Signals Sourced                                                         ;
+----------------------------------------------+------------------------------+
; Number of Signals Sourced  (Average = 18.19) ; Number of LABs  (Total = 42) ;
+----------------------------------------------+------------------------------+
; 0                                            ; 0                            ;
; 1                                            ; 2                            ;
; 2                                            ; 2                            ;
; 3                                            ; 4                            ;
; 4                                            ; 2                            ;
; 5                                            ; 0                            ;
; 6                                            ; 0                            ;
; 7                                            ; 0                            ;
; 8                                            ; 0                            ;
; 9                                            ; 0                            ;
; 10                                           ; 0                            ;
; 11                                           ; 0                            ;
; 12                                           ; 0                            ;
; 13                                           ; 1                            ;
; 14                                           ; 1                            ;
; 15                                           ; 0                            ;
; 16                                           ; 2                            ;
; 17                                           ; 0                            ;
; 18                                           ; 1                            ;
; 19                                           ; 1                            ;
; 20                                           ; 4                            ;
; 21                                           ; 2                            ;
; 22                                           ; 3                            ;
; 23                                           ; 3                            ;
; 24                                           ; 4                            ;
; 25                                           ; 1                            ;
; 26                                           ; 1                            ;
; 27                                           ; 1                            ;
; 28                                           ; 2                            ;
; 29                                           ; 0                            ;
; 30                                           ; 2                            ;
; 31                                           ; 1                            ;
; 32                                           ; 2                            ;
+----------------------------------------------+------------------------------+


+--------------------------------------------------------------------------------+
; LAB Signals Sourced Out                                                        ;
+-------------------------------------------------+------------------------------+
; Number of Signals Sourced Out  (Average = 6.36) ; Number of LABs  (Total = 42) ;
+-------------------------------------------------+------------------------------+
; 0                                               ; 1                            ;
; 1                                               ; 8                            ;
; 2                                               ; 5                            ;
; 3                                               ; 2                            ;
; 4                                               ; 4                            ;
; 5                                               ; 3                            ;
; 6                                               ; 1                            ;
; 7                                               ; 1                            ;
; 8                                               ; 5                            ;
; 9                                               ; 0                            ;
; 10                                              ; 3                            ;
; 11                                              ; 1                            ;
; 12                                              ; 1                            ;
; 13                                              ; 2                            ;
; 14                                              ; 2                            ;
; 15                                              ; 0                            ;
; 16                                              ; 2                            ;
; 17                                              ; 0                            ;
; 18                                              ; 0                            ;
; 19                                              ; 0                            ;
; 20                                              ; 1                            ;
+-------------------------------------------------+------------------------------+


+----------------------------------------------------------------------------+
; LAB Distinct Inputs                                                        ;
+---------------------------------------------+------------------------------+
; Number of Distinct Inputs  (Average = 9.48) ; Number of LABs  (Total = 42) ;
+---------------------------------------------+------------------------------+
; 0                                           ; 0                            ;
; 1                                           ; 0                            ;
; 2                                           ; 3                            ;
; 3                                           ; 6                            ;
; 4                                           ; 6                            ;
; 5                                           ; 2                            ;
; 6                                           ; 2                            ;
; 7                                           ; 2                            ;
; 8                                           ; 6                            ;
; 9                                           ; 0                            ;
; 10                                          ; 0                            ;
; 11                                          ; 1                            ;
; 12                                          ; 0                            ;
; 13                                          ; 1                            ;
; 14                                          ; 1                            ;
; 15                                          ; 0                            ;
; 16                                          ; 5                            ;
; 17                                          ; 0                            ;
; 18                                          ; 1                            ;
; 19                                          ; 1                            ;
; 20                                          ; 0                            ;
; 21                                          ; 2                            ;
; 22                                          ; 1                            ;
; 23                                          ; 1                            ;
; 24                                          ; 1                            ;
+---------------------------------------------+------------------------------+


+-------------------------------------------------------------------------+
; Fitter Device Options                                                   ;
+----------------------------------------------+--------------------------+
; Option                                       ; Setting                  ;
+----------------------------------------------+--------------------------+
; Enable user-supplied start-up clock (CLKUSR) ; Off                      ;
; Enable device-wide reset (DEV_CLRn)          ; Off                      ;
; Enable device-wide output enable (DEV_OE)    ; Off                      ;
; Enable INIT_DONE output                      ; Off                      ;
; Configuration scheme                         ; Active Serial            ;
; Error detection CRC                          ; Off                      ;
; nCEO                                         ; As output driving ground ;
; ASDO,nCSO                                    ; As input tri-stated      ;
; Reserve all unused pins                      ; As output driving ground ;
; Base pin-out file on sameframe device        ; Off                      ;
+----------------------------------------------+--------------------------+


+------------------------------------+
; Operating Settings and Conditions  ;
+---------------------------+--------+
; Setting                   ; Value  ;
+---------------------------+--------+
; Nominal Core Voltage      ; 1.20 V ;
; Low Junction Temperature  ; 0 °C   ;
; High Junction Temperature ; 85 °C  ;
+---------------------------+--------+


+------------------------------------------------------------+
; Estimated Delay Added for Hold Timing Summary              ;
+-----------------+----------------------+-------------------+
; Source Clock(s) ; Destination Clock(s) ; Delay Added in ns ;
+-----------------+----------------------+-------------------+
; I/O             ; CLOCK_50             ; 2.0               ;
+-----------------+----------------------+-------------------+
Note: For more information on problematic transfers, consider running the Fitter again with the Optimize hold timing option (Settings Menu) turned off.
This will disable optimization of problematic paths and expose them for further analysis using either the TimeQuest Timing Analyzer or the Classic Timing Analyzer.


+------------------------------------------------------------------------+
; Estimated Delay Added for Hold Timing Details                          ;
+-----------------+----------------------------------+-------------------+
; Source Register ; Destination Register             ; Delay Added in ns ;
+-----------------+----------------------------------+-------------------+
; AUD_DACLRCK     ; i2s_transmitter:u_i2s_tx|lr_r1   ; 1.095             ;
; AUD_BCLK        ; i2s_transmitter:u_i2s_tx|bclk_r1 ; 0.860             ;
+-----------------+----------------------------------+-------------------+
Note: This table only shows the top 2 path(s) that have the largest delay added for hold.


+-----------------+
; Fitter Messages ;
+-----------------+
Warning (20028): Parallel compilation is not licensed and has been disabled
Info (119006): Selected device EP2C35F672C6 for design "karaoke_top"
Info (171003): Fitter is performing an Auto Fit compilation, which may decrease Fitter effort to reduce compilation time
Warning (292013): Feature LogicLock is only available with a valid subscription license. You can purchase a software subscription to gain full access to this feature.
Info (176444): Device migration not selected. If you intend to use device migration later, you may need to change the pin assignments as they may be incompatible with other devices
    Info (176445): Device EP2C50F672C6 is compatible
    Info (176445): Device EP2C70F672C6 is compatible
Info (169124): Fitter converted 3 user pins into dedicated programming pins
    Info (169125): Pin ~ASDO~ is reserved at location E3
    Info (169125): Pin ~nCSO~ is reserved at location D3
    Info (169125): Pin ~LVDS150p/nCEO~ is reserved at location AE24
Info (176045): Design uses memory blocks. Violating setup or hold times of memory block address registers for either read or write operations could cause memory contents to be corrupted. Make sure that all memory block address registers meet the setup and hold time requirements.
Critical Warning (332012): Synopsys Design Constraints File file not found: 'karaoke_top.sdc'. A Synopsys Design Constraints File is required by the TimeQuest Timing Analyzer to get proper timing constraints. Without it, the Compiler will not properly optimize the design.
Info (332144): No user constrained base clocks found in the design
Info (332130): Timing requirements not specified -- quality metrics such as performance may be sacrificed to reduce compilation time.
Info (176353): Automatically promoted node CLOCK_50 (placed in PIN N2 (CLK0, LVDSCLK0p, Input))
    Info (176355): Automatically promoted destinations to use location or clock signal Global Clock CLKCTRL_G2
Info (176353): Automatically promoted node KEY[3] (placed in PIN W26 (LVDS139p, CDPCLK4/DQS3R/CQ3R#))
    Info (176355): Automatically promoted destinations to use location or clock signal Global Clock CLKCTRL_G7
    Info (176356): Following destination nodes may be non-global or may not use global or regional clocks
        Info (176357): Destination node audio_reset_n
Info (176353): Automatically promoted node audio_reset_n 
    Info (176355): Automatically promoted destinations to use location or clock signal Global Clock
Info (176233): Starting register packing
Info (176235): Finished register packing
    Extra Info (176218): Packed 32 registers into blocks of type Embedded multiplier block
    Extra Info (176220): Created 2 register duplicates
Info (171121): Fitter preparation operations ending: elapsed time is 00:00:00
Info (170189): Fitter placement preparation operations beginning
Info (170190): Fitter placement preparation operations ending: elapsed time is 00:00:00
Info (170191): Fitter placement operations beginning
Info (170137): Fitter placement was successful
Info (170192): Fitter placement operations ending: elapsed time is 00:00:02
Info (170193): Fitter routing operations beginning
Info (170195): Router estimated average interconnect usage is 0% of the available device resources
    Info (170196): Router estimated peak interconnect usage is 1% of the available device resources in the region that extends from location X22_Y24 to location X32_Y36
Info (170194): Fitter routing operations ending: elapsed time is 00:00:04
Info (170199): The Fitter performed an Auto Fit compilation.  Optimizations were skipped to reduce compilation time.
    Info (170201): Optimizations that may affect the design's routability were skipped
Info (11888): Total time spent on timing analysis during the Fitter is 2.70 seconds.
Info (306004): Started post-fitting delay annotation
Warning (306006): Found 122 output pins without output pin load capacitance assignment
    Info (306007): Pin "I2C_SDAT" has no specified output pin load capacitance -- assuming default load capacitance of 0 pF for timing analysis
    Info (306007): Pin "LEDR[0]" has no specified output pin load capacitance -- assuming default load capacitance of 0 pF for timing analysis
    Info (306007): Pin "LEDR[1]" has no specified output pin load capacitance -- assuming default load capacitance of 0 pF for timing analysis
    Info (306007): Pin "LEDR[2]" has no specified output pin load capacitance -- assuming default load capacitance of 0 pF for timing analysis
    Info (306007): Pin "LEDR[3]" has no specified output pin load capacitance -- assuming default load capacitance of 0 pF for timing analysis
    Info (306007): Pin "LEDR[4]" has no specified output pin load capacitance -- assuming default load capacitance of 0 pF for timing analysis
    Info (306007): Pin "LEDR[5]" has no specified output pin load capacitance -- assuming default load capacitance of 0 pF for timing analysis
    Info (306007): Pin "LEDR[6]" has no specified output pin load capacitance -- assuming default load capacitance of 0 pF for timing analysis
    Info (306007): Pin "LEDR[7]" has no specified output pin load capacitance -- assuming default load capacitance of 0 pF for timing analysis
    Info (306007): Pin "LEDR[8]" has no specified output pin load capacitance -- assuming default load capacitance of 0 pF for timing analysis
    Info (306007): Pin "LEDR[9]" has no specified output pin load capacitance -- assuming default load capacitance of 0 pF for timing analysis
    Info (306007): Pin "LEDR[10]" has no specified output pin load capacitance -- assuming default load capacitance of 0 pF for timing analysis
    Info (306007): Pin "LEDR[11]" has no specified output pin load capacitance -- assuming default load capacitance of 0 pF for timing analysis
    Info (306007): Pin "LEDR[12]" has no specified output pin load capacitance -- assuming default load capacitance of 0 pF for timing analysis
    Info (306007): Pin "LEDR[13]" has no specified output pin load capacitance -- assuming default load capacitance of 0 pF for timing analysis
    Info (306007): Pin "LEDR[14]" has no specified output pin load capacitance -- assuming default load capacitance of 0 pF for timing analysis
    Info (306007): Pin "LEDR[15]" has no specified output pin load capacitance -- assuming default load capacitance of 0 pF for timing analysis
    Info (306007): Pin "LEDR[16]" has no specified output pin load capacitance -- assuming default load capacitance of 0 pF for timing analysis
    Info (306007): Pin "LEDR[17]" has no specified output pin load capacitance -- assuming default load capacitance of 0 pF for timing analysis
    Info (306007): Pin "LEDG[0]" has no specified output pin load capacitance -- assuming default load capacitance of 0 pF for timing analysis
    Info (306007): Pin "LEDG[1]" has no specified output pin load capacitance -- assuming default load capacitance of 0 pF for timing analysis
    Info (306007): Pin "LEDG[2]" has no specified output pin load capacitance -- assuming default load capacitance of 0 pF for timing analysis
    Info (306007): Pin "LEDG[3]" has no specified output pin load capacitance -- assuming default load capacitance of 0 pF for timing analysis
    Info (306007): Pin "LEDG[4]" has no specified output pin load capacitance -- assuming default load capacitance of 0 pF for timing analysis
    Info (306007): Pin "LEDG[5]" has no specified output pin load capacitance -- assuming default load capacitance of 0 pF for timing analysis
    Info (306007): Pin "LEDG[6]" has no specified output pin load capacitance -- assuming default load capacitance of 0 pF for timing analysis
    Info (306007): Pin "LEDG[7]" has no specified output pin load capacitance -- assuming default load capacitance of 0 pF for timing analysis
    Info (306007): Pin "LEDG[8]" has no specified output pin load capacitance -- assuming default load capacitance of 0 pF for timing analysis
    Info (306007): Pin "HEX0[0]" has no specified output pin load capacitance -- assuming default load capacitance of 0 pF for timing analysis
    Info (306007): Pin "HEX0[1]" has no specified output pin load capacitance -- assuming default load capacitance of 0 pF for timing analysis
    Info (306007): Pin "HEX0[2]" has no specified output pin load capacitance -- assuming default load capacitance of 0 pF for timing analysis
    Info (306007): Pin "HEX0[3]" has no specified output pin load capacitance -- assuming default load capacitance of 0 pF for timing analysis
    Info (306007): Pin "HEX0[4]" has no specified output pin load capacitance -- assuming default load capacitance of 0 pF for timing analysis
    Info (306007): Pin "HEX0[5]" has no specified output pin load capacitance -- assuming default load capacitance of 0 pF for timing analysis
    Info (306007): Pin "HEX0[6]" has no specified output pin load capacitance -- assuming default load capacitance of 0 pF for timing analysis
    Info (306007): Pin "HEX1[0]" has no specified output pin load capacitance -- assuming default load capacitance of 0 pF for timing analysis
    Info (306007): Pin "HEX1[1]" has no specified output pin load capacitance -- assuming default load capacitance of 0 pF for timing analysis
    Info (306007): Pin "HEX1[2]" has no specified output pin load capacitance -- assuming default load capacitance of 0 pF for timing analysis
    Info (306007): Pin "HEX1[3]" has no specified output pin load capacitance -- assuming default load capacitance of 0 pF for timing analysis
    Info (306007): Pin "HEX1[4]" has no specified output pin load capacitance -- assuming default load capacitance of 0 pF for timing analysis
    Info (306007): Pin "HEX1[5]" has no specified output pin load capacitance -- assuming default load capacitance of 0 pF for timing analysis
    Info (306007): Pin "HEX1[6]" has no specified output pin load capacitance -- assuming default load capacitance of 0 pF for timing analysis
    Info (306007): Pin "HEX2[0]" has no specified output pin load capacitance -- assuming default load capacitance of 0 pF for timing analysis
    Info (306007): Pin "HEX2[1]" has no specified output pin load capacitance -- assuming default load capacitance of 0 pF for timing analysis
    Info (306007): Pin "HEX2[2]" has no specified output pin load capacitance -- assuming default load capacitance of 0 pF for timing analysis
    Info (306007): Pin "HEX2[3]" has no specified output pin load capacitance -- assuming default load capacitance of 0 pF for timing analysis
    Info (306007): Pin "HEX2[4]" has no specified output pin load capacitance -- assuming default load capacitance of 0 pF for timing analysis
    Info (306007): Pin "HEX2[5]" has no specified output pin load capacitance -- assuming default load capacitance of 0 pF for timing analysis
    Info (306007): Pin "HEX2[6]" has no specified output pin load capacitance -- assuming default load capacitance of 0 pF for timing analysis
    Info (306007): Pin "HEX3[0]" has no specified output pin load capacitance -- assuming default load capacitance of 0 pF for timing analysis
    Info (306007): Pin "HEX3[1]" has no specified output pin load capacitance -- assuming default load capacitance of 0 pF for timing analysis
    Info (306007): Pin "HEX3[2]" has no specified output pin load capacitance -- assuming default load capacitance of 0 pF for timing analysis
    Info (306007): Pin "HEX3[3]" has no specified output pin load capacitance -- assuming default load capacitance of 0 pF for timing analysis
    Info (306007): Pin "HEX3[4]" has no specified output pin load capacitance -- assuming default load capacitance of 0 pF for timing analysis
    Info (306007): Pin "HEX3[5]" has no specified output pin load capacitance -- assuming default load capacitance of 0 pF for timing analysis
    Info (306007): Pin "HEX3[6]" has no specified output pin load capacitance -- assuming default load capacitance of 0 pF for timing analysis
    Info (306007): Pin "HEX4[0]" has no specified output pin load capacitance -- assuming default load capacitance of 0 pF for timing analysis
    Info (306007): Pin "HEX4[1]" has no specified output pin load capacitance -- assuming default load capacitance of 0 pF for timing analysis
    Info (306007): Pin "HEX4[2]" has no specified output pin load capacitance -- assuming default load capacitance of 0 pF for timing analysis
    Info (306007): Pin "HEX4[3]" has no specified output pin load capacitance -- assuming default load capacitance of 0 pF for timing analysis
    Info (306007): Pin "HEX4[4]" has no specified output pin load capacitance -- assuming default load capacitance of 0 pF for timing analysis
    Info (306007): Pin "HEX4[5]" has no specified output pin load capacitance -- assuming default load capacitance of 0 pF for timing analysis
    Info (306007): Pin "HEX4[6]" has no specified output pin load capacitance -- assuming default load capacitance of 0 pF for timing analysis
    Info (306007): Pin "HEX5[0]" has no specified output pin load capacitance -- assuming default load capacitance of 0 pF for timing analysis
    Info (306007): Pin "HEX5[1]" has no specified output pin load capacitance -- assuming default load capacitance of 0 pF for timing analysis
    Info (306007): Pin "HEX5[2]" has no specified output pin load capacitance -- assuming default load capacitance of 0 pF for timing analysis
    Info (306007): Pin "HEX5[3]" has no specified output pin load capacitance -- assuming default load capacitance of 0 pF for timing analysis
    Info (306007): Pin "HEX5[4]" has no specified output pin load capacitance -- assuming default load capacitance of 0 pF for timing analysis
    Info (306007): Pin "HEX5[5]" has no specified output pin load capacitance -- assuming default load capacitance of 0 pF for timing analysis
    Info (306007): Pin "HEX5[6]" has no specified output pin load capacitance -- assuming default load capacitance of 0 pF for timing analysis
    Info (306007): Pin "HEX6[0]" has no specified output pin load capacitance -- assuming default load capacitance of 0 pF for timing analysis
    Info (306007): Pin "HEX6[1]" has no specified output pin load capacitance -- assuming default load capacitance of 0 pF for timing analysis
    Info (306007): Pin "HEX6[2]" has no specified output pin load capacitance -- assuming default load capacitance of 0 pF for timing analysis
    Info (306007): Pin "HEX6[3]" has no specified output pin load capacitance -- assuming default load capacitance of 0 pF for timing analysis
    Info (306007): Pin "HEX6[4]" has no specified output pin load capacitance -- assuming default load capacitance of 0 pF for timing analysis
    Info (306007): Pin "HEX6[5]" has no specified output pin load capacitance -- assuming default load capacitance of 0 pF for timing analysis
    Info (306007): Pin "HEX6[6]" has no specified output pin load capacitance -- assuming default load capacitance of 0 pF for timing analysis
    Info (306007): Pin "HEX7[0]" has no specified output pin load capacitance -- assuming default load capacitance of 0 pF for timing analysis
    Info (306007): Pin "HEX7[1]" has no specified output pin load capacitance -- assuming default load capacitance of 0 pF for timing analysis
    Info (306007): Pin "HEX7[2]" has no specified output pin load capacitance -- assuming default load capacitance of 0 pF for timing analysis
    Info (306007): Pin "HEX7[3]" has no specified output pin load capacitance -- assuming default load capacitance of 0 pF for timing analysis
    Info (306007): Pin "HEX7[4]" has no specified output pin load capacitance -- assuming default load capacitance of 0 pF for timing analysis
    Info (306007): Pin "HEX7[5]" has no specified output pin load capacitance -- assuming default load capacitance of 0 pF for timing analysis
    Info (306007): Pin "HEX7[6]" has no specified output pin load capacitance -- assuming default load capacitance of 0 pF for timing analysis
    Info (306007): Pin "I2C_SCLK" has no specified output pin load capacitance -- assuming default load capacitance of 0 pF for timing analysis
    Info (306007): Pin "AUD_XCK" has no specified output pin load capacitance -- assuming default load capacitance of 0 pF for timing analysis
    Info (306007): Pin "AUD_DACDAT" has no specified output pin load capacitance -- assuming default load capacitance of 0 pF for timing analysis
    Info (306007): Pin "VGA_HS" has no specified output pin load capacitance -- assuming default load capacitance of 0 pF for timing analysis
    Info (306007): Pin "VGA_VS" has no specified output pin load capacitance -- assuming default load capacitance of 0 pF for timing analysis
    Info (306007): Pin "VGA_R[0]" has no specified output pin load capacitance -- assuming default load capacitance of 0 pF for timing analysis
    Info (306007): Pin "VGA_R[1]" has no specified output pin load capacitance -- assuming default load capacitance of 0 pF for timing analysis
    Info (306007): Pin "VGA_R[2]" has no specified output pin load capacitance -- assuming default load capacitance of 0 pF for timing analysis
    Info (306007): Pin "VGA_R[3]" has no specified output pin load capacitance -- assuming default load capacitance of 0 pF for timing analysis
    Info (306007): Pin "VGA_R[4]" has no specified output pin load capacitance -- assuming default load capacitance of 0 pF for timing analysis
    Info (306007): Pin "VGA_R[5]" has no specified output pin load capacitance -- assuming default load capacitance of 0 pF for timing analysis
    Info (306007): Pin "VGA_R[6]" has no specified output pin load capacitance -- assuming default load capacitance of 0 pF for timing analysis
    Info (306007): Pin "VGA_R[7]" has no specified output pin load capacitance -- assuming default load capacitance of 0 pF for timing analysis
    Info (306007): Pin "VGA_R[8]" has no specified output pin load capacitance -- assuming default load capacitance of 0 pF for timing analysis
    Info (306007): Pin "VGA_R[9]" has no specified output pin load capacitance -- assuming default load capacitance of 0 pF for timing analysis
    Info (306007): Pin "VGA_G[0]" has no specified output pin load capacitance -- assuming default load capacitance of 0 pF for timing analysis
    Info (306007): Pin "VGA_G[1]" has no specified output pin load capacitance -- assuming default load capacitance of 0 pF for timing analysis
    Info (306007): Pin "VGA_G[2]" has no specified output pin load capacitance -- assuming default load capacitance of 0 pF for timing analysis
    Info (306007): Pin "VGA_G[3]" has no specified output pin load capacitance -- assuming default load capacitance of 0 pF for timing analysis
    Info (306007): Pin "VGA_G[4]" has no specified output pin load capacitance -- assuming default load capacitance of 0 pF for timing analysis
    Info (306007): Pin "VGA_G[5]" has no specified output pin load capacitance -- assuming default load capacitance of 0 pF for timing analysis
    Info (306007): Pin "VGA_G[6]" has no specified output pin load capacitance -- assuming default load capacitance of 0 pF for timing analysis
    Info (306007): Pin "VGA_G[7]" has no specified output pin load capacitance -- assuming default load capacitance of 0 pF for timing analysis
    Info (306007): Pin "VGA_G[8]" has no specified output pin load capacitance -- assuming default load capacitance of 0 pF for timing analysis
    Info (306007): Pin "VGA_G[9]" has no specified output pin load capacitance -- assuming default load capacitance of 0 pF for timing analysis
    Info (306007): Pin "VGA_B[0]" has no specified output pin load capacitance -- assuming default load capacitance of 0 pF for timing analysis
    Info (306007): Pin "VGA_B[1]" has no specified output pin load capacitance -- assuming default load capacitance of 0 pF for timing analysis
    Info (306007): Pin "VGA_B[2]" has no specified output pin load capacitance -- assuming default load capacitance of 0 pF for timing analysis
    Info (306007): Pin "VGA_B[3]" has no specified output pin load capacitance -- assuming default load capacitance of 0 pF for timing analysis
    Info (306007): Pin "VGA_B[4]" has no specified output pin load capacitance -- assuming default load capacitance of 0 pF for timing analysis
    Info (306007): Pin "VGA_B[5]" has no specified output pin load capacitance -- assuming default load capacitance of 0 pF for timing analysis
    Info (306007): Pin "VGA_B[6]" has no specified output pin load capacitance -- assuming default load capacitance of 0 pF for timing analysis
    Info (306007): Pin "VGA_B[7]" has no specified output pin load capacitance -- assuming default load capacitance of 0 pF for timing analysis
    Info (306007): Pin "VGA_B[8]" has no specified output pin load capacitance -- assuming default load capacitance of 0 pF for timing analysis
    Info (306007): Pin "VGA_B[9]" has no specified output pin load capacitance -- assuming default load capacitance of 0 pF for timing analysis
    Info (306007): Pin "VGA_BLANK" has no specified output pin load capacitance -- assuming default load capacitance of 0 pF for timing analysis
    Info (306007): Pin "VGA_SYNC" has no specified output pin load capacitance -- assuming default load capacitance of 0 pF for timing analysis
    Info (306007): Pin "VGA_CLK" has no specified output pin load capacitance -- assuming default load capacitance of 0 pF for timing analysis
Info (306005): Delay annotation completed successfully
Info (306004): Started post-fitting delay annotation
Info (306005): Delay annotation completed successfully
Info (11218): Fitter post-fit operations ending: elapsed time is 00:00:02
Info (176045): Design uses memory blocks. Violating setup or hold times of memory block address registers for either read or write operations could cause memory contents to be corrupted. Make sure that all memory block address registers meet the setup and hold time requirements.
Warning (169174): The Reserve All Unused Pins setting has not been specified, and will default to 'As output driving ground'.
Info (144001): Generated suppressed messages file C:/Users/itsch/OneDrive/Documents/CE213/doan/module_version1/output_files/karaoke_top.fit.smsg
Info: Quartus II 64-Bit Fitter was successful. 0 errors, 5 warnings
    Info: Peak virtual memory: 4926 megabytes
    Info: Processing ended: Wed May 20 14:45:47 2026
    Info: Elapsed time: 00:00:15
    Info: Total CPU time (on all processors): 00:00:13


+----------------------------+
; Fitter Suppressed Messages ;
+----------------------------+
The suppressed messages can be found in C:/Users/itsch/OneDrive/Documents/CE213/doan/module_version1/output_files/karaoke_top.fit.smsg.


