TimeQuest Timing Analyzer report for karaoke_top
Wed May 20 16:14:01 2026
Quartus II 64-Bit Version 13.0.1 Build 232 06/12/2013 Service Pack 1 SJ Web Edition


---------------------
; Table of Contents ;
---------------------
  1. Legal Notice
  2. TimeQuest Timing Analyzer Summary
  3. Parallel Compilation
  4. Clocks
  5. Slow Model Fmax Summary
  6. Slow Model Setup Summary
  7. Slow Model Hold Summary
  8. Slow Model Recovery Summary
  9. Slow Model Removal Summary
 10. Slow Model Minimum Pulse Width Summary
 11. Slow Model Setup: 'CLOCK_50'
 12. Slow Model Setup: 'AUD_BCLK'
 13. Slow Model Setup: 'AUD_DACLRCK'
 14. Slow Model Hold: 'CLOCK_50'
 15. Slow Model Hold: 'AUD_BCLK'
 16. Slow Model Hold: 'AUD_DACLRCK'
 17. Slow Model Recovery: 'CLOCK_50'
 18. Slow Model Recovery: 'AUD_BCLK'
 19. Slow Model Recovery: 'AUD_DACLRCK'
 20. Slow Model Removal: 'CLOCK_50'
 21. Slow Model Removal: 'AUD_DACLRCK'
 22. Slow Model Removal: 'AUD_BCLK'
 23. Slow Model Minimum Pulse Width: 'CLOCK_50'
 24. Slow Model Minimum Pulse Width: 'AUD_BCLK'
 25. Slow Model Minimum Pulse Width: 'AUD_DACLRCK'
 26. Setup Times
 27. Hold Times
 28. Clock to Output Times
 29. Minimum Clock to Output Times
 30. Propagation Delay
 31. Minimum Propagation Delay
 32. Output Enable Times
 33. Minimum Output Enable Times
 34. Output Disable Times
 35. Minimum Output Disable Times
 36. Fast Model Setup Summary
 37. Fast Model Hold Summary
 38. Fast Model Recovery Summary
 39. Fast Model Removal Summary
 40. Fast Model Minimum Pulse Width Summary
 41. Fast Model Setup: 'CLOCK_50'
 42. Fast Model Setup: 'AUD_BCLK'
 43. Fast Model Setup: 'AUD_DACLRCK'
 44. Fast Model Hold: 'CLOCK_50'
 45. Fast Model Hold: 'AUD_BCLK'
 46. Fast Model Hold: 'AUD_DACLRCK'
 47. Fast Model Recovery: 'AUD_BCLK'
 48. Fast Model Recovery: 'AUD_DACLRCK'
 49. Fast Model Recovery: 'CLOCK_50'
 50. Fast Model Removal: 'CLOCK_50'
 51. Fast Model Removal: 'AUD_DACLRCK'
 52. Fast Model Removal: 'AUD_BCLK'
 53. Fast Model Minimum Pulse Width: 'CLOCK_50'
 54. Fast Model Minimum Pulse Width: 'AUD_BCLK'
 55. Fast Model Minimum Pulse Width: 'AUD_DACLRCK'
 56. Setup Times
 57. Hold Times
 58. Clock to Output Times
 59. Minimum Clock to Output Times
 60. Propagation Delay
 61. Minimum Propagation Delay
 62. Output Enable Times
 63. Minimum Output Enable Times
 64. Output Disable Times
 65. Minimum Output Disable Times
 66. Multicorner Timing Analysis Summary
 67. Setup Times
 68. Hold Times
 69. Clock to Output Times
 70. Minimum Clock to Output Times
 71. Progagation Delay
 72. Minimum Progagation Delay
 73. Setup Transfers
 74. Hold Transfers
 75. Recovery Transfers
 76. Removal Transfers
 77. Report TCCS
 78. Report RSKM
 79. Unconstrained Paths
 80. TimeQuest Timing Analyzer Messages



----------------
; Legal Notice ;
----------------
Copyright (C) 1991-2013 Altera Corporation
Your use of Altera Corporation's design tools, logic functions 
and other software and tools, and its AMPP partner logic 
functions, and any output files from any of the foregoing 
(including device programming or simulation files), and any 
associated documentation or information are expressly subject 
to the terms and conditions of the Altera Program License 
Subscription Agreement, Altera MegaCore Function License 
Agreement, or other applicable license agreement, including, 
without limitation, that your use is for the sole purpose of 
programming logic devices manufactured by Altera and sold by 
Altera or its authorized distributors.  Please refer to the 
applicable agreement for further details.



+----------------------------------------------------------------------------------------+
; TimeQuest Timing Analyzer Summary                                                      ;
+--------------------+-------------------------------------------------------------------+
; Quartus II Version ; Version 13.0.1 Build 232 06/12/2013 Service Pack 1 SJ Web Edition ;
; Revision Name      ; karaoke_top                                                       ;
; Device Family      ; Cyclone II                                                        ;
; Device Name        ; EP2C35F672C6                                                      ;
; Timing Models      ; Final                                                             ;
; Delay Model        ; Combined                                                          ;
; Rise/Fall Delays   ; Unavailable                                                       ;
+--------------------+-------------------------------------------------------------------+


Parallel compilation was disabled, but you have multiple processors available. Enable parallel compilation to reduce compilation time.
+-------------------------------------+
; Parallel Compilation                ;
+----------------------------+--------+
; Processors                 ; Number ;
+----------------------------+--------+
; Number detected on machine ; 8      ;
; Maximum allowed            ; 1      ;
+----------------------------+--------+


+------------------------------------------------------------------------------------------------------------------------------------------------------------------------------------------+
; Clocks                                                                                                                                                                                   ;
+-------------+------+--------+------------+-------+-------+------------+-----------+-------------+-------+--------+-----------+------------+----------+--------+--------+-----------------+
; Clock Name  ; Type ; Period ; Frequency  ; Rise  ; Fall  ; Duty Cycle ; Divide by ; Multiply by ; Phase ; Offset ; Edge List ; Edge Shift ; Inverted ; Master ; Source ; Targets         ;
+-------------+------+--------+------------+-------+-------+------------+-----------+-------------+-------+--------+-----------+------------+----------+--------+--------+-----------------+
; AUD_BCLK    ; Base ; 1.000  ; 1000.0 MHz ; 0.000 ; 0.500 ;            ;           ;             ;       ;        ;           ;            ;          ;        ;        ; { AUD_BCLK }    ;
; AUD_DACLRCK ; Base ; 1.000  ; 1000.0 MHz ; 0.000 ; 0.500 ;            ;           ;             ;       ;        ;           ;            ;          ;        ;        ; { AUD_DACLRCK } ;
; CLOCK_50    ; Base ; 1.000  ; 1000.0 MHz ; 0.000 ; 0.500 ;            ;           ;             ;       ;        ;           ;            ;          ;        ;        ; { CLOCK_50 }    ;
+-------------+------+--------+------------+-------+-------+------------+-----------+-------------+-------+--------+-----------+------------+----------+--------+--------+-----------------+


+---------------------------------------------------+
; Slow Model Fmax Summary                           ;
+------------+-----------------+-------------+------+
; Fmax       ; Restricted Fmax ; Clock Name  ; Note ;
+------------+-----------------+-------------+------+
; 119.35 MHz ; 119.35 MHz      ; CLOCK_50    ;      ;
; 315.46 MHz ; 315.46 MHz      ; AUD_BCLK    ;      ;
; 386.1 MHz  ; 386.1 MHz       ; AUD_DACLRCK ;      ;
+------------+-----------------+-------------+------+
This panel reports FMAX for every clock in the design, regardless of the user-specified clock periods.  FMAX is only computed for paths where the source and destination registers or ports are driven by the same clock.  Paths of different clocks, including generated clocks, are ignored.  For paths between a clock and its inversion, FMAX is computed as if the rising and falling edges are scaled along with FMAX, such that the duty cycle (in terms of a percentage) is maintained. Altera recommends that you always use clock constraints and other slack reports for sign-off analysis.


+--------------------------------------+
; Slow Model Setup Summary             ;
+-------------+--------+---------------+
; Clock       ; Slack  ; End Point TNS ;
+-------------+--------+---------------+
; CLOCK_50    ; -7.379 ; -691.167      ;
; AUD_BCLK    ; -2.170 ; -29.046       ;
; AUD_DACLRCK ; -1.590 ; -15.375       ;
+-------------+--------+---------------+


+-------------------------------------+
; Slow Model Hold Summary             ;
+-------------+-------+---------------+
; Clock       ; Slack ; End Point TNS ;
+-------------+-------+---------------+
; CLOCK_50    ; 0.143 ; 0.000         ;
; AUD_BCLK    ; 0.391 ; 0.000         ;
; AUD_DACLRCK ; 0.391 ; 0.000         ;
+-------------+-------+---------------+


+--------------------------------------+
; Slow Model Recovery Summary          ;
+-------------+--------+---------------+
; Clock       ; Slack  ; End Point TNS ;
+-------------+--------+---------------+
; CLOCK_50    ; -2.476 ; -374.196      ;
; AUD_BCLK    ; -2.323 ; -55.548       ;
; AUD_DACLRCK ; -2.276 ; -36.416       ;
+-------------+--------+---------------+


+-------------------------------------+
; Slow Model Removal Summary          ;
+-------------+-------+---------------+
; Clock       ; Slack ; End Point TNS ;
+-------------+-------+---------------+
; CLOCK_50    ; 2.750 ; 0.000         ;
; AUD_DACLRCK ; 3.046 ; 0.000         ;
; AUD_BCLK    ; 3.076 ; 0.000         ;
+-------------+-------+---------------+


+----------------------------------------+
; Slow Model Minimum Pulse Width Summary ;
+-------------+--------+-----------------+
; Clock       ; Slack  ; End Point TNS   ;
+-------------+--------+-----------------+
; CLOCK_50    ; -1.423 ; -463.676        ;
; AUD_BCLK    ; -1.222 ; -25.222         ;
; AUD_DACLRCK ; -1.222 ; -17.222         ;
+-------------+--------+-----------------+


+--------------------------------------------------------------------------------------------------------------------------------------------------------------------------------------------------+
; Slow Model Setup: 'CLOCK_50'                                                                                                                                                                     ;
+--------+-------------------------------------------------+-----------------------------------------------------------------+--------------+-------------+--------------+------------+------------+
; Slack  ; From Node                                       ; To Node                                                         ; Launch Clock ; Latch Clock ; Relationship ; Clock Skew ; Data Delay ;
+--------+-------------------------------------------------+-----------------------------------------------------------------+--------------+-------------+--------------+------------+------------+
; -7.379 ; vga_sync:u_vga_sync|v_count[9]                  ; text_renderer:u_text_renderer|lyric_rom:u_lyric_rom|char_out[0] ; CLOCK_50     ; CLOCK_50    ; 1.000        ; -0.004     ; 8.411      ;
; -7.369 ; vga_sync:u_vga_sync|h_count[8]                  ; text_renderer:u_text_renderer|lyric_rom:u_lyric_rom|char_out[0] ; CLOCK_50     ; CLOCK_50    ; 1.000        ; -0.004     ; 8.401      ;
; -7.287 ; vga_sync:u_vga_sync|v_count[8]                  ; text_renderer:u_text_renderer|lyric_rom:u_lyric_rom|char_out[0] ; CLOCK_50     ; CLOCK_50    ; 1.000        ; -0.003     ; 8.320      ;
; -7.250 ; vga_sync:u_vga_sync|h_count[9]                  ; text_renderer:u_text_renderer|lyric_rom:u_lyric_rom|char_out[0] ; CLOCK_50     ; CLOCK_50    ; 1.000        ; -0.004     ; 8.282      ;
; -7.247 ; vga_sync:u_vga_sync|v_count[7]                  ; text_renderer:u_text_renderer|lyric_rom:u_lyric_rom|char_out[0] ; CLOCK_50     ; CLOCK_50    ; 1.000        ; -0.003     ; 8.280      ;
; -7.210 ; vga_sync:u_vga_sync|v_count[9]                  ; text_renderer:u_text_renderer|lyric_rom:u_lyric_rom|char_out[1] ; CLOCK_50     ; CLOCK_50    ; 1.000        ; 0.003      ; 8.249      ;
; -7.200 ; vga_sync:u_vga_sync|h_count[8]                  ; text_renderer:u_text_renderer|lyric_rom:u_lyric_rom|char_out[1] ; CLOCK_50     ; CLOCK_50    ; 1.000        ; 0.003      ; 8.239      ;
; -7.167 ; vga_sync:u_vga_sync|v_count[5]                  ; text_renderer:u_text_renderer|lyric_rom:u_lyric_rom|char_out[0] ; CLOCK_50     ; CLOCK_50    ; 1.000        ; -0.003     ; 8.200      ;
; -7.133 ; vga_sync:u_vga_sync|v_count[6]                  ; text_renderer:u_text_renderer|lyric_rom:u_lyric_rom|char_out[0] ; CLOCK_50     ; CLOCK_50    ; 1.000        ; -0.003     ; 8.166      ;
; -7.118 ; vga_sync:u_vga_sync|v_count[8]                  ; text_renderer:u_text_renderer|lyric_rom:u_lyric_rom|char_out[1] ; CLOCK_50     ; CLOCK_50    ; 1.000        ; 0.004      ; 8.158      ;
; -7.114 ; vga_sync:u_vga_sync|h_count[7]                  ; text_renderer:u_text_renderer|lyric_rom:u_lyric_rom|char_out[0] ; CLOCK_50     ; CLOCK_50    ; 1.000        ; -0.004     ; 8.146      ;
; -7.086 ; vga_sync:u_vga_sync|v_count[9]                  ; text_renderer:u_text_renderer|lyric_rom:u_lyric_rom|char_out[2] ; CLOCK_50     ; CLOCK_50    ; 1.000        ; -0.004     ; 8.118      ;
; -7.081 ; vga_sync:u_vga_sync|h_count[9]                  ; text_renderer:u_text_renderer|lyric_rom:u_lyric_rom|char_out[1] ; CLOCK_50     ; CLOCK_50    ; 1.000        ; 0.003      ; 8.120      ;
; -7.078 ; vga_sync:u_vga_sync|v_count[7]                  ; text_renderer:u_text_renderer|lyric_rom:u_lyric_rom|char_out[1] ; CLOCK_50     ; CLOCK_50    ; 1.000        ; 0.004      ; 8.118      ;
; -7.076 ; vga_sync:u_vga_sync|h_count[8]                  ; text_renderer:u_text_renderer|lyric_rom:u_lyric_rom|char_out[2] ; CLOCK_50     ; CLOCK_50    ; 1.000        ; -0.004     ; 8.108      ;
; -7.055 ; vga_sync:u_vga_sync|v_count[9]                  ; text_renderer:u_text_renderer|lyric_rom:u_lyric_rom|char_out[6] ; CLOCK_50     ; CLOCK_50    ; 1.000        ; 0.005      ; 8.096      ;
; -7.055 ; vga_sync:u_vga_sync|v_count[9]                  ; text_renderer:u_text_renderer|lyric_rom:u_lyric_rom|char_out[5] ; CLOCK_50     ; CLOCK_50    ; 1.000        ; 0.005      ; 8.096      ;
; -7.045 ; vga_sync:u_vga_sync|h_count[8]                  ; text_renderer:u_text_renderer|lyric_rom:u_lyric_rom|char_out[6] ; CLOCK_50     ; CLOCK_50    ; 1.000        ; 0.005      ; 8.086      ;
; -7.045 ; vga_sync:u_vga_sync|h_count[8]                  ; text_renderer:u_text_renderer|lyric_rom:u_lyric_rom|char_out[5] ; CLOCK_50     ; CLOCK_50    ; 1.000        ; 0.005      ; 8.086      ;
; -7.031 ; vga_sync:u_vga_sync|v_count[9]                  ; text_renderer:u_text_renderer|lyric_rom:u_lyric_rom|char_out[3] ; CLOCK_50     ; CLOCK_50    ; 1.000        ; -0.015     ; 8.052      ;
; -7.021 ; vga_sync:u_vga_sync|h_count[8]                  ; text_renderer:u_text_renderer|lyric_rom:u_lyric_rom|char_out[3] ; CLOCK_50     ; CLOCK_50    ; 1.000        ; -0.015     ; 8.042      ;
; -6.998 ; vga_sync:u_vga_sync|v_count[5]                  ; text_renderer:u_text_renderer|lyric_rom:u_lyric_rom|char_out[1] ; CLOCK_50     ; CLOCK_50    ; 1.000        ; 0.004      ; 8.038      ;
; -6.994 ; vga_sync:u_vga_sync|v_count[8]                  ; text_renderer:u_text_renderer|lyric_rom:u_lyric_rom|char_out[2] ; CLOCK_50     ; CLOCK_50    ; 1.000        ; -0.003     ; 8.027      ;
; -6.964 ; vga_sync:u_vga_sync|v_count[6]                  ; text_renderer:u_text_renderer|lyric_rom:u_lyric_rom|char_out[1] ; CLOCK_50     ; CLOCK_50    ; 1.000        ; 0.004      ; 8.004      ;
; -6.963 ; vga_sync:u_vga_sync|v_count[8]                  ; text_renderer:u_text_renderer|lyric_rom:u_lyric_rom|char_out[6] ; CLOCK_50     ; CLOCK_50    ; 1.000        ; 0.006      ; 8.005      ;
; -6.963 ; vga_sync:u_vga_sync|v_count[8]                  ; text_renderer:u_text_renderer|lyric_rom:u_lyric_rom|char_out[5] ; CLOCK_50     ; CLOCK_50    ; 1.000        ; 0.006      ; 8.005      ;
; -6.957 ; vga_sync:u_vga_sync|h_count[9]                  ; text_renderer:u_text_renderer|lyric_rom:u_lyric_rom|char_out[2] ; CLOCK_50     ; CLOCK_50    ; 1.000        ; -0.004     ; 7.989      ;
; -6.955 ; vga_sync:u_vga_sync|v_count[9]                  ; text_renderer:u_text_renderer|lyric_rom:u_lyric_rom|char_out[4] ; CLOCK_50     ; CLOCK_50    ; 1.000        ; 0.002      ; 7.993      ;
; -6.954 ; vga_sync:u_vga_sync|v_count[7]                  ; text_renderer:u_text_renderer|lyric_rom:u_lyric_rom|char_out[2] ; CLOCK_50     ; CLOCK_50    ; 1.000        ; -0.003     ; 7.987      ;
; -6.945 ; vga_sync:u_vga_sync|h_count[7]                  ; text_renderer:u_text_renderer|lyric_rom:u_lyric_rom|char_out[1] ; CLOCK_50     ; CLOCK_50    ; 1.000        ; 0.003      ; 7.984      ;
; -6.945 ; vga_sync:u_vga_sync|h_count[8]                  ; text_renderer:u_text_renderer|lyric_rom:u_lyric_rom|char_out[4] ; CLOCK_50     ; CLOCK_50    ; 1.000        ; 0.002      ; 7.983      ;
; -6.939 ; vga_sync:u_vga_sync|v_count[8]                  ; text_renderer:u_text_renderer|lyric_rom:u_lyric_rom|char_out[3] ; CLOCK_50     ; CLOCK_50    ; 1.000        ; -0.014     ; 7.961      ;
; -6.926 ; vga_sync:u_vga_sync|h_count[9]                  ; text_renderer:u_text_renderer|lyric_rom:u_lyric_rom|char_out[6] ; CLOCK_50     ; CLOCK_50    ; 1.000        ; 0.005      ; 7.967      ;
; -6.926 ; vga_sync:u_vga_sync|h_count[9]                  ; text_renderer:u_text_renderer|lyric_rom:u_lyric_rom|char_out[5] ; CLOCK_50     ; CLOCK_50    ; 1.000        ; 0.005      ; 7.967      ;
; -6.923 ; vga_sync:u_vga_sync|v_count[7]                  ; text_renderer:u_text_renderer|lyric_rom:u_lyric_rom|char_out[6] ; CLOCK_50     ; CLOCK_50    ; 1.000        ; 0.006      ; 7.965      ;
; -6.923 ; vga_sync:u_vga_sync|v_count[7]                  ; text_renderer:u_text_renderer|lyric_rom:u_lyric_rom|char_out[5] ; CLOCK_50     ; CLOCK_50    ; 1.000        ; 0.006      ; 7.965      ;
; -6.915 ; lyric_controller:u_lyric_controller|line_reg[0] ; text_renderer:u_text_renderer|lyric_rom:u_lyric_rom|char_out[0] ; CLOCK_50     ; CLOCK_50    ; 1.000        ; -0.004     ; 7.947      ;
; -6.902 ; vga_sync:u_vga_sync|h_count[9]                  ; text_renderer:u_text_renderer|lyric_rom:u_lyric_rom|char_out[3] ; CLOCK_50     ; CLOCK_50    ; 1.000        ; -0.015     ; 7.923      ;
; -6.899 ; vga_sync:u_vga_sync|v_count[7]                  ; text_renderer:u_text_renderer|lyric_rom:u_lyric_rom|char_out[3] ; CLOCK_50     ; CLOCK_50    ; 1.000        ; -0.014     ; 7.921      ;
; -6.874 ; vga_sync:u_vga_sync|v_count[5]                  ; text_renderer:u_text_renderer|lyric_rom:u_lyric_rom|char_out[2] ; CLOCK_50     ; CLOCK_50    ; 1.000        ; -0.003     ; 7.907      ;
; -6.863 ; vga_sync:u_vga_sync|v_count[8]                  ; text_renderer:u_text_renderer|lyric_rom:u_lyric_rom|char_out[4] ; CLOCK_50     ; CLOCK_50    ; 1.000        ; 0.003      ; 7.902      ;
; -6.843 ; vga_sync:u_vga_sync|v_count[5]                  ; text_renderer:u_text_renderer|lyric_rom:u_lyric_rom|char_out[6] ; CLOCK_50     ; CLOCK_50    ; 1.000        ; 0.006      ; 7.885      ;
; -6.843 ; vga_sync:u_vga_sync|v_count[5]                  ; text_renderer:u_text_renderer|lyric_rom:u_lyric_rom|char_out[5] ; CLOCK_50     ; CLOCK_50    ; 1.000        ; 0.006      ; 7.885      ;
; -6.840 ; vga_sync:u_vga_sync|v_count[6]                  ; text_renderer:u_text_renderer|lyric_rom:u_lyric_rom|char_out[2] ; CLOCK_50     ; CLOCK_50    ; 1.000        ; -0.003     ; 7.873      ;
; -6.826 ; vga_sync:u_vga_sync|h_count[9]                  ; text_renderer:u_text_renderer|lyric_rom:u_lyric_rom|char_out[4] ; CLOCK_50     ; CLOCK_50    ; 1.000        ; 0.002      ; 7.864      ;
; -6.823 ; vga_sync:u_vga_sync|v_count[7]                  ; text_renderer:u_text_renderer|lyric_rom:u_lyric_rom|char_out[4] ; CLOCK_50     ; CLOCK_50    ; 1.000        ; 0.003      ; 7.862      ;
; -6.821 ; vga_sync:u_vga_sync|h_count[7]                  ; text_renderer:u_text_renderer|lyric_rom:u_lyric_rom|char_out[2] ; CLOCK_50     ; CLOCK_50    ; 1.000        ; -0.004     ; 7.853      ;
; -6.819 ; vga_sync:u_vga_sync|v_count[5]                  ; text_renderer:u_text_renderer|lyric_rom:u_lyric_rom|char_out[3] ; CLOCK_50     ; CLOCK_50    ; 1.000        ; -0.014     ; 7.841      ;
; -6.809 ; vga_sync:u_vga_sync|v_count[6]                  ; text_renderer:u_text_renderer|lyric_rom:u_lyric_rom|char_out[6] ; CLOCK_50     ; CLOCK_50    ; 1.000        ; 0.006      ; 7.851      ;
; -6.809 ; vga_sync:u_vga_sync|v_count[6]                  ; text_renderer:u_text_renderer|lyric_rom:u_lyric_rom|char_out[5] ; CLOCK_50     ; CLOCK_50    ; 1.000        ; 0.006      ; 7.851      ;
; -6.790 ; vga_sync:u_vga_sync|h_count[7]                  ; text_renderer:u_text_renderer|lyric_rom:u_lyric_rom|char_out[6] ; CLOCK_50     ; CLOCK_50    ; 1.000        ; 0.005      ; 7.831      ;
; -6.790 ; vga_sync:u_vga_sync|h_count[7]                  ; text_renderer:u_text_renderer|lyric_rom:u_lyric_rom|char_out[5] ; CLOCK_50     ; CLOCK_50    ; 1.000        ; 0.005      ; 7.831      ;
; -6.785 ; vga_sync:u_vga_sync|v_count[6]                  ; text_renderer:u_text_renderer|lyric_rom:u_lyric_rom|char_out[3] ; CLOCK_50     ; CLOCK_50    ; 1.000        ; -0.014     ; 7.807      ;
; -6.766 ; vga_sync:u_vga_sync|h_count[7]                  ; text_renderer:u_text_renderer|lyric_rom:u_lyric_rom|char_out[3] ; CLOCK_50     ; CLOCK_50    ; 1.000        ; -0.015     ; 7.787      ;
; -6.748 ; lyric_controller:u_lyric_controller|line_reg[0] ; text_renderer:u_text_renderer|lyric_rom:u_lyric_rom|char_out[1] ; CLOCK_50     ; CLOCK_50    ; 1.000        ; 0.003      ; 7.787      ;
; -6.743 ; vga_sync:u_vga_sync|v_count[5]                  ; text_renderer:u_text_renderer|lyric_rom:u_lyric_rom|char_out[4] ; CLOCK_50     ; CLOCK_50    ; 1.000        ; 0.003      ; 7.782      ;
; -6.709 ; vga_sync:u_vga_sync|v_count[6]                  ; text_renderer:u_text_renderer|lyric_rom:u_lyric_rom|char_out[4] ; CLOCK_50     ; CLOCK_50    ; 1.000        ; 0.003      ; 7.748      ;
; -6.690 ; vga_sync:u_vga_sync|h_count[7]                  ; text_renderer:u_text_renderer|lyric_rom:u_lyric_rom|char_out[4] ; CLOCK_50     ; CLOCK_50    ; 1.000        ; 0.002      ; 7.728      ;
; -6.690 ; lyric_controller:u_lyric_controller|line_reg[2] ; text_renderer:u_text_renderer|lyric_rom:u_lyric_rom|char_out[0] ; CLOCK_50     ; CLOCK_50    ; 1.000        ; -0.004     ; 7.722      ;
; -6.624 ; lyric_controller:u_lyric_controller|line_reg[0] ; text_renderer:u_text_renderer|lyric_rom:u_lyric_rom|char_out[2] ; CLOCK_50     ; CLOCK_50    ; 1.000        ; -0.004     ; 7.656      ;
; -6.616 ; lyric_controller:u_lyric_controller|line_reg[3] ; text_renderer:u_text_renderer|lyric_rom:u_lyric_rom|char_out[0] ; CLOCK_50     ; CLOCK_50    ; 1.000        ; -0.004     ; 7.648      ;
; -6.571 ; lyric_controller:u_lyric_controller|line_reg[1] ; text_renderer:u_text_renderer|lyric_rom:u_lyric_rom|char_out[0] ; CLOCK_50     ; CLOCK_50    ; 1.000        ; -0.004     ; 7.603      ;
; -6.550 ; lyric_controller:u_lyric_controller|line_reg[0] ; text_renderer:u_text_renderer|lyric_rom:u_lyric_rom|char_out[6] ; CLOCK_50     ; CLOCK_50    ; 1.000        ; 0.005      ; 7.591      ;
; -6.550 ; lyric_controller:u_lyric_controller|line_reg[0] ; text_renderer:u_text_renderer|lyric_rom:u_lyric_rom|char_out[5] ; CLOCK_50     ; CLOCK_50    ; 1.000        ; 0.005      ; 7.591      ;
; -6.523 ; lyric_controller:u_lyric_controller|line_reg[2] ; text_renderer:u_text_renderer|lyric_rom:u_lyric_rom|char_out[1] ; CLOCK_50     ; CLOCK_50    ; 1.000        ; 0.003      ; 7.562      ;
; -6.514 ; lyric_controller:u_lyric_controller|line_reg[0] ; text_renderer:u_text_renderer|lyric_rom:u_lyric_rom|char_out[3] ; CLOCK_50     ; CLOCK_50    ; 1.000        ; -0.015     ; 7.535      ;
; -6.493 ; lyric_controller:u_lyric_controller|line_reg[0] ; text_renderer:u_text_renderer|lyric_rom:u_lyric_rom|char_out[4] ; CLOCK_50     ; CLOCK_50    ; 1.000        ; 0.002      ; 7.531      ;
; -6.482 ; lyric_controller:u_lyric_controller|line_reg[4] ; text_renderer:u_text_renderer|lyric_rom:u_lyric_rom|char_out[1] ; CLOCK_50     ; CLOCK_50    ; 1.000        ; 0.003      ; 7.521      ;
; -6.456 ; lyric_controller:u_lyric_controller|line_reg[4] ; text_renderer:u_text_renderer|lyric_rom:u_lyric_rom|char_out[0] ; CLOCK_50     ; CLOCK_50    ; 1.000        ; -0.004     ; 7.488      ;
; -6.449 ; lyric_controller:u_lyric_controller|line_reg[3] ; text_renderer:u_text_renderer|lyric_rom:u_lyric_rom|char_out[1] ; CLOCK_50     ; CLOCK_50    ; 1.000        ; 0.003      ; 7.488      ;
; -6.404 ; lyric_controller:u_lyric_controller|line_reg[1] ; text_renderer:u_text_renderer|lyric_rom:u_lyric_rom|char_out[1] ; CLOCK_50     ; CLOCK_50    ; 1.000        ; 0.003      ; 7.443      ;
; -6.399 ; lyric_controller:u_lyric_controller|line_reg[2] ; text_renderer:u_text_renderer|lyric_rom:u_lyric_rom|char_out[2] ; CLOCK_50     ; CLOCK_50    ; 1.000        ; -0.004     ; 7.431      ;
; -6.344 ; lyric_controller:u_lyric_controller|line_reg[4] ; text_renderer:u_text_renderer|lyric_rom:u_lyric_rom|char_out[6] ; CLOCK_50     ; CLOCK_50    ; 1.000        ; 0.005      ; 7.385      ;
; -6.344 ; lyric_controller:u_lyric_controller|line_reg[4] ; text_renderer:u_text_renderer|lyric_rom:u_lyric_rom|char_out[5] ; CLOCK_50     ; CLOCK_50    ; 1.000        ; 0.005      ; 7.385      ;
; -6.325 ; lyric_controller:u_lyric_controller|line_reg[3] ; text_renderer:u_text_renderer|lyric_rom:u_lyric_rom|char_out[2] ; CLOCK_50     ; CLOCK_50    ; 1.000        ; -0.004     ; 7.357      ;
; -6.325 ; lyric_controller:u_lyric_controller|line_reg[2] ; text_renderer:u_text_renderer|lyric_rom:u_lyric_rom|char_out[6] ; CLOCK_50     ; CLOCK_50    ; 1.000        ; 0.005      ; 7.366      ;
; -6.325 ; lyric_controller:u_lyric_controller|line_reg[2] ; text_renderer:u_text_renderer|lyric_rom:u_lyric_rom|char_out[5] ; CLOCK_50     ; CLOCK_50    ; 1.000        ; 0.005      ; 7.366      ;
; -6.289 ; lyric_controller:u_lyric_controller|line_reg[2] ; text_renderer:u_text_renderer|lyric_rom:u_lyric_rom|char_out[3] ; CLOCK_50     ; CLOCK_50    ; 1.000        ; -0.015     ; 7.310      ;
; -6.280 ; lyric_controller:u_lyric_controller|line_reg[1] ; text_renderer:u_text_renderer|lyric_rom:u_lyric_rom|char_out[2] ; CLOCK_50     ; CLOCK_50    ; 1.000        ; -0.004     ; 7.312      ;
; -6.268 ; lyric_controller:u_lyric_controller|line_reg[2] ; text_renderer:u_text_renderer|lyric_rom:u_lyric_rom|char_out[4] ; CLOCK_50     ; CLOCK_50    ; 1.000        ; 0.002      ; 7.306      ;
; -6.251 ; lyric_controller:u_lyric_controller|line_reg[3] ; text_renderer:u_text_renderer|lyric_rom:u_lyric_rom|char_out[6] ; CLOCK_50     ; CLOCK_50    ; 1.000        ; 0.005      ; 7.292      ;
; -6.251 ; lyric_controller:u_lyric_controller|line_reg[3] ; text_renderer:u_text_renderer|lyric_rom:u_lyric_rom|char_out[5] ; CLOCK_50     ; CLOCK_50    ; 1.000        ; 0.005      ; 7.292      ;
; -6.243 ; lyric_controller:u_lyric_controller|line_reg[4] ; text_renderer:u_text_renderer|lyric_rom:u_lyric_rom|char_out[4] ; CLOCK_50     ; CLOCK_50    ; 1.000        ; 0.002      ; 7.281      ;
; -6.215 ; lyric_controller:u_lyric_controller|line_reg[3] ; text_renderer:u_text_renderer|lyric_rom:u_lyric_rom|char_out[3] ; CLOCK_50     ; CLOCK_50    ; 1.000        ; -0.015     ; 7.236      ;
; -6.211 ; lyric_controller:u_lyric_controller|line_reg[4] ; text_renderer:u_text_renderer|lyric_rom:u_lyric_rom|char_out[3] ; CLOCK_50     ; CLOCK_50    ; 1.000        ; -0.015     ; 7.232      ;
; -6.206 ; lyric_controller:u_lyric_controller|line_reg[1] ; text_renderer:u_text_renderer|lyric_rom:u_lyric_rom|char_out[6] ; CLOCK_50     ; CLOCK_50    ; 1.000        ; 0.005      ; 7.247      ;
; -6.206 ; lyric_controller:u_lyric_controller|line_reg[1] ; text_renderer:u_text_renderer|lyric_rom:u_lyric_rom|char_out[5] ; CLOCK_50     ; CLOCK_50    ; 1.000        ; 0.005      ; 7.247      ;
; -6.170 ; lyric_controller:u_lyric_controller|line_reg[1] ; text_renderer:u_text_renderer|lyric_rom:u_lyric_rom|char_out[3] ; CLOCK_50     ; CLOCK_50    ; 1.000        ; -0.015     ; 7.191      ;
; -6.165 ; lyric_controller:u_lyric_controller|line_reg[4] ; text_renderer:u_text_renderer|lyric_rom:u_lyric_rom|char_out[2] ; CLOCK_50     ; CLOCK_50    ; 1.000        ; -0.004     ; 7.197      ;
; -6.151 ; lyric_controller:u_lyric_controller|line_reg[3] ; text_renderer:u_text_renderer|lyric_rom:u_lyric_rom|char_out[4] ; CLOCK_50     ; CLOCK_50    ; 1.000        ; 0.002      ; 7.189      ;
; -6.106 ; lyric_controller:u_lyric_controller|line_reg[1] ; text_renderer:u_text_renderer|lyric_rom:u_lyric_rom|char_out[4] ; CLOCK_50     ; CLOCK_50    ; 1.000        ; 0.002      ; 7.144      ;
; -5.709 ; vga_sync:u_vga_sync|h_count[5]                  ; text_renderer:u_text_renderer|lyric_rom:u_lyric_rom|char_out[1] ; CLOCK_50     ; CLOCK_50    ; 1.000        ; 0.003      ; 6.748      ;
; -5.595 ; vga_sync:u_vga_sync|h_count[5]                  ; text_renderer:u_text_renderer|lyric_rom:u_lyric_rom|char_out[6] ; CLOCK_50     ; CLOCK_50    ; 1.000        ; 0.005      ; 6.636      ;
; -5.595 ; vga_sync:u_vga_sync|h_count[5]                  ; text_renderer:u_text_renderer|lyric_rom:u_lyric_rom|char_out[5] ; CLOCK_50     ; CLOCK_50    ; 1.000        ; 0.005      ; 6.636      ;
; -5.295 ; vga_sync:u_vga_sync|h_count[4]                  ; text_renderer:u_text_renderer|lyric_rom:u_lyric_rom|char_out[6] ; CLOCK_50     ; CLOCK_50    ; 1.000        ; 0.005      ; 6.336      ;
; -5.295 ; vga_sync:u_vga_sync|h_count[4]                  ; text_renderer:u_text_renderer|lyric_rom:u_lyric_rom|char_out[5] ; CLOCK_50     ; CLOCK_50    ; 1.000        ; 0.005      ; 6.336      ;
; -5.286 ; vga_sync:u_vga_sync|h_count[5]                  ; text_renderer:u_text_renderer|lyric_rom:u_lyric_rom|char_out[3] ; CLOCK_50     ; CLOCK_50    ; 1.000        ; -0.015     ; 6.307      ;
; -5.264 ; vga_sync:u_vga_sync|h_count[4]                  ; text_renderer:u_text_renderer|lyric_rom:u_lyric_rom|char_out[2] ; CLOCK_50     ; CLOCK_50    ; 1.000        ; -0.004     ; 6.296      ;
; -5.146 ; i2s_receiver:u_i2s_rx|left_data[0]              ; i2s_transmitter:u_i2s_tx|tx_shift[7]                            ; CLOCK_50     ; CLOCK_50    ; 1.000        ; -0.046     ; 6.136      ;
; -5.146 ; i2s_receiver:u_i2s_rx|left_data[1]              ; i2s_transmitter:u_i2s_tx|tx_shift[7]                            ; CLOCK_50     ; CLOCK_50    ; 1.000        ; -0.046     ; 6.136      ;
+--------+-------------------------------------------------+-----------------------------------------------------------------+--------------+-------------+--------------+------------+------------+


+------------------------------------------------------------------------------------------------------------+
; Slow Model Setup: 'AUD_BCLK'                                                                               ;
+--------+--------------+--------------+--------------+-------------+--------------+------------+------------+
; Slack  ; From Node    ; To Node      ; Launch Clock ; Latch Clock ; Relationship ; Clock Skew ; Data Delay ;
+--------+--------------+--------------+--------------+-------------+--------------+------------+------------+
; -2.170 ; bclk_cnt[1]  ; bclk_cnt[23] ; AUD_BCLK     ; AUD_BCLK    ; 1.000        ; 0.016      ; 3.222      ;
; -2.130 ; bclk_cnt[0]  ; bclk_cnt[23] ; AUD_BCLK     ; AUD_BCLK    ; 1.000        ; 0.016      ; 3.182      ;
; -2.099 ; bclk_cnt[1]  ; bclk_cnt[22] ; AUD_BCLK     ; AUD_BCLK    ; 1.000        ; 0.016      ; 3.151      ;
; -2.099 ; bclk_cnt[2]  ; bclk_cnt[23] ; AUD_BCLK     ; AUD_BCLK    ; 1.000        ; 0.016      ; 3.151      ;
; -2.059 ; bclk_cnt[0]  ; bclk_cnt[22] ; AUD_BCLK     ; AUD_BCLK    ; 1.000        ; 0.016      ; 3.111      ;
; -2.028 ; bclk_cnt[1]  ; bclk_cnt[21] ; AUD_BCLK     ; AUD_BCLK    ; 1.000        ; 0.016      ; 3.080      ;
; -2.028 ; bclk_cnt[2]  ; bclk_cnt[22] ; AUD_BCLK     ; AUD_BCLK    ; 1.000        ; 0.016      ; 3.080      ;
; -1.989 ; bclk_cnt[3]  ; bclk_cnt[23] ; AUD_BCLK     ; AUD_BCLK    ; 1.000        ; 0.016      ; 3.041      ;
; -1.988 ; bclk_cnt[0]  ; bclk_cnt[21] ; AUD_BCLK     ; AUD_BCLK    ; 1.000        ; 0.016      ; 3.040      ;
; -1.957 ; bclk_cnt[1]  ; bclk_cnt[20] ; AUD_BCLK     ; AUD_BCLK    ; 1.000        ; 0.016      ; 3.009      ;
; -1.957 ; bclk_cnt[2]  ; bclk_cnt[21] ; AUD_BCLK     ; AUD_BCLK    ; 1.000        ; 0.016      ; 3.009      ;
; -1.918 ; bclk_cnt[3]  ; bclk_cnt[22] ; AUD_BCLK     ; AUD_BCLK    ; 1.000        ; 0.016      ; 2.970      ;
; -1.917 ; bclk_cnt[0]  ; bclk_cnt[20] ; AUD_BCLK     ; AUD_BCLK    ; 1.000        ; 0.016      ; 2.969      ;
; -1.886 ; bclk_cnt[2]  ; bclk_cnt[20] ; AUD_BCLK     ; AUD_BCLK    ; 1.000        ; 0.016      ; 2.938      ;
; -1.872 ; bclk_cnt[4]  ; bclk_cnt[23] ; AUD_BCLK     ; AUD_BCLK    ; 1.000        ; 0.016      ; 2.924      ;
; -1.847 ; bclk_cnt[3]  ; bclk_cnt[21] ; AUD_BCLK     ; AUD_BCLK    ; 1.000        ; 0.016      ; 2.899      ;
; -1.801 ; bclk_cnt[4]  ; bclk_cnt[22] ; AUD_BCLK     ; AUD_BCLK    ; 1.000        ; 0.016      ; 2.853      ;
; -1.798 ; bclk_cnt[1]  ; bclk_cnt[19] ; AUD_BCLK     ; AUD_BCLK    ; 1.000        ; 0.016      ; 2.850      ;
; -1.776 ; bclk_cnt[3]  ; bclk_cnt[20] ; AUD_BCLK     ; AUD_BCLK    ; 1.000        ; 0.016      ; 2.828      ;
; -1.761 ; bclk_cnt[5]  ; bclk_cnt[23] ; AUD_BCLK     ; AUD_BCLK    ; 1.000        ; 0.016      ; 2.813      ;
; -1.758 ; bclk_cnt[0]  ; bclk_cnt[19] ; AUD_BCLK     ; AUD_BCLK    ; 1.000        ; 0.016      ; 2.810      ;
; -1.730 ; bclk_cnt[6]  ; bclk_cnt[23] ; AUD_BCLK     ; AUD_BCLK    ; 1.000        ; 0.016      ; 2.782      ;
; -1.730 ; bclk_cnt[4]  ; bclk_cnt[21] ; AUD_BCLK     ; AUD_BCLK    ; 1.000        ; 0.016      ; 2.782      ;
; -1.727 ; bclk_cnt[1]  ; bclk_cnt[18] ; AUD_BCLK     ; AUD_BCLK    ; 1.000        ; 0.016      ; 2.779      ;
; -1.727 ; bclk_cnt[2]  ; bclk_cnt[19] ; AUD_BCLK     ; AUD_BCLK    ; 1.000        ; 0.016      ; 2.779      ;
; -1.690 ; bclk_cnt[5]  ; bclk_cnt[22] ; AUD_BCLK     ; AUD_BCLK    ; 1.000        ; 0.016      ; 2.742      ;
; -1.687 ; bclk_cnt[0]  ; bclk_cnt[18] ; AUD_BCLK     ; AUD_BCLK    ; 1.000        ; 0.016      ; 2.739      ;
; -1.659 ; bclk_cnt[6]  ; bclk_cnt[22] ; AUD_BCLK     ; AUD_BCLK    ; 1.000        ; 0.016      ; 2.711      ;
; -1.659 ; bclk_cnt[4]  ; bclk_cnt[20] ; AUD_BCLK     ; AUD_BCLK    ; 1.000        ; 0.016      ; 2.711      ;
; -1.656 ; bclk_cnt[1]  ; bclk_cnt[17] ; AUD_BCLK     ; AUD_BCLK    ; 1.000        ; 0.016      ; 2.708      ;
; -1.656 ; bclk_cnt[2]  ; bclk_cnt[18] ; AUD_BCLK     ; AUD_BCLK    ; 1.000        ; 0.016      ; 2.708      ;
; -1.620 ; bclk_cnt[7]  ; bclk_cnt[23] ; AUD_BCLK     ; AUD_BCLK    ; 1.000        ; 0.016      ; 2.672      ;
; -1.619 ; bclk_cnt[5]  ; bclk_cnt[21] ; AUD_BCLK     ; AUD_BCLK    ; 1.000        ; 0.016      ; 2.671      ;
; -1.617 ; bclk_cnt[3]  ; bclk_cnt[19] ; AUD_BCLK     ; AUD_BCLK    ; 1.000        ; 0.016      ; 2.669      ;
; -1.616 ; bclk_cnt[0]  ; bclk_cnt[17] ; AUD_BCLK     ; AUD_BCLK    ; 1.000        ; 0.016      ; 2.668      ;
; -1.588 ; bclk_cnt[8]  ; bclk_cnt[23] ; AUD_BCLK     ; AUD_BCLK    ; 1.000        ; 0.016      ; 2.640      ;
; -1.588 ; bclk_cnt[6]  ; bclk_cnt[21] ; AUD_BCLK     ; AUD_BCLK    ; 1.000        ; 0.016      ; 2.640      ;
; -1.585 ; bclk_cnt[1]  ; bclk_cnt[16] ; AUD_BCLK     ; AUD_BCLK    ; 1.000        ; 0.016      ; 2.637      ;
; -1.585 ; bclk_cnt[2]  ; bclk_cnt[17] ; AUD_BCLK     ; AUD_BCLK    ; 1.000        ; 0.016      ; 2.637      ;
; -1.549 ; bclk_cnt[7]  ; bclk_cnt[22] ; AUD_BCLK     ; AUD_BCLK    ; 1.000        ; 0.016      ; 2.601      ;
; -1.548 ; bclk_cnt[5]  ; bclk_cnt[20] ; AUD_BCLK     ; AUD_BCLK    ; 1.000        ; 0.016      ; 2.600      ;
; -1.546 ; bclk_cnt[3]  ; bclk_cnt[18] ; AUD_BCLK     ; AUD_BCLK    ; 1.000        ; 0.016      ; 2.598      ;
; -1.545 ; bclk_cnt[0]  ; bclk_cnt[16] ; AUD_BCLK     ; AUD_BCLK    ; 1.000        ; 0.016      ; 2.597      ;
; -1.517 ; bclk_cnt[8]  ; bclk_cnt[22] ; AUD_BCLK     ; AUD_BCLK    ; 1.000        ; 0.016      ; 2.569      ;
; -1.517 ; bclk_cnt[6]  ; bclk_cnt[20] ; AUD_BCLK     ; AUD_BCLK    ; 1.000        ; 0.016      ; 2.569      ;
; -1.514 ; bclk_cnt[1]  ; bclk_cnt[15] ; AUD_BCLK     ; AUD_BCLK    ; 1.000        ; 0.016      ; 2.566      ;
; -1.514 ; bclk_cnt[2]  ; bclk_cnt[16] ; AUD_BCLK     ; AUD_BCLK    ; 1.000        ; 0.016      ; 2.566      ;
; -1.500 ; bclk_cnt[4]  ; bclk_cnt[19] ; AUD_BCLK     ; AUD_BCLK    ; 1.000        ; 0.016      ; 2.552      ;
; -1.482 ; bclk_cnt[9]  ; bclk_cnt[23] ; AUD_BCLK     ; AUD_BCLK    ; 1.000        ; 0.016      ; 2.534      ;
; -1.478 ; bclk_cnt[7]  ; bclk_cnt[21] ; AUD_BCLK     ; AUD_BCLK    ; 1.000        ; 0.016      ; 2.530      ;
; -1.475 ; bclk_cnt[3]  ; bclk_cnt[17] ; AUD_BCLK     ; AUD_BCLK    ; 1.000        ; 0.016      ; 2.527      ;
; -1.474 ; bclk_cnt[0]  ; bclk_cnt[15] ; AUD_BCLK     ; AUD_BCLK    ; 1.000        ; 0.016      ; 2.526      ;
; -1.446 ; bclk_cnt[8]  ; bclk_cnt[21] ; AUD_BCLK     ; AUD_BCLK    ; 1.000        ; 0.016      ; 2.498      ;
; -1.443 ; bclk_cnt[1]  ; bclk_cnt[14] ; AUD_BCLK     ; AUD_BCLK    ; 1.000        ; 0.016      ; 2.495      ;
; -1.443 ; bclk_cnt[2]  ; bclk_cnt[15] ; AUD_BCLK     ; AUD_BCLK    ; 1.000        ; 0.016      ; 2.495      ;
; -1.429 ; bclk_cnt[4]  ; bclk_cnt[18] ; AUD_BCLK     ; AUD_BCLK    ; 1.000        ; 0.016      ; 2.481      ;
; -1.411 ; bclk_cnt[10] ; bclk_cnt[23] ; AUD_BCLK     ; AUD_BCLK    ; 1.000        ; 0.016      ; 2.463      ;
; -1.411 ; bclk_cnt[9]  ; bclk_cnt[22] ; AUD_BCLK     ; AUD_BCLK    ; 1.000        ; 0.016      ; 2.463      ;
; -1.407 ; bclk_cnt[7]  ; bclk_cnt[20] ; AUD_BCLK     ; AUD_BCLK    ; 1.000        ; 0.016      ; 2.459      ;
; -1.404 ; bclk_cnt[3]  ; bclk_cnt[16] ; AUD_BCLK     ; AUD_BCLK    ; 1.000        ; 0.016      ; 2.456      ;
; -1.403 ; bclk_cnt[0]  ; bclk_cnt[14] ; AUD_BCLK     ; AUD_BCLK    ; 1.000        ; 0.016      ; 2.455      ;
; -1.389 ; bclk_cnt[5]  ; bclk_cnt[19] ; AUD_BCLK     ; AUD_BCLK    ; 1.000        ; 0.016      ; 2.441      ;
; -1.375 ; bclk_cnt[8]  ; bclk_cnt[20] ; AUD_BCLK     ; AUD_BCLK    ; 1.000        ; 0.016      ; 2.427      ;
; -1.372 ; bclk_cnt[1]  ; bclk_cnt[13] ; AUD_BCLK     ; AUD_BCLK    ; 1.000        ; 0.016      ; 2.424      ;
; -1.372 ; bclk_cnt[2]  ; bclk_cnt[14] ; AUD_BCLK     ; AUD_BCLK    ; 1.000        ; 0.016      ; 2.424      ;
; -1.358 ; bclk_cnt[6]  ; bclk_cnt[19] ; AUD_BCLK     ; AUD_BCLK    ; 1.000        ; 0.016      ; 2.410      ;
; -1.358 ; bclk_cnt[4]  ; bclk_cnt[17] ; AUD_BCLK     ; AUD_BCLK    ; 1.000        ; 0.016      ; 2.410      ;
; -1.357 ; bclk_cnt[11] ; bclk_cnt[23] ; AUD_BCLK     ; AUD_BCLK    ; 1.000        ; 0.016      ; 2.409      ;
; -1.340 ; bclk_cnt[10] ; bclk_cnt[22] ; AUD_BCLK     ; AUD_BCLK    ; 1.000        ; 0.016      ; 2.392      ;
; -1.340 ; bclk_cnt[9]  ; bclk_cnt[21] ; AUD_BCLK     ; AUD_BCLK    ; 1.000        ; 0.016      ; 2.392      ;
; -1.333 ; bclk_cnt[3]  ; bclk_cnt[15] ; AUD_BCLK     ; AUD_BCLK    ; 1.000        ; 0.016      ; 2.385      ;
; -1.332 ; bclk_cnt[0]  ; bclk_cnt[13] ; AUD_BCLK     ; AUD_BCLK    ; 1.000        ; 0.016      ; 2.384      ;
; -1.318 ; bclk_cnt[5]  ; bclk_cnt[18] ; AUD_BCLK     ; AUD_BCLK    ; 1.000        ; 0.016      ; 2.370      ;
; -1.301 ; bclk_cnt[1]  ; bclk_cnt[12] ; AUD_BCLK     ; AUD_BCLK    ; 1.000        ; 0.016      ; 2.353      ;
; -1.301 ; bclk_cnt[2]  ; bclk_cnt[13] ; AUD_BCLK     ; AUD_BCLK    ; 1.000        ; 0.016      ; 2.353      ;
; -1.287 ; bclk_cnt[6]  ; bclk_cnt[18] ; AUD_BCLK     ; AUD_BCLK    ; 1.000        ; 0.016      ; 2.339      ;
; -1.287 ; bclk_cnt[4]  ; bclk_cnt[16] ; AUD_BCLK     ; AUD_BCLK    ; 1.000        ; 0.016      ; 2.339      ;
; -1.286 ; bclk_cnt[11] ; bclk_cnt[22] ; AUD_BCLK     ; AUD_BCLK    ; 1.000        ; 0.016      ; 2.338      ;
; -1.269 ; bclk_cnt[10] ; bclk_cnt[21] ; AUD_BCLK     ; AUD_BCLK    ; 1.000        ; 0.016      ; 2.321      ;
; -1.269 ; bclk_cnt[9]  ; bclk_cnt[20] ; AUD_BCLK     ; AUD_BCLK    ; 1.000        ; 0.016      ; 2.321      ;
; -1.262 ; bclk_cnt[3]  ; bclk_cnt[14] ; AUD_BCLK     ; AUD_BCLK    ; 1.000        ; 0.016      ; 2.314      ;
; -1.261 ; bclk_cnt[0]  ; bclk_cnt[12] ; AUD_BCLK     ; AUD_BCLK    ; 1.000        ; 0.016      ; 2.313      ;
; -1.248 ; bclk_cnt[7]  ; bclk_cnt[19] ; AUD_BCLK     ; AUD_BCLK    ; 1.000        ; 0.016      ; 2.300      ;
; -1.247 ; bclk_cnt[5]  ; bclk_cnt[17] ; AUD_BCLK     ; AUD_BCLK    ; 1.000        ; 0.016      ; 2.299      ;
; -1.230 ; bclk_cnt[2]  ; bclk_cnt[12] ; AUD_BCLK     ; AUD_BCLK    ; 1.000        ; 0.016      ; 2.282      ;
; -1.216 ; bclk_cnt[8]  ; bclk_cnt[19] ; AUD_BCLK     ; AUD_BCLK    ; 1.000        ; 0.016      ; 2.268      ;
; -1.216 ; bclk_cnt[6]  ; bclk_cnt[17] ; AUD_BCLK     ; AUD_BCLK    ; 1.000        ; 0.016      ; 2.268      ;
; -1.216 ; bclk_cnt[4]  ; bclk_cnt[15] ; AUD_BCLK     ; AUD_BCLK    ; 1.000        ; 0.016      ; 2.268      ;
; -1.215 ; bclk_cnt[11] ; bclk_cnt[21] ; AUD_BCLK     ; AUD_BCLK    ; 1.000        ; 0.016      ; 2.267      ;
; -1.199 ; bclk_cnt[12] ; bclk_cnt[23] ; AUD_BCLK     ; AUD_BCLK    ; 1.000        ; 0.000      ; 2.235      ;
; -1.198 ; bclk_cnt[10] ; bclk_cnt[20] ; AUD_BCLK     ; AUD_BCLK    ; 1.000        ; 0.016      ; 2.250      ;
; -1.191 ; bclk_cnt[3]  ; bclk_cnt[13] ; AUD_BCLK     ; AUD_BCLK    ; 1.000        ; 0.016      ; 2.243      ;
; -1.177 ; bclk_cnt[7]  ; bclk_cnt[18] ; AUD_BCLK     ; AUD_BCLK    ; 1.000        ; 0.016      ; 2.229      ;
; -1.176 ; bclk_cnt[5]  ; bclk_cnt[16] ; AUD_BCLK     ; AUD_BCLK    ; 1.000        ; 0.016      ; 2.228      ;
; -1.171 ; bclk_cnt[1]  ; bclk_cnt[11] ; AUD_BCLK     ; AUD_BCLK    ; 1.000        ; 0.000      ; 2.207      ;
; -1.145 ; bclk_cnt[8]  ; bclk_cnt[18] ; AUD_BCLK     ; AUD_BCLK    ; 1.000        ; 0.016      ; 2.197      ;
; -1.145 ; bclk_cnt[6]  ; bclk_cnt[16] ; AUD_BCLK     ; AUD_BCLK    ; 1.000        ; 0.016      ; 2.197      ;
; -1.145 ; bclk_cnt[4]  ; bclk_cnt[14] ; AUD_BCLK     ; AUD_BCLK    ; 1.000        ; 0.016      ; 2.197      ;
; -1.144 ; bclk_cnt[11] ; bclk_cnt[20] ; AUD_BCLK     ; AUD_BCLK    ; 1.000        ; 0.016      ; 2.196      ;
; -1.137 ; bclk_cnt[13] ; bclk_cnt[23] ; AUD_BCLK     ; AUD_BCLK    ; 1.000        ; 0.000      ; 2.173      ;
+--------+--------------+--------------+--------------+-------------+--------------+------------+------------+


+------------------------------------------------------------------------------------------------------------+
; Slow Model Setup: 'AUD_DACLRCK'                                                                            ;
+--------+--------------+--------------+--------------+-------------+--------------+------------+------------+
; Slack  ; From Node    ; To Node      ; Launch Clock ; Latch Clock ; Relationship ; Clock Skew ; Data Delay ;
+--------+--------------+--------------+--------------+-------------+--------------+------------+------------+
; -1.590 ; lrck_cnt[0]  ; lrck_cnt[15] ; AUD_DACLRCK  ; AUD_DACLRCK ; 1.000        ; 0.000      ; 2.626      ;
; -1.519 ; lrck_cnt[0]  ; lrck_cnt[14] ; AUD_DACLRCK  ; AUD_DACLRCK ; 1.000        ; 0.000      ; 2.555      ;
; -1.448 ; lrck_cnt[0]  ; lrck_cnt[13] ; AUD_DACLRCK  ; AUD_DACLRCK ; 1.000        ; 0.000      ; 2.484      ;
; -1.412 ; lrck_cnt[1]  ; lrck_cnt[15] ; AUD_DACLRCK  ; AUD_DACLRCK ; 1.000        ; 0.000      ; 2.448      ;
; -1.386 ; lrck_cnt[4]  ; lrck_cnt[15] ; AUD_DACLRCK  ; AUD_DACLRCK ; 1.000        ; 0.000      ; 2.422      ;
; -1.377 ; lrck_cnt[0]  ; lrck_cnt[12] ; AUD_DACLRCK  ; AUD_DACLRCK ; 1.000        ; 0.000      ; 2.413      ;
; -1.351 ; lrck_cnt[2]  ; lrck_cnt[15] ; AUD_DACLRCK  ; AUD_DACLRCK ; 1.000        ; 0.000      ; 2.387      ;
; -1.341 ; lrck_cnt[1]  ; lrck_cnt[14] ; AUD_DACLRCK  ; AUD_DACLRCK ; 1.000        ; 0.000      ; 2.377      ;
; -1.315 ; lrck_cnt[4]  ; lrck_cnt[14] ; AUD_DACLRCK  ; AUD_DACLRCK ; 1.000        ; 0.000      ; 2.351      ;
; -1.306 ; lrck_cnt[0]  ; lrck_cnt[11] ; AUD_DACLRCK  ; AUD_DACLRCK ; 1.000        ; 0.000      ; 2.342      ;
; -1.281 ; lrck_cnt[3]  ; lrck_cnt[15] ; AUD_DACLRCK  ; AUD_DACLRCK ; 1.000        ; 0.000      ; 2.317      ;
; -1.280 ; lrck_cnt[2]  ; lrck_cnt[14] ; AUD_DACLRCK  ; AUD_DACLRCK ; 1.000        ; 0.000      ; 2.316      ;
; -1.270 ; lrck_cnt[1]  ; lrck_cnt[13] ; AUD_DACLRCK  ; AUD_DACLRCK ; 1.000        ; 0.000      ; 2.306      ;
; -1.244 ; lrck_cnt[4]  ; lrck_cnt[13] ; AUD_DACLRCK  ; AUD_DACLRCK ; 1.000        ; 0.000      ; 2.280      ;
; -1.242 ; lrck_cnt[6]  ; lrck_cnt[15] ; AUD_DACLRCK  ; AUD_DACLRCK ; 1.000        ; 0.000      ; 2.278      ;
; -1.235 ; lrck_cnt[0]  ; lrck_cnt[10] ; AUD_DACLRCK  ; AUD_DACLRCK ; 1.000        ; 0.000      ; 2.271      ;
; -1.210 ; lrck_cnt[3]  ; lrck_cnt[14] ; AUD_DACLRCK  ; AUD_DACLRCK ; 1.000        ; 0.000      ; 2.246      ;
; -1.209 ; lrck_cnt[2]  ; lrck_cnt[13] ; AUD_DACLRCK  ; AUD_DACLRCK ; 1.000        ; 0.000      ; 2.245      ;
; -1.199 ; lrck_cnt[1]  ; lrck_cnt[12] ; AUD_DACLRCK  ; AUD_DACLRCK ; 1.000        ; 0.000      ; 2.235      ;
; -1.173 ; lrck_cnt[4]  ; lrck_cnt[12] ; AUD_DACLRCK  ; AUD_DACLRCK ; 1.000        ; 0.000      ; 2.209      ;
; -1.171 ; lrck_cnt[6]  ; lrck_cnt[14] ; AUD_DACLRCK  ; AUD_DACLRCK ; 1.000        ; 0.000      ; 2.207      ;
; -1.164 ; lrck_cnt[0]  ; lrck_cnt[9]  ; AUD_DACLRCK  ; AUD_DACLRCK ; 1.000        ; 0.000      ; 2.200      ;
; -1.139 ; lrck_cnt[5]  ; lrck_cnt[15] ; AUD_DACLRCK  ; AUD_DACLRCK ; 1.000        ; 0.000      ; 2.175      ;
; -1.139 ; lrck_cnt[3]  ; lrck_cnt[13] ; AUD_DACLRCK  ; AUD_DACLRCK ; 1.000        ; 0.000      ; 2.175      ;
; -1.138 ; lrck_cnt[2]  ; lrck_cnt[12] ; AUD_DACLRCK  ; AUD_DACLRCK ; 1.000        ; 0.000      ; 2.174      ;
; -1.128 ; lrck_cnt[1]  ; lrck_cnt[11] ; AUD_DACLRCK  ; AUD_DACLRCK ; 1.000        ; 0.000      ; 2.164      ;
; -1.102 ; lrck_cnt[4]  ; lrck_cnt[11] ; AUD_DACLRCK  ; AUD_DACLRCK ; 1.000        ; 0.000      ; 2.138      ;
; -1.100 ; lrck_cnt[6]  ; lrck_cnt[13] ; AUD_DACLRCK  ; AUD_DACLRCK ; 1.000        ; 0.000      ; 2.136      ;
; -1.068 ; lrck_cnt[5]  ; lrck_cnt[14] ; AUD_DACLRCK  ; AUD_DACLRCK ; 1.000        ; 0.000      ; 2.104      ;
; -1.068 ; lrck_cnt[3]  ; lrck_cnt[12] ; AUD_DACLRCK  ; AUD_DACLRCK ; 1.000        ; 0.000      ; 2.104      ;
; -1.067 ; lrck_cnt[2]  ; lrck_cnt[11] ; AUD_DACLRCK  ; AUD_DACLRCK ; 1.000        ; 0.000      ; 2.103      ;
; -1.057 ; lrck_cnt[1]  ; lrck_cnt[10] ; AUD_DACLRCK  ; AUD_DACLRCK ; 1.000        ; 0.000      ; 2.093      ;
; -1.031 ; lrck_cnt[4]  ; lrck_cnt[10] ; AUD_DACLRCK  ; AUD_DACLRCK ; 1.000        ; 0.000      ; 2.067      ;
; -1.029 ; lrck_cnt[6]  ; lrck_cnt[12] ; AUD_DACLRCK  ; AUD_DACLRCK ; 1.000        ; 0.000      ; 2.065      ;
; -1.022 ; lrck_cnt[7]  ; lrck_cnt[15] ; AUD_DACLRCK  ; AUD_DACLRCK ; 1.000        ; 0.000      ; 2.058      ;
; -1.005 ; lrck_cnt[0]  ; lrck_cnt[8]  ; AUD_DACLRCK  ; AUD_DACLRCK ; 1.000        ; 0.000      ; 2.041      ;
; -0.997 ; lrck_cnt[5]  ; lrck_cnt[13] ; AUD_DACLRCK  ; AUD_DACLRCK ; 1.000        ; 0.000      ; 2.033      ;
; -0.997 ; lrck_cnt[3]  ; lrck_cnt[11] ; AUD_DACLRCK  ; AUD_DACLRCK ; 1.000        ; 0.000      ; 2.033      ;
; -0.996 ; lrck_cnt[2]  ; lrck_cnt[10] ; AUD_DACLRCK  ; AUD_DACLRCK ; 1.000        ; 0.000      ; 2.032      ;
; -0.986 ; lrck_cnt[1]  ; lrck_cnt[9]  ; AUD_DACLRCK  ; AUD_DACLRCK ; 1.000        ; 0.000      ; 2.022      ;
; -0.960 ; lrck_cnt[4]  ; lrck_cnt[9]  ; AUD_DACLRCK  ; AUD_DACLRCK ; 1.000        ; 0.000      ; 1.996      ;
; -0.958 ; lrck_cnt[6]  ; lrck_cnt[11] ; AUD_DACLRCK  ; AUD_DACLRCK ; 1.000        ; 0.000      ; 1.994      ;
; -0.951 ; lrck_cnt[7]  ; lrck_cnt[14] ; AUD_DACLRCK  ; AUD_DACLRCK ; 1.000        ; 0.000      ; 1.987      ;
; -0.934 ; lrck_cnt[0]  ; lrck_cnt[7]  ; AUD_DACLRCK  ; AUD_DACLRCK ; 1.000        ; 0.000      ; 1.970      ;
; -0.930 ; lrck_cnt[8]  ; lrck_cnt[15] ; AUD_DACLRCK  ; AUD_DACLRCK ; 1.000        ; 0.000      ; 1.966      ;
; -0.926 ; lrck_cnt[5]  ; lrck_cnt[12] ; AUD_DACLRCK  ; AUD_DACLRCK ; 1.000        ; 0.000      ; 1.962      ;
; -0.926 ; lrck_cnt[3]  ; lrck_cnt[10] ; AUD_DACLRCK  ; AUD_DACLRCK ; 1.000        ; 0.000      ; 1.962      ;
; -0.925 ; lrck_cnt[2]  ; lrck_cnt[9]  ; AUD_DACLRCK  ; AUD_DACLRCK ; 1.000        ; 0.000      ; 1.961      ;
; -0.887 ; lrck_cnt[6]  ; lrck_cnt[10] ; AUD_DACLRCK  ; AUD_DACLRCK ; 1.000        ; 0.000      ; 1.923      ;
; -0.880 ; lrck_cnt[7]  ; lrck_cnt[13] ; AUD_DACLRCK  ; AUD_DACLRCK ; 1.000        ; 0.000      ; 1.916      ;
; -0.863 ; lrck_cnt[0]  ; lrck_cnt[6]  ; AUD_DACLRCK  ; AUD_DACLRCK ; 1.000        ; 0.000      ; 1.899      ;
; -0.859 ; lrck_cnt[8]  ; lrck_cnt[14] ; AUD_DACLRCK  ; AUD_DACLRCK ; 1.000        ; 0.000      ; 1.895      ;
; -0.855 ; lrck_cnt[5]  ; lrck_cnt[11] ; AUD_DACLRCK  ; AUD_DACLRCK ; 1.000        ; 0.000      ; 1.891      ;
; -0.855 ; lrck_cnt[3]  ; lrck_cnt[9]  ; AUD_DACLRCK  ; AUD_DACLRCK ; 1.000        ; 0.000      ; 1.891      ;
; -0.827 ; lrck_cnt[1]  ; lrck_cnt[8]  ; AUD_DACLRCK  ; AUD_DACLRCK ; 1.000        ; 0.000      ; 1.863      ;
; -0.816 ; lrck_cnt[6]  ; lrck_cnt[9]  ; AUD_DACLRCK  ; AUD_DACLRCK ; 1.000        ; 0.000      ; 1.852      ;
; -0.809 ; lrck_cnt[7]  ; lrck_cnt[12] ; AUD_DACLRCK  ; AUD_DACLRCK ; 1.000        ; 0.000      ; 1.845      ;
; -0.802 ; lrck_cnt[9]  ; lrck_cnt[15] ; AUD_DACLRCK  ; AUD_DACLRCK ; 1.000        ; 0.000      ; 1.838      ;
; -0.801 ; lrck_cnt[4]  ; lrck_cnt[8]  ; AUD_DACLRCK  ; AUD_DACLRCK ; 1.000        ; 0.000      ; 1.837      ;
; -0.792 ; lrck_cnt[0]  ; lrck_cnt[5]  ; AUD_DACLRCK  ; AUD_DACLRCK ; 1.000        ; 0.000      ; 1.828      ;
; -0.788 ; lrck_cnt[8]  ; lrck_cnt[13] ; AUD_DACLRCK  ; AUD_DACLRCK ; 1.000        ; 0.000      ; 1.824      ;
; -0.784 ; lrck_cnt[5]  ; lrck_cnt[10] ; AUD_DACLRCK  ; AUD_DACLRCK ; 1.000        ; 0.000      ; 1.820      ;
; -0.766 ; lrck_cnt[2]  ; lrck_cnt[8]  ; AUD_DACLRCK  ; AUD_DACLRCK ; 1.000        ; 0.000      ; 1.802      ;
; -0.756 ; lrck_cnt[1]  ; lrck_cnt[7]  ; AUD_DACLRCK  ; AUD_DACLRCK ; 1.000        ; 0.000      ; 1.792      ;
; -0.738 ; lrck_cnt[7]  ; lrck_cnt[11] ; AUD_DACLRCK  ; AUD_DACLRCK ; 1.000        ; 0.000      ; 1.774      ;
; -0.731 ; lrck_cnt[9]  ; lrck_cnt[14] ; AUD_DACLRCK  ; AUD_DACLRCK ; 1.000        ; 0.000      ; 1.767      ;
; -0.730 ; lrck_cnt[4]  ; lrck_cnt[7]  ; AUD_DACLRCK  ; AUD_DACLRCK ; 1.000        ; 0.000      ; 1.766      ;
; -0.721 ; lrck_cnt[0]  ; lrck_cnt[4]  ; AUD_DACLRCK  ; AUD_DACLRCK ; 1.000        ; 0.000      ; 1.757      ;
; -0.717 ; lrck_cnt[8]  ; lrck_cnt[12] ; AUD_DACLRCK  ; AUD_DACLRCK ; 1.000        ; 0.000      ; 1.753      ;
; -0.713 ; lrck_cnt[5]  ; lrck_cnt[9]  ; AUD_DACLRCK  ; AUD_DACLRCK ; 1.000        ; 0.000      ; 1.749      ;
; -0.696 ; lrck_cnt[10] ; lrck_cnt[15] ; AUD_DACLRCK  ; AUD_DACLRCK ; 1.000        ; 0.000      ; 1.732      ;
; -0.696 ; lrck_cnt[3]  ; lrck_cnt[8]  ; AUD_DACLRCK  ; AUD_DACLRCK ; 1.000        ; 0.000      ; 1.732      ;
; -0.695 ; lrck_cnt[2]  ; lrck_cnt[7]  ; AUD_DACLRCK  ; AUD_DACLRCK ; 1.000        ; 0.000      ; 1.731      ;
; -0.685 ; lrck_cnt[1]  ; lrck_cnt[6]  ; AUD_DACLRCK  ; AUD_DACLRCK ; 1.000        ; 0.000      ; 1.721      ;
; -0.667 ; lrck_cnt[7]  ; lrck_cnt[10] ; AUD_DACLRCK  ; AUD_DACLRCK ; 1.000        ; 0.000      ; 1.703      ;
; -0.660 ; lrck_cnt[11] ; lrck_cnt[15] ; AUD_DACLRCK  ; AUD_DACLRCK ; 1.000        ; 0.000      ; 1.696      ;
; -0.660 ; lrck_cnt[9]  ; lrck_cnt[13] ; AUD_DACLRCK  ; AUD_DACLRCK ; 1.000        ; 0.000      ; 1.696      ;
; -0.659 ; lrck_cnt[4]  ; lrck_cnt[6]  ; AUD_DACLRCK  ; AUD_DACLRCK ; 1.000        ; 0.000      ; 1.695      ;
; -0.657 ; lrck_cnt[6]  ; lrck_cnt[8]  ; AUD_DACLRCK  ; AUD_DACLRCK ; 1.000        ; 0.000      ; 1.693      ;
; -0.650 ; lrck_cnt[0]  ; lrck_cnt[3]  ; AUD_DACLRCK  ; AUD_DACLRCK ; 1.000        ; 0.000      ; 1.686      ;
; -0.646 ; lrck_cnt[8]  ; lrck_cnt[11] ; AUD_DACLRCK  ; AUD_DACLRCK ; 1.000        ; 0.000      ; 1.682      ;
; -0.625 ; lrck_cnt[10] ; lrck_cnt[14] ; AUD_DACLRCK  ; AUD_DACLRCK ; 1.000        ; 0.000      ; 1.661      ;
; -0.625 ; lrck_cnt[3]  ; lrck_cnt[7]  ; AUD_DACLRCK  ; AUD_DACLRCK ; 1.000        ; 0.000      ; 1.661      ;
; -0.624 ; lrck_cnt[2]  ; lrck_cnt[6]  ; AUD_DACLRCK  ; AUD_DACLRCK ; 1.000        ; 0.000      ; 1.660      ;
; -0.614 ; lrck_cnt[1]  ; lrck_cnt[5]  ; AUD_DACLRCK  ; AUD_DACLRCK ; 1.000        ; 0.000      ; 1.650      ;
; -0.596 ; lrck_cnt[7]  ; lrck_cnt[9]  ; AUD_DACLRCK  ; AUD_DACLRCK ; 1.000        ; 0.000      ; 1.632      ;
; -0.589 ; lrck_cnt[11] ; lrck_cnt[14] ; AUD_DACLRCK  ; AUD_DACLRCK ; 1.000        ; 0.000      ; 1.625      ;
; -0.589 ; lrck_cnt[9]  ; lrck_cnt[12] ; AUD_DACLRCK  ; AUD_DACLRCK ; 1.000        ; 0.000      ; 1.625      ;
; -0.588 ; lrck_cnt[4]  ; lrck_cnt[5]  ; AUD_DACLRCK  ; AUD_DACLRCK ; 1.000        ; 0.000      ; 1.624      ;
; -0.586 ; lrck_cnt[6]  ; lrck_cnt[7]  ; AUD_DACLRCK  ; AUD_DACLRCK ; 1.000        ; 0.000      ; 1.622      ;
; -0.579 ; lrck_cnt[0]  ; lrck_cnt[2]  ; AUD_DACLRCK  ; AUD_DACLRCK ; 1.000        ; 0.000      ; 1.615      ;
; -0.575 ; lrck_cnt[8]  ; lrck_cnt[10] ; AUD_DACLRCK  ; AUD_DACLRCK ; 1.000        ; 0.000      ; 1.611      ;
; -0.554 ; lrck_cnt[12] ; lrck_cnt[15] ; AUD_DACLRCK  ; AUD_DACLRCK ; 1.000        ; 0.000      ; 1.590      ;
; -0.554 ; lrck_cnt[10] ; lrck_cnt[13] ; AUD_DACLRCK  ; AUD_DACLRCK ; 1.000        ; 0.000      ; 1.590      ;
; -0.554 ; lrck_cnt[5]  ; lrck_cnt[8]  ; AUD_DACLRCK  ; AUD_DACLRCK ; 1.000        ; 0.000      ; 1.590      ;
; -0.554 ; lrck_cnt[3]  ; lrck_cnt[6]  ; AUD_DACLRCK  ; AUD_DACLRCK ; 1.000        ; 0.000      ; 1.590      ;
; -0.553 ; lrck_cnt[2]  ; lrck_cnt[5]  ; AUD_DACLRCK  ; AUD_DACLRCK ; 1.000        ; 0.000      ; 1.589      ;
; -0.543 ; lrck_cnt[1]  ; lrck_cnt[4]  ; AUD_DACLRCK  ; AUD_DACLRCK ; 1.000        ; 0.000      ; 1.579      ;
; -0.518 ; lrck_cnt[13] ; lrck_cnt[15] ; AUD_DACLRCK  ; AUD_DACLRCK ; 1.000        ; 0.000      ; 1.554      ;
; -0.518 ; lrck_cnt[11] ; lrck_cnt[13] ; AUD_DACLRCK  ; AUD_DACLRCK ; 1.000        ; 0.000      ; 1.554      ;
+--------+--------------+--------------+--------------+-------------+--------------+------------+------------+


+------------------------------------------------------------------------------------------------------------------------------------------------------------------------------------------------------------------------------------------------------------------------+
; Slow Model Hold: 'CLOCK_50'                                                                                                                                                                                                                                            ;
+-------+--------------------------------------------------+---------------------------------------------------------------------------------------------------------------------------------------+--------------+-------------+--------------+------------+------------+
; Slack ; From Node                                        ; To Node                                                                                                                               ; Launch Clock ; Latch Clock ; Relationship ; Clock Skew ; Data Delay ;
+-------+--------------------------------------------------+---------------------------------------------------------------------------------------------------------------------------------------+--------------+-------------+--------------+------------+------------+
; 0.143 ; AUD_DACLRCK                                      ; i2s_transmitter:u_i2s_tx|lr_r1                                                                                                        ; AUD_DACLRCK  ; CLOCK_50    ; 0.000        ; 2.681      ; 3.090      ;
; 0.227 ; AUD_BCLK                                         ; i2s_transmitter:u_i2s_tx|bclk_r1                                                                                                      ; AUD_BCLK     ; CLOCK_50    ; 0.000        ; 2.682      ; 3.175      ;
; 0.391 ; audio_pll:u_audio_pll|lock_cnt[0]                ; audio_pll:u_audio_pll|lock_cnt[0]                                                                                                     ; CLOCK_50     ; CLOCK_50    ; 0.000        ; 0.000      ; 0.657      ;
; 0.391 ; audio_pll:u_audio_pll|locked                     ; audio_pll:u_audio_pll|locked                                                                                                          ; CLOCK_50     ; CLOCK_50    ; 0.000        ; 0.000      ; 0.657      ;
; 0.391 ; valid_cnt[0]                                     ; valid_cnt[0]                                                                                                                          ; CLOCK_50     ; CLOCK_50    ; 0.000        ; 0.000      ; 0.657      ;
; 0.391 ; i2s_transmitter:u_i2s_tx|first_bit               ; i2s_transmitter:u_i2s_tx|first_bit                                                                                                    ; CLOCK_50     ; CLOCK_50    ; 0.000        ; 0.000      ; 0.657      ;
; 0.391 ; i2s_transmitter:u_i2s_tx|bit_cnt[4]              ; i2s_transmitter:u_i2s_tx|bit_cnt[4]                                                                                                   ; CLOCK_50     ; CLOCK_50    ; 0.000        ; 0.000      ; 0.657      ;
; 0.391 ; i2s_receiver:u_i2s_rx|skip_first                 ; i2s_receiver:u_i2s_rx|skip_first                                                                                                      ; CLOCK_50     ; CLOCK_50    ; 0.000        ; 0.000      ; 0.657      ;
; 0.391 ; i2s_receiver:u_i2s_rx|bit_cnt[4]                 ; i2s_receiver:u_i2s_rx|bit_cnt[4]                                                                                                      ; CLOCK_50     ; CLOCK_50    ; 0.000        ; 0.000      ; 0.657      ;
; 0.391 ; mute                                             ; mute                                                                                                                                  ; CLOCK_50     ; CLOCK_50    ; 0.000        ; 0.000      ; 0.657      ;
; 0.391 ; vga_sync:u_vga_sync|pixel_q                      ; vga_sync:u_vga_sync|pixel_q                                                                                                           ; CLOCK_50     ; CLOCK_50    ; 0.000        ; 0.000      ; 0.657      ;
; 0.391 ; audio_pll:u_audio_pll|div_cnt[1]                 ; audio_pll:u_audio_pll|div_cnt[1]                                                                                                      ; CLOCK_50     ; CLOCK_50    ; 0.000        ; 0.000      ; 0.657      ;
; 0.391 ; i2c_av_config:u_i2c_cfg|reg_idx[2]               ; i2c_av_config:u_i2c_cfg|reg_idx[2]                                                                                                    ; CLOCK_50     ; CLOCK_50    ; 0.000        ; 0.000      ; 0.657      ;
; 0.391 ; i2c_av_config:u_i2c_cfg|reg_idx[3]               ; i2c_av_config:u_i2c_cfg|reg_idx[3]                                                                                                    ; CLOCK_50     ; CLOCK_50    ; 0.000        ; 0.000      ; 0.657      ;
; 0.391 ; i2c_av_config:u_i2c_cfg|byte_idx[0]              ; i2c_av_config:u_i2c_cfg|byte_idx[0]                                                                                                   ; CLOCK_50     ; CLOCK_50    ; 0.000        ; 0.000      ; 0.657      ;
; 0.391 ; i2c_av_config:u_i2c_cfg|bit_idx[1]               ; i2c_av_config:u_i2c_cfg|bit_idx[1]                                                                                                    ; CLOCK_50     ; CLOCK_50    ; 0.000        ; 0.000      ; 0.657      ;
; 0.391 ; i2c_av_config:u_i2c_cfg|bit_idx[2]               ; i2c_av_config:u_i2c_cfg|bit_idx[2]                                                                                                    ; CLOCK_50     ; CLOCK_50    ; 0.000        ; 0.000      ; 0.657      ;
; 0.391 ; i2c_av_config:u_i2c_cfg|bit_idx[0]               ; i2c_av_config:u_i2c_cfg|bit_idx[0]                                                                                                    ; CLOCK_50     ; CLOCK_50    ; 0.000        ; 0.000      ; 0.657      ;
; 0.391 ; i2c_av_config:u_i2c_cfg|dly[0]                   ; i2c_av_config:u_i2c_cfg|dly[0]                                                                                                        ; CLOCK_50     ; CLOCK_50    ; 0.000        ; 0.000      ; 0.657      ;
; 0.391 ; i2c_av_config:u_i2c_cfg|scl_ph                   ; i2c_av_config:u_i2c_cfg|scl_ph                                                                                                        ; CLOCK_50     ; CLOCK_50    ; 0.000        ; 0.000      ; 0.657      ;
; 0.391 ; i2c_av_config:u_i2c_cfg|reg_idx[0]               ; i2c_av_config:u_i2c_cfg|reg_idx[0]                                                                                                    ; CLOCK_50     ; CLOCK_50    ; 0.000        ; 0.000      ; 0.657      ;
; 0.391 ; i2c_av_config:u_i2c_cfg|reg_idx[1]               ; i2c_av_config:u_i2c_cfg|reg_idx[1]                                                                                                    ; CLOCK_50     ; CLOCK_50    ; 0.000        ; 0.000      ; 0.657      ;
; 0.391 ; i2c_av_config:u_i2c_cfg|byte_idx[1]              ; i2c_av_config:u_i2c_cfg|byte_idx[1]                                                                                                   ; CLOCK_50     ; CLOCK_50    ; 0.000        ; 0.000      ; 0.657      ;
; 0.391 ; audio_pll:u_audio_pll|c0                         ; audio_pll:u_audio_pll|c0                                                                                                              ; CLOCK_50     ; CLOCK_50    ; 0.000        ; 0.000      ; 0.657      ;
; 0.391 ; i2s_transmitter:u_i2s_tx|sdata                   ; i2s_transmitter:u_i2s_tx|sdata                                                                                                        ; CLOCK_50     ; CLOCK_50    ; 0.000        ; 0.000      ; 0.657      ;
; 0.391 ; i2c_av_config:u_i2c_cfg|tx_byte[0]               ; i2c_av_config:u_i2c_cfg|tx_byte[0]                                                                                                    ; CLOCK_50     ; CLOCK_50    ; 0.000        ; 0.000      ; 0.657      ;
; 0.518 ; text_renderer:u_text_renderer|in_lyric_d1        ; text_renderer:u_text_renderer|in_lyric_d2                                                                                             ; CLOCK_50     ; CLOCK_50    ; 0.000        ; 0.000      ; 0.784      ;
; 0.519 ; text_renderer:u_text_renderer|video_on_d1        ; text_renderer:u_text_renderer|video_on_d2                                                                                             ; CLOCK_50     ; CLOCK_50    ; 0.000        ; 0.000      ; 0.785      ;
; 0.521 ; lyric_controller:u_lyric_controller|auto_cnt[27] ; lyric_controller:u_lyric_controller|auto_cnt[27]                                                                                      ; CLOCK_50     ; CLOCK_50    ; 0.000        ; 0.000      ; 0.787      ;
; 0.523 ; i2c_av_config:u_i2c_cfg|tx_byte[5]               ; i2c_av_config:u_i2c_cfg|tx_byte[6]                                                                                                    ; CLOCK_50     ; CLOCK_50    ; 0.000        ; 0.000      ; 0.789      ;
; 0.524 ; i2s_receiver:u_i2s_rx|left_buf[15]               ; i2s_receiver:u_i2s_rx|left_data[15]~_Duplicate_1                                                                                      ; CLOCK_50     ; CLOCK_50    ; 0.000        ; 0.000      ; 0.790      ;
; 0.525 ; i2s_receiver:u_i2s_rx|shift_reg[1]               ; i2s_receiver:u_i2s_rx|shift_reg[2]                                                                                                    ; CLOCK_50     ; CLOCK_50    ; 0.000        ; 0.000      ; 0.791      ;
; 0.526 ; key2_sync                                        ; key2_sync_d                                                                                                                           ; CLOCK_50     ; CLOCK_50    ; 0.000        ; 0.000      ; 0.792      ;
; 0.527 ; i2c_av_config:u_i2c_cfg|tx_byte[6]               ; i2c_av_config:u_i2c_cfg|tx_byte[7]                                                                                                    ; CLOCK_50     ; CLOCK_50    ; 0.000        ; 0.000      ; 0.793      ;
; 0.528 ; key2_sync                                        ; mute                                                                                                                                  ; CLOCK_50     ; CLOCK_50    ; 0.000        ; 0.000      ; 0.794      ;
; 0.529 ; i2s_receiver:u_i2s_rx|shift_reg[0]               ; i2s_receiver:u_i2s_rx|shift_reg[1]                                                                                                    ; CLOCK_50     ; CLOCK_50    ; 0.000        ; 0.000      ; 0.795      ;
; 0.530 ; i2s_receiver:u_i2s_rx|shift_reg[12]              ; i2s_receiver:u_i2s_rx|shift_reg[13]                                                                                                   ; CLOCK_50     ; CLOCK_50    ; 0.000        ; 0.000      ; 0.796      ;
; 0.531 ; valid_cnt[15]                                    ; valid_cnt[15]                                                                                                                         ; CLOCK_50     ; CLOCK_50    ; 0.000        ; 0.000      ; 0.797      ;
; 0.531 ; i2s_receiver:u_i2s_rx|shift_reg[5]               ; i2s_receiver:u_i2s_rx|shift_reg[6]                                                                                                    ; CLOCK_50     ; CLOCK_50    ; 0.000        ; 0.000      ; 0.797      ;
; 0.532 ; i2s_receiver:u_i2s_rx|shift_reg[11]              ; i2s_receiver:u_i2s_rx|shift_reg[12]                                                                                                   ; CLOCK_50     ; CLOCK_50    ; 0.000        ; 0.000      ; 0.798      ;
; 0.533 ; i2c_av_config:u_i2c_cfg|dly[19]                  ; i2c_av_config:u_i2c_cfg|dly[19]                                                                                                       ; CLOCK_50     ; CLOCK_50    ; 0.000        ; 0.000      ; 0.799      ;
; 0.538 ; i2s_receiver:u_i2s_rx|shift_reg[10]              ; i2s_receiver:u_i2s_rx|shift_reg[11]                                                                                                   ; CLOCK_50     ; CLOCK_50    ; 0.000        ; 0.000      ; 0.804      ;
; 0.540 ; i2c_av_config:u_i2c_cfg|state.S_ACK              ; i2c_av_config:u_i2c_cfg|state.S_SEND                                                                                                  ; CLOCK_50     ; CLOCK_50    ; 0.000        ; 0.000      ; 0.806      ;
; 0.554 ; vga_sync:u_vga_sync|pixel_q                      ; audio_pll:u_audio_pll|c0                                                                                                              ; CLOCK_50     ; CLOCK_50    ; 0.000        ; 0.000      ; 0.820      ;
; 0.557 ; i2s_transmitter:u_i2s_tx|lr_r2                   ; i2s_transmitter:u_i2s_tx|bit_cnt[3]                                                                                                   ; CLOCK_50     ; CLOCK_50    ; 0.000        ; 0.000      ; 0.823      ;
; 0.565 ; i2s_transmitter:u_i2s_tx|lr_r2                   ; i2s_transmitter:u_i2s_tx|bit_cnt[1]                                                                                                   ; CLOCK_50     ; CLOCK_50    ; 0.000        ; 0.000      ; 0.831      ;
; 0.565 ; i2s_transmitter:u_i2s_tx|lr_r2                   ; i2s_transmitter:u_i2s_tx|first_bit                                                                                                    ; CLOCK_50     ; CLOCK_50    ; 0.000        ; 0.000      ; 0.831      ;
; 0.574 ; i2s_receiver:u_i2s_rx|lr_r1                      ; i2s_receiver:u_i2s_rx|lr_r2                                                                                                           ; CLOCK_50     ; CLOCK_50    ; 0.000        ; 0.000      ; 0.840      ;
; 0.574 ; i2c_av_config:u_i2c_cfg|state.S_START2           ; i2c_av_config:u_i2c_cfg|scl_ph                                                                                                        ; CLOCK_50     ; CLOCK_50    ; 0.000        ; 0.000      ; 0.840      ;
; 0.575 ; i2s_receiver:u_i2s_rx|lr_r1                      ; i2s_receiver:u_i2s_rx|skip_first                                                                                                      ; CLOCK_50     ; CLOCK_50    ; 0.000        ; 0.000      ; 0.841      ;
; 0.582 ; i2s_receiver:u_i2s_rx|bit_cnt[4]                 ; i2s_receiver:u_i2s_rx|bit_cnt[3]                                                                                                      ; CLOCK_50     ; CLOCK_50    ; 0.000        ; 0.000      ; 0.848      ;
; 0.643 ; AUD_DACLRCK                                      ; i2s_transmitter:u_i2s_tx|lr_r1                                                                                                        ; AUD_DACLRCK  ; CLOCK_50    ; -0.500       ; 2.681      ; 3.090      ;
; 0.657 ; i2s_receiver:u_i2s_rx|shift_reg[4]               ; i2s_receiver:u_i2s_rx|shift_reg[5]                                                                                                    ; CLOCK_50     ; CLOCK_50    ; 0.000        ; 0.000      ; 0.923      ;
; 0.660 ; text_renderer:u_text_renderer|font_x_d1[1]       ; text_renderer:u_text_renderer|font_x_d2[1]                                                                                            ; CLOCK_50     ; CLOCK_50    ; 0.000        ; 0.000      ; 0.926      ;
; 0.662 ; text_renderer:u_text_renderer|font_x_d1[2]       ; text_renderer:u_text_renderer|font_x_d2[2]                                                                                            ; CLOCK_50     ; CLOCK_50    ; 0.000        ; 0.000      ; 0.928      ;
; 0.670 ; key2_meta                                        ; key2_sync                                                                                                                             ; CLOCK_50     ; CLOCK_50    ; 0.000        ; -0.001     ; 0.935      ;
; 0.675 ; text_renderer:u_text_renderer|font_x_d1[0]       ; text_renderer:u_text_renderer|font_x_d2[0]                                                                                            ; CLOCK_50     ; CLOCK_50    ; 0.000        ; 0.000      ; 0.941      ;
; 0.681 ; text_renderer:u_text_renderer|font_y_d1[3]       ; text_renderer:u_text_renderer|font_rom:u_font_rom|altsyncram:rom_rtl_0|altsyncram_ob71:auto_generated|ram_block1a0~porta_address_reg3 ; CLOCK_50     ; CLOCK_50    ; 0.000        ; 0.061      ; 0.976      ;
; 0.681 ; text_renderer:u_text_renderer|font_y_d1[1]       ; text_renderer:u_text_renderer|font_rom:u_font_rom|altsyncram:rom_rtl_0|altsyncram_ob71:auto_generated|ram_block1a0~porta_address_reg1 ; CLOCK_50     ; CLOCK_50    ; 0.000        ; 0.061      ; 0.976      ;
; 0.681 ; text_renderer:u_text_renderer|font_y_d1[0]       ; text_renderer:u_text_renderer|font_rom:u_font_rom|altsyncram:rom_rtl_0|altsyncram_ob71:auto_generated|ram_block1a0~porta_address_reg0 ; CLOCK_50     ; CLOCK_50    ; 0.000        ; 0.061      ; 0.976      ;
; 0.686 ; text_renderer:u_text_renderer|font_y_d1[2]       ; text_renderer:u_text_renderer|font_rom:u_font_rom|altsyncram:rom_rtl_0|altsyncram_ob71:auto_generated|ram_block1a0~porta_address_reg2 ; CLOCK_50     ; CLOCK_50    ; 0.000        ; 0.061      ; 0.981      ;
; 0.693 ; i2c_av_config:u_i2c_cfg|cnt[0]                   ; i2c_av_config:u_i2c_cfg|cnt[5]                                                                                                        ; CLOCK_50     ; CLOCK_50    ; 0.000        ; 0.000      ; 0.959      ;
; 0.693 ; i2c_av_config:u_i2c_cfg|cnt[0]                   ; i2c_av_config:u_i2c_cfg|cnt[7]                                                                                                        ; CLOCK_50     ; CLOCK_50    ; 0.000        ; 0.000      ; 0.959      ;
; 0.695 ; i2c_av_config:u_i2c_cfg|cnt[0]                   ; i2c_av_config:u_i2c_cfg|cnt[1]                                                                                                        ; CLOCK_50     ; CLOCK_50    ; 0.000        ; 0.000      ; 0.961      ;
; 0.695 ; i2c_av_config:u_i2c_cfg|cnt[0]                   ; i2c_av_config:u_i2c_cfg|cnt[6]                                                                                                        ; CLOCK_50     ; CLOCK_50    ; 0.000        ; 0.000      ; 0.961      ;
; 0.695 ; i2c_av_config:u_i2c_cfg|tx_byte[0]               ; i2c_av_config:u_i2c_cfg|tx_byte[1]                                                                                                    ; CLOCK_50     ; CLOCK_50    ; 0.000        ; 0.001      ; 0.962      ;
; 0.697 ; i2s_receiver:u_i2s_rx|skip_first                 ; i2s_receiver:u_i2s_rx|bit_cnt[0]                                                                                                      ; CLOCK_50     ; CLOCK_50    ; 0.000        ; 0.000      ; 0.963      ;
; 0.699 ; i2s_receiver:u_i2s_rx|skip_first                 ; i2s_receiver:u_i2s_rx|bit_cnt[3]                                                                                                      ; CLOCK_50     ; CLOCK_50    ; 0.000        ; 0.000      ; 0.965      ;
; 0.705 ; i2s_receiver:u_i2s_rx|shift_reg[9]               ; i2s_receiver:u_i2s_rx|shift_reg[10]                                                                                                   ; CLOCK_50     ; CLOCK_50    ; 0.000        ; 0.000      ; 0.971      ;
; 0.708 ; i2c_av_config:u_i2c_cfg|state.S_START1           ; i2c_av_config:u_i2c_cfg|state.S_START2                                                                                                ; CLOCK_50     ; CLOCK_50    ; 0.000        ; 0.002      ; 0.976      ;
; 0.710 ; i2s_receiver:u_i2s_rx|data_valid                 ; valid_cnt[0]                                                                                                                          ; CLOCK_50     ; CLOCK_50    ; 0.000        ; 0.001      ; 0.977      ;
; 0.714 ; i2s_receiver:u_i2s_rx|shift_reg[15]              ; i2s_receiver:u_i2s_rx|left_buf[15]                                                                                                    ; CLOCK_50     ; CLOCK_50    ; 0.000        ; -0.001     ; 0.979      ;
; 0.714 ; i2c_av_config:u_i2c_cfg|reg_idx[0]               ; i2c_av_config:u_i2c_cfg|reg_idx[1]                                                                                                    ; CLOCK_50     ; CLOCK_50    ; 0.000        ; 0.000      ; 0.980      ;
; 0.717 ; i2s_receiver:u_i2s_rx|shift_reg[15]              ; i2s_receiver:u_i2s_rx|right_data[15]~_Duplicate_1                                                                                     ; CLOCK_50     ; CLOCK_50    ; 0.000        ; -0.001     ; 0.982      ;
; 0.727 ; AUD_BCLK                                         ; i2s_transmitter:u_i2s_tx|bclk_r1                                                                                                      ; AUD_BCLK     ; CLOCK_50    ; -0.500       ; 2.682      ; 3.175      ;
; 0.754 ; i2c_av_config:u_i2c_cfg|tick                     ; i2c_av_config:u_i2c_cfg|reg_idx[2]                                                                                                    ; CLOCK_50     ; CLOCK_50    ; 0.000        ; 0.000      ; 1.020      ;
; 0.755 ; i2c_av_config:u_i2c_cfg|tick                     ; i2c_av_config:u_i2c_cfg|reg_idx[3]                                                                                                    ; CLOCK_50     ; CLOCK_50    ; 0.000        ; 0.000      ; 1.021      ;
; 0.757 ; i2c_av_config:u_i2c_cfg|tick                     ; i2c_av_config:u_i2c_cfg|reg_idx[0]                                                                                                    ; CLOCK_50     ; CLOCK_50    ; 0.000        ; 0.000      ; 1.023      ;
; 0.761 ; i2c_av_config:u_i2c_cfg|scl_ph                   ; i2c_av_config:u_i2c_cfg|state.S_STOP1                                                                                                 ; CLOCK_50     ; CLOCK_50    ; 0.000        ; 0.000      ; 1.027      ;
; 0.795 ; lyric_controller:u_lyric_controller|auto_cnt[14] ; lyric_controller:u_lyric_controller|auto_cnt[14]                                                                                      ; CLOCK_50     ; CLOCK_50    ; 0.000        ; 0.000      ; 1.061      ;
; 0.795 ; i2s_transmitter:u_i2s_tx|tx_shift[4]             ; i2s_transmitter:u_i2s_tx|tx_shift[5]                                                                                                  ; CLOCK_50     ; CLOCK_50    ; 0.000        ; 0.000      ; 1.061      ;
; 0.795 ; vga_sync:u_vga_sync|h_count[1]                   ; vga_sync:u_vga_sync|h_count[1]                                                                                                        ; CLOCK_50     ; CLOCK_50    ; 0.000        ; 0.000      ; 1.061      ;
; 0.795 ; vga_sync:u_vga_sync|h_count[3]                   ; vga_sync:u_vga_sync|h_count[3]                                                                                                        ; CLOCK_50     ; CLOCK_50    ; 0.000        ; 0.000      ; 1.061      ;
; 0.795 ; i2c_av_config:u_i2c_cfg|dly[1]                   ; i2c_av_config:u_i2c_cfg|dly[1]                                                                                                        ; CLOCK_50     ; CLOCK_50    ; 0.000        ; 0.000      ; 1.061      ;
; 0.796 ; i2s_transmitter:u_i2s_tx|tx_shift[1]             ; i2s_transmitter:u_i2s_tx|tx_shift[2]                                                                                                  ; CLOCK_50     ; CLOCK_50    ; 0.000        ; 0.000      ; 1.062      ;
; 0.797 ; i2c_av_config:u_i2c_cfg|dly[10]                  ; i2c_av_config:u_i2c_cfg|dly[10]                                                                                                       ; CLOCK_50     ; CLOCK_50    ; 0.000        ; 0.000      ; 1.063      ;
; 0.798 ; valid_cnt[1]                                     ; valid_cnt[1]                                                                                                                          ; CLOCK_50     ; CLOCK_50    ; 0.000        ; 0.000      ; 1.064      ;
; 0.799 ; valid_cnt[2]                                     ; valid_cnt[2]                                                                                                                          ; CLOCK_50     ; CLOCK_50    ; 0.000        ; 0.000      ; 1.065      ;
; 0.799 ; valid_cnt[4]                                     ; valid_cnt[4]                                                                                                                          ; CLOCK_50     ; CLOCK_50    ; 0.000        ; 0.000      ; 1.065      ;
; 0.799 ; valid_cnt[7]                                     ; valid_cnt[7]                                                                                                                          ; CLOCK_50     ; CLOCK_50    ; 0.000        ; 0.000      ; 1.065      ;
; 0.799 ; valid_cnt[9]                                     ; valid_cnt[9]                                                                                                                          ; CLOCK_50     ; CLOCK_50    ; 0.000        ; 0.000      ; 1.065      ;
; 0.799 ; valid_cnt[11]                                    ; valid_cnt[11]                                                                                                                         ; CLOCK_50     ; CLOCK_50    ; 0.000        ; 0.000      ; 1.065      ;
; 0.799 ; valid_cnt[13]                                    ; valid_cnt[13]                                                                                                                         ; CLOCK_50     ; CLOCK_50    ; 0.000        ; 0.000      ; 1.065      ;
; 0.799 ; valid_cnt[14]                                    ; valid_cnt[14]                                                                                                                         ; CLOCK_50     ; CLOCK_50    ; 0.000        ; 0.000      ; 1.065      ;
; 0.800 ; vga_sync:u_vga_sync|h_count[2]                   ; vga_sync:u_vga_sync|h_count[2]                                                                                                        ; CLOCK_50     ; CLOCK_50    ; 0.000        ; 0.000      ; 1.066      ;
; 0.801 ; lyric_controller:u_lyric_controller|auto_cnt[7]  ; lyric_controller:u_lyric_controller|auto_cnt[7]                                                                                       ; CLOCK_50     ; CLOCK_50    ; 0.000        ; 0.000      ; 1.067      ;
; 0.801 ; i2s_receiver:u_i2s_rx|shift_reg[6]               ; i2s_receiver:u_i2s_rx|shift_reg[7]                                                                                                    ; CLOCK_50     ; CLOCK_50    ; 0.000        ; 0.000      ; 1.067      ;
; 0.801 ; i2s_receiver:u_i2s_rx|shift_reg[14]              ; i2s_receiver:u_i2s_rx|shift_reg[15]                                                                                                   ; CLOCK_50     ; CLOCK_50    ; 0.000        ; 0.000      ; 1.067      ;
; 0.802 ; lyric_controller:u_lyric_controller|auto_cnt[9]  ; lyric_controller:u_lyric_controller|auto_cnt[9]                                                                                       ; CLOCK_50     ; CLOCK_50    ; 0.000        ; 0.000      ; 1.068      ;
; 0.802 ; i2s_receiver:u_i2s_rx|shift_reg[2]               ; i2s_receiver:u_i2s_rx|shift_reg[3]                                                                                                    ; CLOCK_50     ; CLOCK_50    ; 0.000        ; 0.000      ; 1.068      ;
+-------+--------------------------------------------------+---------------------------------------------------------------------------------------------------------------------------------------+--------------+-------------+--------------+------------+------------+


+-----------------------------------------------------------------------------------------------------------+
; Slow Model Hold: 'AUD_BCLK'                                                                               ;
+-------+--------------+--------------+--------------+-------------+--------------+------------+------------+
; Slack ; From Node    ; To Node      ; Launch Clock ; Latch Clock ; Relationship ; Clock Skew ; Data Delay ;
+-------+--------------+--------------+--------------+-------------+--------------+------------+------------+
; 0.391 ; bclk_cnt[0]  ; bclk_cnt[0]  ; AUD_BCLK     ; AUD_BCLK    ; 0.000        ; 0.000      ; 0.657      ;
; 0.530 ; bclk_cnt[23] ; bclk_cnt[23] ; AUD_BCLK     ; AUD_BCLK    ; 0.000        ; 0.000      ; 0.796      ;
; 0.788 ; bclk_cnt[3]  ; bclk_cnt[3]  ; AUD_BCLK     ; AUD_BCLK    ; 0.000        ; 0.000      ; 1.054      ;
; 0.788 ; bclk_cnt[12] ; bclk_cnt[12] ; AUD_BCLK     ; AUD_BCLK    ; 0.000        ; 0.000      ; 1.054      ;
; 0.791 ; bclk_cnt[0]  ; bclk_cnt[1]  ; AUD_BCLK     ; AUD_BCLK    ; 0.000        ; 0.000      ; 1.057      ;
; 0.794 ; bclk_cnt[5]  ; bclk_cnt[5]  ; AUD_BCLK     ; AUD_BCLK    ; 0.000        ; 0.000      ; 1.060      ;
; 0.795 ; bclk_cnt[7]  ; bclk_cnt[7]  ; AUD_BCLK     ; AUD_BCLK    ; 0.000        ; 0.000      ; 1.061      ;
; 0.797 ; bclk_cnt[13] ; bclk_cnt[13] ; AUD_BCLK     ; AUD_BCLK    ; 0.000        ; 0.000      ; 1.063      ;
; 0.798 ; bclk_cnt[21] ; bclk_cnt[21] ; AUD_BCLK     ; AUD_BCLK    ; 0.000        ; 0.000      ; 1.064      ;
; 0.799 ; bclk_cnt[9]  ; bclk_cnt[9]  ; AUD_BCLK     ; AUD_BCLK    ; 0.000        ; 0.000      ; 1.065      ;
; 0.799 ; bclk_cnt[10] ; bclk_cnt[10] ; AUD_BCLK     ; AUD_BCLK    ; 0.000        ; 0.000      ; 1.065      ;
; 0.799 ; bclk_cnt[11] ; bclk_cnt[11] ; AUD_BCLK     ; AUD_BCLK    ; 0.000        ; 0.000      ; 1.065      ;
; 0.799 ; bclk_cnt[14] ; bclk_cnt[14] ; AUD_BCLK     ; AUD_BCLK    ; 0.000        ; 0.000      ; 1.065      ;
; 0.799 ; bclk_cnt[16] ; bclk_cnt[16] ; AUD_BCLK     ; AUD_BCLK    ; 0.000        ; 0.000      ; 1.065      ;
; 0.799 ; bclk_cnt[19] ; bclk_cnt[19] ; AUD_BCLK     ; AUD_BCLK    ; 0.000        ; 0.000      ; 1.065      ;
; 0.827 ; bclk_cnt[1]  ; bclk_cnt[1]  ; AUD_BCLK     ; AUD_BCLK    ; 0.000        ; 0.000      ; 1.093      ;
; 0.828 ; bclk_cnt[2]  ; bclk_cnt[2]  ; AUD_BCLK     ; AUD_BCLK    ; 0.000        ; 0.000      ; 1.094      ;
; 0.828 ; bclk_cnt[20] ; bclk_cnt[20] ; AUD_BCLK     ; AUD_BCLK    ; 0.000        ; 0.000      ; 1.094      ;
; 0.828 ; bclk_cnt[22] ; bclk_cnt[22] ; AUD_BCLK     ; AUD_BCLK    ; 0.000        ; 0.000      ; 1.094      ;
; 0.831 ; bclk_cnt[4]  ; bclk_cnt[4]  ; AUD_BCLK     ; AUD_BCLK    ; 0.000        ; 0.000      ; 1.097      ;
; 0.831 ; bclk_cnt[6]  ; bclk_cnt[6]  ; AUD_BCLK     ; AUD_BCLK    ; 0.000        ; 0.000      ; 1.097      ;
; 0.831 ; bclk_cnt[8]  ; bclk_cnt[8]  ; AUD_BCLK     ; AUD_BCLK    ; 0.000        ; 0.000      ; 1.097      ;
; 0.831 ; bclk_cnt[15] ; bclk_cnt[15] ; AUD_BCLK     ; AUD_BCLK    ; 0.000        ; 0.000      ; 1.097      ;
; 0.832 ; bclk_cnt[17] ; bclk_cnt[17] ; AUD_BCLK     ; AUD_BCLK    ; 0.000        ; 0.000      ; 1.098      ;
; 0.832 ; bclk_cnt[18] ; bclk_cnt[18] ; AUD_BCLK     ; AUD_BCLK    ; 0.000        ; 0.000      ; 1.098      ;
; 1.171 ; bclk_cnt[12] ; bclk_cnt[13] ; AUD_BCLK     ; AUD_BCLK    ; 0.000        ; 0.000      ; 1.437      ;
; 1.174 ; bclk_cnt[0]  ; bclk_cnt[2]  ; AUD_BCLK     ; AUD_BCLK    ; 0.000        ; 0.000      ; 1.440      ;
; 1.177 ; bclk_cnt[5]  ; bclk_cnt[6]  ; AUD_BCLK     ; AUD_BCLK    ; 0.000        ; 0.000      ; 1.443      ;
; 1.178 ; bclk_cnt[7]  ; bclk_cnt[8]  ; AUD_BCLK     ; AUD_BCLK    ; 0.000        ; 0.000      ; 1.444      ;
; 1.180 ; bclk_cnt[13] ; bclk_cnt[14] ; AUD_BCLK     ; AUD_BCLK    ; 0.000        ; 0.000      ; 1.446      ;
; 1.181 ; bclk_cnt[21] ; bclk_cnt[22] ; AUD_BCLK     ; AUD_BCLK    ; 0.000        ; 0.000      ; 1.447      ;
; 1.182 ; bclk_cnt[9]  ; bclk_cnt[10] ; AUD_BCLK     ; AUD_BCLK    ; 0.000        ; 0.000      ; 1.448      ;
; 1.182 ; bclk_cnt[10] ; bclk_cnt[11] ; AUD_BCLK     ; AUD_BCLK    ; 0.000        ; 0.000      ; 1.448      ;
; 1.182 ; bclk_cnt[14] ; bclk_cnt[15] ; AUD_BCLK     ; AUD_BCLK    ; 0.000        ; 0.000      ; 1.448      ;
; 1.182 ; bclk_cnt[16] ; bclk_cnt[17] ; AUD_BCLK     ; AUD_BCLK    ; 0.000        ; 0.000      ; 1.448      ;
; 1.214 ; bclk_cnt[22] ; bclk_cnt[23] ; AUD_BCLK     ; AUD_BCLK    ; 0.000        ; 0.000      ; 1.480      ;
; 1.214 ; bclk_cnt[2]  ; bclk_cnt[3]  ; AUD_BCLK     ; AUD_BCLK    ; 0.000        ; 0.000      ; 1.480      ;
; 1.214 ; bclk_cnt[20] ; bclk_cnt[21] ; AUD_BCLK     ; AUD_BCLK    ; 0.000        ; 0.000      ; 1.480      ;
; 1.214 ; bclk_cnt[1]  ; bclk_cnt[2]  ; AUD_BCLK     ; AUD_BCLK    ; 0.000        ; 0.000      ; 1.480      ;
; 1.217 ; bclk_cnt[4]  ; bclk_cnt[5]  ; AUD_BCLK     ; AUD_BCLK    ; 0.000        ; 0.000      ; 1.483      ;
; 1.217 ; bclk_cnt[6]  ; bclk_cnt[7]  ; AUD_BCLK     ; AUD_BCLK    ; 0.000        ; 0.000      ; 1.483      ;
; 1.217 ; bclk_cnt[8]  ; bclk_cnt[9]  ; AUD_BCLK     ; AUD_BCLK    ; 0.000        ; 0.000      ; 1.483      ;
; 1.217 ; bclk_cnt[15] ; bclk_cnt[16] ; AUD_BCLK     ; AUD_BCLK    ; 0.000        ; 0.000      ; 1.483      ;
; 1.218 ; bclk_cnt[18] ; bclk_cnt[19] ; AUD_BCLK     ; AUD_BCLK    ; 0.000        ; 0.000      ; 1.484      ;
; 1.218 ; bclk_cnt[17] ; bclk_cnt[18] ; AUD_BCLK     ; AUD_BCLK    ; 0.000        ; 0.000      ; 1.484      ;
; 1.242 ; bclk_cnt[12] ; bclk_cnt[14] ; AUD_BCLK     ; AUD_BCLK    ; 0.000        ; 0.000      ; 1.508      ;
; 1.245 ; bclk_cnt[0]  ; bclk_cnt[3]  ; AUD_BCLK     ; AUD_BCLK    ; 0.000        ; 0.000      ; 1.511      ;
; 1.248 ; bclk_cnt[5]  ; bclk_cnt[7]  ; AUD_BCLK     ; AUD_BCLK    ; 0.000        ; 0.000      ; 1.514      ;
; 1.249 ; bclk_cnt[7]  ; bclk_cnt[9]  ; AUD_BCLK     ; AUD_BCLK    ; 0.000        ; 0.000      ; 1.515      ;
; 1.251 ; bclk_cnt[13] ; bclk_cnt[15] ; AUD_BCLK     ; AUD_BCLK    ; 0.000        ; 0.000      ; 1.517      ;
; 1.252 ; bclk_cnt[21] ; bclk_cnt[23] ; AUD_BCLK     ; AUD_BCLK    ; 0.000        ; 0.000      ; 1.518      ;
; 1.253 ; bclk_cnt[9]  ; bclk_cnt[11] ; AUD_BCLK     ; AUD_BCLK    ; 0.000        ; 0.000      ; 1.519      ;
; 1.253 ; bclk_cnt[14] ; bclk_cnt[16] ; AUD_BCLK     ; AUD_BCLK    ; 0.000        ; 0.000      ; 1.519      ;
; 1.253 ; bclk_cnt[16] ; bclk_cnt[18] ; AUD_BCLK     ; AUD_BCLK    ; 0.000        ; 0.000      ; 1.519      ;
; 1.258 ; bclk_cnt[11] ; bclk_cnt[12] ; AUD_BCLK     ; AUD_BCLK    ; 0.000        ; 0.016      ; 1.540      ;
; 1.263 ; bclk_cnt[3]  ; bclk_cnt[4]  ; AUD_BCLK     ; AUD_BCLK    ; 0.000        ; 0.000      ; 1.529      ;
; 1.274 ; bclk_cnt[19] ; bclk_cnt[20] ; AUD_BCLK     ; AUD_BCLK    ; 0.000        ; 0.000      ; 1.540      ;
; 1.285 ; bclk_cnt[20] ; bclk_cnt[22] ; AUD_BCLK     ; AUD_BCLK    ; 0.000        ; 0.000      ; 1.551      ;
; 1.285 ; bclk_cnt[1]  ; bclk_cnt[3]  ; AUD_BCLK     ; AUD_BCLK    ; 0.000        ; 0.000      ; 1.551      ;
; 1.288 ; bclk_cnt[4]  ; bclk_cnt[6]  ; AUD_BCLK     ; AUD_BCLK    ; 0.000        ; 0.000      ; 1.554      ;
; 1.288 ; bclk_cnt[6]  ; bclk_cnt[8]  ; AUD_BCLK     ; AUD_BCLK    ; 0.000        ; 0.000      ; 1.554      ;
; 1.288 ; bclk_cnt[8]  ; bclk_cnt[10] ; AUD_BCLK     ; AUD_BCLK    ; 0.000        ; 0.000      ; 1.554      ;
; 1.288 ; bclk_cnt[15] ; bclk_cnt[17] ; AUD_BCLK     ; AUD_BCLK    ; 0.000        ; 0.000      ; 1.554      ;
; 1.289 ; bclk_cnt[17] ; bclk_cnt[19] ; AUD_BCLK     ; AUD_BCLK    ; 0.000        ; 0.000      ; 1.555      ;
; 1.312 ; bclk_cnt[10] ; bclk_cnt[12] ; AUD_BCLK     ; AUD_BCLK    ; 0.000        ; 0.016      ; 1.594      ;
; 1.313 ; bclk_cnt[12] ; bclk_cnt[15] ; AUD_BCLK     ; AUD_BCLK    ; 0.000        ; 0.000      ; 1.579      ;
; 1.319 ; bclk_cnt[5]  ; bclk_cnt[8]  ; AUD_BCLK     ; AUD_BCLK    ; 0.000        ; 0.000      ; 1.585      ;
; 1.320 ; bclk_cnt[7]  ; bclk_cnt[10] ; AUD_BCLK     ; AUD_BCLK    ; 0.000        ; 0.000      ; 1.586      ;
; 1.322 ; bclk_cnt[13] ; bclk_cnt[16] ; AUD_BCLK     ; AUD_BCLK    ; 0.000        ; 0.000      ; 1.588      ;
; 1.324 ; bclk_cnt[14] ; bclk_cnt[17] ; AUD_BCLK     ; AUD_BCLK    ; 0.000        ; 0.000      ; 1.590      ;
; 1.324 ; bclk_cnt[16] ; bclk_cnt[19] ; AUD_BCLK     ; AUD_BCLK    ; 0.000        ; 0.000      ; 1.590      ;
; 1.329 ; bclk_cnt[11] ; bclk_cnt[13] ; AUD_BCLK     ; AUD_BCLK    ; 0.000        ; 0.016      ; 1.611      ;
; 1.334 ; bclk_cnt[3]  ; bclk_cnt[5]  ; AUD_BCLK     ; AUD_BCLK    ; 0.000        ; 0.000      ; 1.600      ;
; 1.345 ; bclk_cnt[19] ; bclk_cnt[21] ; AUD_BCLK     ; AUD_BCLK    ; 0.000        ; 0.000      ; 1.611      ;
; 1.356 ; bclk_cnt[20] ; bclk_cnt[23] ; AUD_BCLK     ; AUD_BCLK    ; 0.000        ; 0.000      ; 1.622      ;
; 1.359 ; bclk_cnt[4]  ; bclk_cnt[7]  ; AUD_BCLK     ; AUD_BCLK    ; 0.000        ; 0.000      ; 1.625      ;
; 1.359 ; bclk_cnt[6]  ; bclk_cnt[9]  ; AUD_BCLK     ; AUD_BCLK    ; 0.000        ; 0.000      ; 1.625      ;
; 1.359 ; bclk_cnt[8]  ; bclk_cnt[11] ; AUD_BCLK     ; AUD_BCLK    ; 0.000        ; 0.000      ; 1.625      ;
; 1.359 ; bclk_cnt[15] ; bclk_cnt[18] ; AUD_BCLK     ; AUD_BCLK    ; 0.000        ; 0.000      ; 1.625      ;
; 1.373 ; bclk_cnt[2]  ; bclk_cnt[4]  ; AUD_BCLK     ; AUD_BCLK    ; 0.000        ; 0.000      ; 1.639      ;
; 1.377 ; bclk_cnt[18] ; bclk_cnt[20] ; AUD_BCLK     ; AUD_BCLK    ; 0.000        ; 0.000      ; 1.643      ;
; 1.383 ; bclk_cnt[9]  ; bclk_cnt[12] ; AUD_BCLK     ; AUD_BCLK    ; 0.000        ; 0.016      ; 1.665      ;
; 1.383 ; bclk_cnt[10] ; bclk_cnt[13] ; AUD_BCLK     ; AUD_BCLK    ; 0.000        ; 0.016      ; 1.665      ;
; 1.384 ; bclk_cnt[12] ; bclk_cnt[16] ; AUD_BCLK     ; AUD_BCLK    ; 0.000        ; 0.000      ; 1.650      ;
; 1.390 ; bclk_cnt[5]  ; bclk_cnt[9]  ; AUD_BCLK     ; AUD_BCLK    ; 0.000        ; 0.000      ; 1.656      ;
; 1.391 ; bclk_cnt[7]  ; bclk_cnt[11] ; AUD_BCLK     ; AUD_BCLK    ; 0.000        ; 0.000      ; 1.657      ;
; 1.393 ; bclk_cnt[13] ; bclk_cnt[17] ; AUD_BCLK     ; AUD_BCLK    ; 0.000        ; 0.000      ; 1.659      ;
; 1.395 ; bclk_cnt[14] ; bclk_cnt[18] ; AUD_BCLK     ; AUD_BCLK    ; 0.000        ; 0.000      ; 1.661      ;
; 1.400 ; bclk_cnt[11] ; bclk_cnt[14] ; AUD_BCLK     ; AUD_BCLK    ; 0.000        ; 0.016      ; 1.682      ;
; 1.404 ; bclk_cnt[0]  ; bclk_cnt[4]  ; AUD_BCLK     ; AUD_BCLK    ; 0.000        ; 0.000      ; 1.670      ;
; 1.405 ; bclk_cnt[3]  ; bclk_cnt[6]  ; AUD_BCLK     ; AUD_BCLK    ; 0.000        ; 0.000      ; 1.671      ;
; 1.416 ; bclk_cnt[19] ; bclk_cnt[22] ; AUD_BCLK     ; AUD_BCLK    ; 0.000        ; 0.000      ; 1.682      ;
; 1.430 ; bclk_cnt[4]  ; bclk_cnt[8]  ; AUD_BCLK     ; AUD_BCLK    ; 0.000        ; 0.000      ; 1.696      ;
; 1.430 ; bclk_cnt[6]  ; bclk_cnt[10] ; AUD_BCLK     ; AUD_BCLK    ; 0.000        ; 0.000      ; 1.696      ;
; 1.430 ; bclk_cnt[15] ; bclk_cnt[19] ; AUD_BCLK     ; AUD_BCLK    ; 0.000        ; 0.000      ; 1.696      ;
; 1.444 ; bclk_cnt[2]  ; bclk_cnt[5]  ; AUD_BCLK     ; AUD_BCLK    ; 0.000        ; 0.000      ; 1.710      ;
; 1.444 ; bclk_cnt[1]  ; bclk_cnt[4]  ; AUD_BCLK     ; AUD_BCLK    ; 0.000        ; 0.000      ; 1.710      ;
; 1.448 ; bclk_cnt[18] ; bclk_cnt[21] ; AUD_BCLK     ; AUD_BCLK    ; 0.000        ; 0.000      ; 1.714      ;
; 1.448 ; bclk_cnt[17] ; bclk_cnt[20] ; AUD_BCLK     ; AUD_BCLK    ; 0.000        ; 0.000      ; 1.714      ;
; 1.454 ; bclk_cnt[9]  ; bclk_cnt[13] ; AUD_BCLK     ; AUD_BCLK    ; 0.000        ; 0.016      ; 1.736      ;
+-------+--------------+--------------+--------------+-------------+--------------+------------+------------+


+-----------------------------------------------------------------------------------------------------------+
; Slow Model Hold: 'AUD_DACLRCK'                                                                            ;
+-------+--------------+--------------+--------------+-------------+--------------+------------+------------+
; Slack ; From Node    ; To Node      ; Launch Clock ; Latch Clock ; Relationship ; Clock Skew ; Data Delay ;
+-------+--------------+--------------+--------------+-------------+--------------+------------+------------+
; 0.391 ; lrck_cnt[0]  ; lrck_cnt[0]  ; AUD_DACLRCK  ; AUD_DACLRCK ; 0.000        ; 0.000      ; 0.657      ;
; 0.527 ; lrck_cnt[15] ; lrck_cnt[15] ; AUD_DACLRCK  ; AUD_DACLRCK ; 0.000        ; 0.000      ; 0.793      ;
; 0.788 ; lrck_cnt[1]  ; lrck_cnt[1]  ; AUD_DACLRCK  ; AUD_DACLRCK ; 0.000        ; 0.000      ; 1.054      ;
; 0.795 ; lrck_cnt[14] ; lrck_cnt[14] ; AUD_DACLRCK  ; AUD_DACLRCK ; 0.000        ; 0.000      ; 1.061      ;
; 0.798 ; lrck_cnt[2]  ; lrck_cnt[2]  ; AUD_DACLRCK  ; AUD_DACLRCK ; 0.000        ; 0.000      ; 1.064      ;
; 0.799 ; lrck_cnt[3]  ; lrck_cnt[3]  ; AUD_DACLRCK  ; AUD_DACLRCK ; 0.000        ; 0.000      ; 1.065      ;
; 0.799 ; lrck_cnt[5]  ; lrck_cnt[5]  ; AUD_DACLRCK  ; AUD_DACLRCK ; 0.000        ; 0.000      ; 1.065      ;
; 0.799 ; lrck_cnt[8]  ; lrck_cnt[8]  ; AUD_DACLRCK  ; AUD_DACLRCK ; 0.000        ; 0.000      ; 1.065      ;
; 0.799 ; lrck_cnt[10] ; lrck_cnt[10] ; AUD_DACLRCK  ; AUD_DACLRCK ; 0.000        ; 0.000      ; 1.065      ;
; 0.799 ; lrck_cnt[12] ; lrck_cnt[12] ; AUD_DACLRCK  ; AUD_DACLRCK ; 0.000        ; 0.000      ; 1.065      ;
; 0.821 ; lrck_cnt[7]  ; lrck_cnt[7]  ; AUD_DACLRCK  ; AUD_DACLRCK ; 0.000        ; 0.000      ; 1.087      ;
; 0.831 ; lrck_cnt[9]  ; lrck_cnt[9]  ; AUD_DACLRCK  ; AUD_DACLRCK ; 0.000        ; 0.000      ; 1.097      ;
; 0.831 ; lrck_cnt[11] ; lrck_cnt[11] ; AUD_DACLRCK  ; AUD_DACLRCK ; 0.000        ; 0.000      ; 1.097      ;
; 0.831 ; lrck_cnt[13] ; lrck_cnt[13] ; AUD_DACLRCK  ; AUD_DACLRCK ; 0.000        ; 0.000      ; 1.097      ;
; 0.962 ; lrck_cnt[0]  ; lrck_cnt[1]  ; AUD_DACLRCK  ; AUD_DACLRCK ; 0.000        ; 0.000      ; 1.228      ;
; 0.973 ; lrck_cnt[6]  ; lrck_cnt[6]  ; AUD_DACLRCK  ; AUD_DACLRCK ; 0.000        ; 0.000      ; 1.239      ;
; 0.975 ; lrck_cnt[4]  ; lrck_cnt[4]  ; AUD_DACLRCK  ; AUD_DACLRCK ; 0.000        ; 0.000      ; 1.241      ;
; 1.171 ; lrck_cnt[1]  ; lrck_cnt[2]  ; AUD_DACLRCK  ; AUD_DACLRCK ; 0.000        ; 0.000      ; 1.437      ;
; 1.178 ; lrck_cnt[14] ; lrck_cnt[15] ; AUD_DACLRCK  ; AUD_DACLRCK ; 0.000        ; 0.000      ; 1.444      ;
; 1.181 ; lrck_cnt[2]  ; lrck_cnt[3]  ; AUD_DACLRCK  ; AUD_DACLRCK ; 0.000        ; 0.000      ; 1.447      ;
; 1.182 ; lrck_cnt[10] ; lrck_cnt[11] ; AUD_DACLRCK  ; AUD_DACLRCK ; 0.000        ; 0.000      ; 1.448      ;
; 1.182 ; lrck_cnt[12] ; lrck_cnt[13] ; AUD_DACLRCK  ; AUD_DACLRCK ; 0.000        ; 0.000      ; 1.448      ;
; 1.182 ; lrck_cnt[5]  ; lrck_cnt[6]  ; AUD_DACLRCK  ; AUD_DACLRCK ; 0.000        ; 0.000      ; 1.448      ;
; 1.182 ; lrck_cnt[3]  ; lrck_cnt[4]  ; AUD_DACLRCK  ; AUD_DACLRCK ; 0.000        ; 0.000      ; 1.448      ;
; 1.207 ; lrck_cnt[7]  ; lrck_cnt[8]  ; AUD_DACLRCK  ; AUD_DACLRCK ; 0.000        ; 0.000      ; 1.473      ;
; 1.217 ; lrck_cnt[13] ; lrck_cnt[14] ; AUD_DACLRCK  ; AUD_DACLRCK ; 0.000        ; 0.000      ; 1.483      ;
; 1.217 ; lrck_cnt[9]  ; lrck_cnt[10] ; AUD_DACLRCK  ; AUD_DACLRCK ; 0.000        ; 0.000      ; 1.483      ;
; 1.217 ; lrck_cnt[11] ; lrck_cnt[12] ; AUD_DACLRCK  ; AUD_DACLRCK ; 0.000        ; 0.000      ; 1.483      ;
; 1.242 ; lrck_cnt[1]  ; lrck_cnt[3]  ; AUD_DACLRCK  ; AUD_DACLRCK ; 0.000        ; 0.000      ; 1.508      ;
; 1.252 ; lrck_cnt[2]  ; lrck_cnt[4]  ; AUD_DACLRCK  ; AUD_DACLRCK ; 0.000        ; 0.000      ; 1.518      ;
; 1.253 ; lrck_cnt[3]  ; lrck_cnt[5]  ; AUD_DACLRCK  ; AUD_DACLRCK ; 0.000        ; 0.000      ; 1.519      ;
; 1.253 ; lrck_cnt[5]  ; lrck_cnt[7]  ; AUD_DACLRCK  ; AUD_DACLRCK ; 0.000        ; 0.000      ; 1.519      ;
; 1.253 ; lrck_cnt[12] ; lrck_cnt[14] ; AUD_DACLRCK  ; AUD_DACLRCK ; 0.000        ; 0.000      ; 1.519      ;
; 1.253 ; lrck_cnt[10] ; lrck_cnt[12] ; AUD_DACLRCK  ; AUD_DACLRCK ; 0.000        ; 0.000      ; 1.519      ;
; 1.274 ; lrck_cnt[8]  ; lrck_cnt[9]  ; AUD_DACLRCK  ; AUD_DACLRCK ; 0.000        ; 0.000      ; 1.540      ;
; 1.288 ; lrck_cnt[13] ; lrck_cnt[15] ; AUD_DACLRCK  ; AUD_DACLRCK ; 0.000        ; 0.000      ; 1.554      ;
; 1.288 ; lrck_cnt[9]  ; lrck_cnt[11] ; AUD_DACLRCK  ; AUD_DACLRCK ; 0.000        ; 0.000      ; 1.554      ;
; 1.288 ; lrck_cnt[11] ; lrck_cnt[13] ; AUD_DACLRCK  ; AUD_DACLRCK ; 0.000        ; 0.000      ; 1.554      ;
; 1.313 ; lrck_cnt[1]  ; lrck_cnt[4]  ; AUD_DACLRCK  ; AUD_DACLRCK ; 0.000        ; 0.000      ; 1.579      ;
; 1.323 ; lrck_cnt[2]  ; lrck_cnt[5]  ; AUD_DACLRCK  ; AUD_DACLRCK ; 0.000        ; 0.000      ; 1.589      ;
; 1.324 ; lrck_cnt[3]  ; lrck_cnt[6]  ; AUD_DACLRCK  ; AUD_DACLRCK ; 0.000        ; 0.000      ; 1.590      ;
; 1.324 ; lrck_cnt[5]  ; lrck_cnt[8]  ; AUD_DACLRCK  ; AUD_DACLRCK ; 0.000        ; 0.000      ; 1.590      ;
; 1.324 ; lrck_cnt[12] ; lrck_cnt[15] ; AUD_DACLRCK  ; AUD_DACLRCK ; 0.000        ; 0.000      ; 1.590      ;
; 1.324 ; lrck_cnt[10] ; lrck_cnt[13] ; AUD_DACLRCK  ; AUD_DACLRCK ; 0.000        ; 0.000      ; 1.590      ;
; 1.345 ; lrck_cnt[8]  ; lrck_cnt[10] ; AUD_DACLRCK  ; AUD_DACLRCK ; 0.000        ; 0.000      ; 1.611      ;
; 1.349 ; lrck_cnt[0]  ; lrck_cnt[2]  ; AUD_DACLRCK  ; AUD_DACLRCK ; 0.000        ; 0.000      ; 1.615      ;
; 1.356 ; lrck_cnt[6]  ; lrck_cnt[7]  ; AUD_DACLRCK  ; AUD_DACLRCK ; 0.000        ; 0.000      ; 1.622      ;
; 1.358 ; lrck_cnt[4]  ; lrck_cnt[5]  ; AUD_DACLRCK  ; AUD_DACLRCK ; 0.000        ; 0.000      ; 1.624      ;
; 1.359 ; lrck_cnt[11] ; lrck_cnt[14] ; AUD_DACLRCK  ; AUD_DACLRCK ; 0.000        ; 0.000      ; 1.625      ;
; 1.359 ; lrck_cnt[9]  ; lrck_cnt[12] ; AUD_DACLRCK  ; AUD_DACLRCK ; 0.000        ; 0.000      ; 1.625      ;
; 1.366 ; lrck_cnt[7]  ; lrck_cnt[9]  ; AUD_DACLRCK  ; AUD_DACLRCK ; 0.000        ; 0.000      ; 1.632      ;
; 1.384 ; lrck_cnt[1]  ; lrck_cnt[5]  ; AUD_DACLRCK  ; AUD_DACLRCK ; 0.000        ; 0.000      ; 1.650      ;
; 1.394 ; lrck_cnt[2]  ; lrck_cnt[6]  ; AUD_DACLRCK  ; AUD_DACLRCK ; 0.000        ; 0.000      ; 1.660      ;
; 1.395 ; lrck_cnt[3]  ; lrck_cnt[7]  ; AUD_DACLRCK  ; AUD_DACLRCK ; 0.000        ; 0.000      ; 1.661      ;
; 1.395 ; lrck_cnt[10] ; lrck_cnt[14] ; AUD_DACLRCK  ; AUD_DACLRCK ; 0.000        ; 0.000      ; 1.661      ;
; 1.416 ; lrck_cnt[8]  ; lrck_cnt[11] ; AUD_DACLRCK  ; AUD_DACLRCK ; 0.000        ; 0.000      ; 1.682      ;
; 1.420 ; lrck_cnt[0]  ; lrck_cnt[3]  ; AUD_DACLRCK  ; AUD_DACLRCK ; 0.000        ; 0.000      ; 1.686      ;
; 1.427 ; lrck_cnt[6]  ; lrck_cnt[8]  ; AUD_DACLRCK  ; AUD_DACLRCK ; 0.000        ; 0.000      ; 1.693      ;
; 1.429 ; lrck_cnt[4]  ; lrck_cnt[6]  ; AUD_DACLRCK  ; AUD_DACLRCK ; 0.000        ; 0.000      ; 1.695      ;
; 1.430 ; lrck_cnt[11] ; lrck_cnt[15] ; AUD_DACLRCK  ; AUD_DACLRCK ; 0.000        ; 0.000      ; 1.696      ;
; 1.430 ; lrck_cnt[9]  ; lrck_cnt[13] ; AUD_DACLRCK  ; AUD_DACLRCK ; 0.000        ; 0.000      ; 1.696      ;
; 1.437 ; lrck_cnt[7]  ; lrck_cnt[10] ; AUD_DACLRCK  ; AUD_DACLRCK ; 0.000        ; 0.000      ; 1.703      ;
; 1.455 ; lrck_cnt[1]  ; lrck_cnt[6]  ; AUD_DACLRCK  ; AUD_DACLRCK ; 0.000        ; 0.000      ; 1.721      ;
; 1.465 ; lrck_cnt[2]  ; lrck_cnt[7]  ; AUD_DACLRCK  ; AUD_DACLRCK ; 0.000        ; 0.000      ; 1.731      ;
; 1.466 ; lrck_cnt[3]  ; lrck_cnt[8]  ; AUD_DACLRCK  ; AUD_DACLRCK ; 0.000        ; 0.000      ; 1.732      ;
; 1.466 ; lrck_cnt[10] ; lrck_cnt[15] ; AUD_DACLRCK  ; AUD_DACLRCK ; 0.000        ; 0.000      ; 1.732      ;
; 1.483 ; lrck_cnt[5]  ; lrck_cnt[9]  ; AUD_DACLRCK  ; AUD_DACLRCK ; 0.000        ; 0.000      ; 1.749      ;
; 1.487 ; lrck_cnt[8]  ; lrck_cnt[12] ; AUD_DACLRCK  ; AUD_DACLRCK ; 0.000        ; 0.000      ; 1.753      ;
; 1.491 ; lrck_cnt[0]  ; lrck_cnt[4]  ; AUD_DACLRCK  ; AUD_DACLRCK ; 0.000        ; 0.000      ; 1.757      ;
; 1.500 ; lrck_cnt[4]  ; lrck_cnt[7]  ; AUD_DACLRCK  ; AUD_DACLRCK ; 0.000        ; 0.000      ; 1.766      ;
; 1.501 ; lrck_cnt[9]  ; lrck_cnt[14] ; AUD_DACLRCK  ; AUD_DACLRCK ; 0.000        ; 0.000      ; 1.767      ;
; 1.508 ; lrck_cnt[7]  ; lrck_cnt[11] ; AUD_DACLRCK  ; AUD_DACLRCK ; 0.000        ; 0.000      ; 1.774      ;
; 1.526 ; lrck_cnt[1]  ; lrck_cnt[7]  ; AUD_DACLRCK  ; AUD_DACLRCK ; 0.000        ; 0.000      ; 1.792      ;
; 1.536 ; lrck_cnt[2]  ; lrck_cnt[8]  ; AUD_DACLRCK  ; AUD_DACLRCK ; 0.000        ; 0.000      ; 1.802      ;
; 1.554 ; lrck_cnt[5]  ; lrck_cnt[10] ; AUD_DACLRCK  ; AUD_DACLRCK ; 0.000        ; 0.000      ; 1.820      ;
; 1.558 ; lrck_cnt[8]  ; lrck_cnt[13] ; AUD_DACLRCK  ; AUD_DACLRCK ; 0.000        ; 0.000      ; 1.824      ;
; 1.562 ; lrck_cnt[0]  ; lrck_cnt[5]  ; AUD_DACLRCK  ; AUD_DACLRCK ; 0.000        ; 0.000      ; 1.828      ;
; 1.571 ; lrck_cnt[4]  ; lrck_cnt[8]  ; AUD_DACLRCK  ; AUD_DACLRCK ; 0.000        ; 0.000      ; 1.837      ;
; 1.572 ; lrck_cnt[9]  ; lrck_cnt[15] ; AUD_DACLRCK  ; AUD_DACLRCK ; 0.000        ; 0.000      ; 1.838      ;
; 1.579 ; lrck_cnt[7]  ; lrck_cnt[12] ; AUD_DACLRCK  ; AUD_DACLRCK ; 0.000        ; 0.000      ; 1.845      ;
; 1.586 ; lrck_cnt[6]  ; lrck_cnt[9]  ; AUD_DACLRCK  ; AUD_DACLRCK ; 0.000        ; 0.000      ; 1.852      ;
; 1.597 ; lrck_cnt[1]  ; lrck_cnt[8]  ; AUD_DACLRCK  ; AUD_DACLRCK ; 0.000        ; 0.000      ; 1.863      ;
; 1.625 ; lrck_cnt[3]  ; lrck_cnt[9]  ; AUD_DACLRCK  ; AUD_DACLRCK ; 0.000        ; 0.000      ; 1.891      ;
; 1.625 ; lrck_cnt[5]  ; lrck_cnt[11] ; AUD_DACLRCK  ; AUD_DACLRCK ; 0.000        ; 0.000      ; 1.891      ;
; 1.629 ; lrck_cnt[8]  ; lrck_cnt[14] ; AUD_DACLRCK  ; AUD_DACLRCK ; 0.000        ; 0.000      ; 1.895      ;
; 1.633 ; lrck_cnt[0]  ; lrck_cnt[6]  ; AUD_DACLRCK  ; AUD_DACLRCK ; 0.000        ; 0.000      ; 1.899      ;
; 1.650 ; lrck_cnt[7]  ; lrck_cnt[13] ; AUD_DACLRCK  ; AUD_DACLRCK ; 0.000        ; 0.000      ; 1.916      ;
; 1.657 ; lrck_cnt[6]  ; lrck_cnt[10] ; AUD_DACLRCK  ; AUD_DACLRCK ; 0.000        ; 0.000      ; 1.923      ;
; 1.695 ; lrck_cnt[2]  ; lrck_cnt[9]  ; AUD_DACLRCK  ; AUD_DACLRCK ; 0.000        ; 0.000      ; 1.961      ;
; 1.696 ; lrck_cnt[3]  ; lrck_cnt[10] ; AUD_DACLRCK  ; AUD_DACLRCK ; 0.000        ; 0.000      ; 1.962      ;
; 1.696 ; lrck_cnt[5]  ; lrck_cnt[12] ; AUD_DACLRCK  ; AUD_DACLRCK ; 0.000        ; 0.000      ; 1.962      ;
; 1.700 ; lrck_cnt[8]  ; lrck_cnt[15] ; AUD_DACLRCK  ; AUD_DACLRCK ; 0.000        ; 0.000      ; 1.966      ;
; 1.704 ; lrck_cnt[0]  ; lrck_cnt[7]  ; AUD_DACLRCK  ; AUD_DACLRCK ; 0.000        ; 0.000      ; 1.970      ;
; 1.721 ; lrck_cnt[7]  ; lrck_cnt[14] ; AUD_DACLRCK  ; AUD_DACLRCK ; 0.000        ; 0.000      ; 1.987      ;
; 1.728 ; lrck_cnt[6]  ; lrck_cnt[11] ; AUD_DACLRCK  ; AUD_DACLRCK ; 0.000        ; 0.000      ; 1.994      ;
; 1.730 ; lrck_cnt[4]  ; lrck_cnt[9]  ; AUD_DACLRCK  ; AUD_DACLRCK ; 0.000        ; 0.000      ; 1.996      ;
; 1.756 ; lrck_cnt[1]  ; lrck_cnt[9]  ; AUD_DACLRCK  ; AUD_DACLRCK ; 0.000        ; 0.000      ; 2.022      ;
; 1.766 ; lrck_cnt[2]  ; lrck_cnt[10] ; AUD_DACLRCK  ; AUD_DACLRCK ; 0.000        ; 0.000      ; 2.032      ;
; 1.767 ; lrck_cnt[3]  ; lrck_cnt[11] ; AUD_DACLRCK  ; AUD_DACLRCK ; 0.000        ; 0.000      ; 2.033      ;
; 1.767 ; lrck_cnt[5]  ; lrck_cnt[13] ; AUD_DACLRCK  ; AUD_DACLRCK ; 0.000        ; 0.000      ; 2.033      ;
+-------+--------------+--------------+--------------+-------------+--------------+------------+------------+


+------------------------------------------------------------------------------------------------------------------------------------------------------+
; Slow Model Recovery: 'CLOCK_50'                                                                                                                      ;
+--------+------------------------------+----------------------------------------+--------------+-------------+--------------+------------+------------+
; Slack  ; From Node                    ; To Node                                ; Launch Clock ; Latch Clock ; Relationship ; Clock Skew ; Data Delay ;
+--------+------------------------------+----------------------------------------+--------------+-------------+--------------+------------+------------+
; -2.476 ; audio_pll:u_audio_pll|locked ; i2s_receiver:u_i2s_rx|left_data[0]     ; CLOCK_50     ; CLOCK_50    ; 1.000        ; 0.036      ; 3.465      ;
; -2.476 ; audio_pll:u_audio_pll|locked ; i2s_receiver:u_i2s_rx|left_data[1]     ; CLOCK_50     ; CLOCK_50    ; 1.000        ; 0.036      ; 3.465      ;
; -2.476 ; audio_pll:u_audio_pll|locked ; i2s_receiver:u_i2s_rx|left_data[2]     ; CLOCK_50     ; CLOCK_50    ; 1.000        ; 0.036      ; 3.465      ;
; -2.476 ; audio_pll:u_audio_pll|locked ; i2s_receiver:u_i2s_rx|left_data[3]     ; CLOCK_50     ; CLOCK_50    ; 1.000        ; 0.036      ; 3.465      ;
; -2.476 ; audio_pll:u_audio_pll|locked ; i2s_receiver:u_i2s_rx|left_data[4]     ; CLOCK_50     ; CLOCK_50    ; 1.000        ; 0.036      ; 3.465      ;
; -2.476 ; audio_pll:u_audio_pll|locked ; i2s_receiver:u_i2s_rx|left_data[5]     ; CLOCK_50     ; CLOCK_50    ; 1.000        ; 0.036      ; 3.465      ;
; -2.476 ; audio_pll:u_audio_pll|locked ; i2s_receiver:u_i2s_rx|left_data[6]     ; CLOCK_50     ; CLOCK_50    ; 1.000        ; 0.036      ; 3.465      ;
; -2.476 ; audio_pll:u_audio_pll|locked ; i2s_receiver:u_i2s_rx|left_data[7]     ; CLOCK_50     ; CLOCK_50    ; 1.000        ; 0.036      ; 3.465      ;
; -2.476 ; audio_pll:u_audio_pll|locked ; i2s_receiver:u_i2s_rx|left_data[8]     ; CLOCK_50     ; CLOCK_50    ; 1.000        ; 0.036      ; 3.465      ;
; -2.476 ; audio_pll:u_audio_pll|locked ; i2s_receiver:u_i2s_rx|left_data[9]     ; CLOCK_50     ; CLOCK_50    ; 1.000        ; 0.036      ; 3.465      ;
; -2.476 ; audio_pll:u_audio_pll|locked ; i2s_receiver:u_i2s_rx|left_data[10]    ; CLOCK_50     ; CLOCK_50    ; 1.000        ; 0.036      ; 3.465      ;
; -2.476 ; audio_pll:u_audio_pll|locked ; i2s_receiver:u_i2s_rx|left_data[11]    ; CLOCK_50     ; CLOCK_50    ; 1.000        ; 0.036      ; 3.465      ;
; -2.476 ; audio_pll:u_audio_pll|locked ; i2s_receiver:u_i2s_rx|left_data[12]    ; CLOCK_50     ; CLOCK_50    ; 1.000        ; 0.036      ; 3.465      ;
; -2.476 ; audio_pll:u_audio_pll|locked ; i2s_receiver:u_i2s_rx|left_data[13]    ; CLOCK_50     ; CLOCK_50    ; 1.000        ; 0.036      ; 3.465      ;
; -2.476 ; audio_pll:u_audio_pll|locked ; i2s_receiver:u_i2s_rx|left_data[14]    ; CLOCK_50     ; CLOCK_50    ; 1.000        ; 0.036      ; 3.465      ;
; -2.476 ; audio_pll:u_audio_pll|locked ; i2s_receiver:u_i2s_rx|left_data[15]    ; CLOCK_50     ; CLOCK_50    ; 1.000        ; 0.036      ; 3.465      ;
; -2.476 ; audio_pll:u_audio_pll|locked ; i2s_receiver:u_i2s_rx|right_data[0]    ; CLOCK_50     ; CLOCK_50    ; 1.000        ; 0.034      ; 3.463      ;
; -2.476 ; audio_pll:u_audio_pll|locked ; i2s_receiver:u_i2s_rx|right_data[1]    ; CLOCK_50     ; CLOCK_50    ; 1.000        ; 0.034      ; 3.463      ;
; -2.476 ; audio_pll:u_audio_pll|locked ; i2s_receiver:u_i2s_rx|right_data[2]    ; CLOCK_50     ; CLOCK_50    ; 1.000        ; 0.034      ; 3.463      ;
; -2.476 ; audio_pll:u_audio_pll|locked ; i2s_receiver:u_i2s_rx|right_data[3]    ; CLOCK_50     ; CLOCK_50    ; 1.000        ; 0.034      ; 3.463      ;
; -2.476 ; audio_pll:u_audio_pll|locked ; i2s_receiver:u_i2s_rx|right_data[4]    ; CLOCK_50     ; CLOCK_50    ; 1.000        ; 0.034      ; 3.463      ;
; -2.476 ; audio_pll:u_audio_pll|locked ; i2s_receiver:u_i2s_rx|right_data[5]    ; CLOCK_50     ; CLOCK_50    ; 1.000        ; 0.034      ; 3.463      ;
; -2.476 ; audio_pll:u_audio_pll|locked ; i2s_receiver:u_i2s_rx|right_data[6]    ; CLOCK_50     ; CLOCK_50    ; 1.000        ; 0.034      ; 3.463      ;
; -2.476 ; audio_pll:u_audio_pll|locked ; i2s_receiver:u_i2s_rx|right_data[7]    ; CLOCK_50     ; CLOCK_50    ; 1.000        ; 0.034      ; 3.463      ;
; -2.476 ; audio_pll:u_audio_pll|locked ; i2s_receiver:u_i2s_rx|right_data[8]    ; CLOCK_50     ; CLOCK_50    ; 1.000        ; 0.034      ; 3.463      ;
; -2.476 ; audio_pll:u_audio_pll|locked ; i2s_receiver:u_i2s_rx|right_data[9]    ; CLOCK_50     ; CLOCK_50    ; 1.000        ; 0.034      ; 3.463      ;
; -2.476 ; audio_pll:u_audio_pll|locked ; i2s_receiver:u_i2s_rx|right_data[10]   ; CLOCK_50     ; CLOCK_50    ; 1.000        ; 0.034      ; 3.463      ;
; -2.476 ; audio_pll:u_audio_pll|locked ; i2s_receiver:u_i2s_rx|right_data[11]   ; CLOCK_50     ; CLOCK_50    ; 1.000        ; 0.034      ; 3.463      ;
; -2.476 ; audio_pll:u_audio_pll|locked ; i2s_receiver:u_i2s_rx|right_data[12]   ; CLOCK_50     ; CLOCK_50    ; 1.000        ; 0.034      ; 3.463      ;
; -2.476 ; audio_pll:u_audio_pll|locked ; i2s_receiver:u_i2s_rx|right_data[13]   ; CLOCK_50     ; CLOCK_50    ; 1.000        ; 0.034      ; 3.463      ;
; -2.476 ; audio_pll:u_audio_pll|locked ; i2s_receiver:u_i2s_rx|right_data[14]   ; CLOCK_50     ; CLOCK_50    ; 1.000        ; 0.034      ; 3.463      ;
; -2.476 ; audio_pll:u_audio_pll|locked ; i2s_receiver:u_i2s_rx|right_data[15]   ; CLOCK_50     ; CLOCK_50    ; 1.000        ; 0.034      ; 3.463      ;
; -2.001 ; audio_pll:u_audio_pll|locked ; i2s_transmitter:u_i2s_tx|lr_r3         ; CLOCK_50     ; CLOCK_50    ; 1.000        ; -0.007     ; 3.030      ;
; -2.001 ; audio_pll:u_audio_pll|locked ; i2s_transmitter:u_i2s_tx|tx_shift[1]   ; CLOCK_50     ; CLOCK_50    ; 1.000        ; -0.008     ; 3.029      ;
; -2.001 ; audio_pll:u_audio_pll|locked ; i2s_transmitter:u_i2s_tx|tx_shift[2]   ; CLOCK_50     ; CLOCK_50    ; 1.000        ; -0.008     ; 3.029      ;
; -2.001 ; audio_pll:u_audio_pll|locked ; i2s_transmitter:u_i2s_tx|tx_shift[4]   ; CLOCK_50     ; CLOCK_50    ; 1.000        ; -0.008     ; 3.029      ;
; -2.001 ; audio_pll:u_audio_pll|locked ; i2s_transmitter:u_i2s_tx|tx_shift[5]   ; CLOCK_50     ; CLOCK_50    ; 1.000        ; -0.008     ; 3.029      ;
; -2.001 ; audio_pll:u_audio_pll|locked ; i2s_transmitter:u_i2s_tx|tx_shift[6]   ; CLOCK_50     ; CLOCK_50    ; 1.000        ; -0.010     ; 3.027      ;
; -2.001 ; audio_pll:u_audio_pll|locked ; i2s_transmitter:u_i2s_tx|tx_shift[7]   ; CLOCK_50     ; CLOCK_50    ; 1.000        ; -0.010     ; 3.027      ;
; -2.001 ; audio_pll:u_audio_pll|locked ; i2s_transmitter:u_i2s_tx|tx_shift[8]   ; CLOCK_50     ; CLOCK_50    ; 1.000        ; -0.010     ; 3.027      ;
; -2.001 ; audio_pll:u_audio_pll|locked ; i2s_transmitter:u_i2s_tx|tx_shift[10]  ; CLOCK_50     ; CLOCK_50    ; 1.000        ; -0.010     ; 3.027      ;
; -2.001 ; audio_pll:u_audio_pll|locked ; i2s_transmitter:u_i2s_tx|tx_shift[11]  ; CLOCK_50     ; CLOCK_50    ; 1.000        ; -0.010     ; 3.027      ;
; -2.001 ; audio_pll:u_audio_pll|locked ; i2s_transmitter:u_i2s_tx|tx_shift[12]  ; CLOCK_50     ; CLOCK_50    ; 1.000        ; -0.010     ; 3.027      ;
; -2.001 ; audio_pll:u_audio_pll|locked ; i2s_transmitter:u_i2s_tx|tx_shift[15]  ; CLOCK_50     ; CLOCK_50    ; 1.000        ; -0.008     ; 3.029      ;
; -2.000 ; audio_pll:u_audio_pll|locked ; i2s_transmitter:u_i2s_tx|lr_r1         ; CLOCK_50     ; CLOCK_50    ; 1.000        ; -0.009     ; 3.027      ;
; -2.000 ; audio_pll:u_audio_pll|locked ; i2s_receiver:u_i2s_rx|left_buf[14]     ; CLOCK_50     ; CLOCK_50    ; 1.000        ; -0.012     ; 3.024      ;
; -2.000 ; audio_pll:u_audio_pll|locked ; i2s_receiver:u_i2s_rx|left_buf[13]     ; CLOCK_50     ; CLOCK_50    ; 1.000        ; -0.012     ; 3.024      ;
; -2.000 ; audio_pll:u_audio_pll|locked ; i2s_receiver:u_i2s_rx|left_buf[12]     ; CLOCK_50     ; CLOCK_50    ; 1.000        ; -0.012     ; 3.024      ;
; -2.000 ; audio_pll:u_audio_pll|locked ; i2s_receiver:u_i2s_rx|left_buf[11]     ; CLOCK_50     ; CLOCK_50    ; 1.000        ; -0.012     ; 3.024      ;
; -2.000 ; audio_pll:u_audio_pll|locked ; i2s_receiver:u_i2s_rx|left_buf[10]     ; CLOCK_50     ; CLOCK_50    ; 1.000        ; -0.012     ; 3.024      ;
; -2.000 ; audio_pll:u_audio_pll|locked ; i2s_receiver:u_i2s_rx|left_buf[9]      ; CLOCK_50     ; CLOCK_50    ; 1.000        ; -0.012     ; 3.024      ;
; -2.000 ; audio_pll:u_audio_pll|locked ; i2s_receiver:u_i2s_rx|left_buf[8]      ; CLOCK_50     ; CLOCK_50    ; 1.000        ; -0.012     ; 3.024      ;
; -2.000 ; audio_pll:u_audio_pll|locked ; i2s_receiver:u_i2s_rx|left_buf[7]      ; CLOCK_50     ; CLOCK_50    ; 1.000        ; -0.012     ; 3.024      ;
; -2.000 ; audio_pll:u_audio_pll|locked ; i2s_receiver:u_i2s_rx|left_buf[6]      ; CLOCK_50     ; CLOCK_50    ; 1.000        ; -0.012     ; 3.024      ;
; -2.000 ; audio_pll:u_audio_pll|locked ; i2s_receiver:u_i2s_rx|left_buf[5]      ; CLOCK_50     ; CLOCK_50    ; 1.000        ; -0.012     ; 3.024      ;
; -2.000 ; audio_pll:u_audio_pll|locked ; i2s_receiver:u_i2s_rx|left_buf[4]      ; CLOCK_50     ; CLOCK_50    ; 1.000        ; -0.012     ; 3.024      ;
; -2.000 ; audio_pll:u_audio_pll|locked ; i2s_receiver:u_i2s_rx|left_buf[3]      ; CLOCK_50     ; CLOCK_50    ; 1.000        ; -0.012     ; 3.024      ;
; -2.000 ; audio_pll:u_audio_pll|locked ; i2s_receiver:u_i2s_rx|left_buf[2]      ; CLOCK_50     ; CLOCK_50    ; 1.000        ; -0.012     ; 3.024      ;
; -2.000 ; audio_pll:u_audio_pll|locked ; i2s_receiver:u_i2s_rx|left_buf[1]      ; CLOCK_50     ; CLOCK_50    ; 1.000        ; -0.012     ; 3.024      ;
; -2.000 ; audio_pll:u_audio_pll|locked ; i2s_receiver:u_i2s_rx|left_buf[0]      ; CLOCK_50     ; CLOCK_50    ; 1.000        ; -0.012     ; 3.024      ;
; -2.000 ; audio_pll:u_audio_pll|locked ; i2s_transmitter:u_i2s_tx|tx_shift[0]   ; CLOCK_50     ; CLOCK_50    ; 1.000        ; -0.010     ; 3.026      ;
; -2.000 ; audio_pll:u_audio_pll|locked ; i2s_transmitter:u_i2s_tx|tx_shift[3]   ; CLOCK_50     ; CLOCK_50    ; 1.000        ; -0.008     ; 3.028      ;
; -2.000 ; audio_pll:u_audio_pll|locked ; i2s_transmitter:u_i2s_tx|tx_shift[9]   ; CLOCK_50     ; CLOCK_50    ; 1.000        ; -0.008     ; 3.028      ;
; -2.000 ; audio_pll:u_audio_pll|locked ; i2s_transmitter:u_i2s_tx|tx_shift[13]  ; CLOCK_50     ; CLOCK_50    ; 1.000        ; -0.008     ; 3.028      ;
; -2.000 ; audio_pll:u_audio_pll|locked ; i2s_transmitter:u_i2s_tx|tx_shift[14]  ; CLOCK_50     ; CLOCK_50    ; 1.000        ; -0.008     ; 3.028      ;
; -2.000 ; audio_pll:u_audio_pll|locked ; i2c_av_config:u_i2c_cfg|cnt[0]         ; CLOCK_50     ; CLOCK_50    ; 1.000        ; -0.014     ; 3.022      ;
; -2.000 ; audio_pll:u_audio_pll|locked ; i2c_av_config:u_i2c_cfg|cnt[2]         ; CLOCK_50     ; CLOCK_50    ; 1.000        ; -0.014     ; 3.022      ;
; -2.000 ; audio_pll:u_audio_pll|locked ; i2c_av_config:u_i2c_cfg|cnt[3]         ; CLOCK_50     ; CLOCK_50    ; 1.000        ; -0.018     ; 3.018      ;
; -2.000 ; audio_pll:u_audio_pll|locked ; i2c_av_config:u_i2c_cfg|cnt[4]         ; CLOCK_50     ; CLOCK_50    ; 1.000        ; -0.018     ; 3.018      ;
; -2.000 ; audio_pll:u_audio_pll|locked ; i2c_av_config:u_i2c_cfg|cnt[1]         ; CLOCK_50     ; CLOCK_50    ; 1.000        ; -0.014     ; 3.022      ;
; -2.000 ; audio_pll:u_audio_pll|locked ; i2c_av_config:u_i2c_cfg|cnt[5]         ; CLOCK_50     ; CLOCK_50    ; 1.000        ; -0.014     ; 3.022      ;
; -2.000 ; audio_pll:u_audio_pll|locked ; i2c_av_config:u_i2c_cfg|cnt[6]         ; CLOCK_50     ; CLOCK_50    ; 1.000        ; -0.014     ; 3.022      ;
; -2.000 ; audio_pll:u_audio_pll|locked ; i2c_av_config:u_i2c_cfg|cnt[7]         ; CLOCK_50     ; CLOCK_50    ; 1.000        ; -0.014     ; 3.022      ;
; -2.000 ; audio_pll:u_audio_pll|locked ; i2c_av_config:u_i2c_cfg|cnt[8]         ; CLOCK_50     ; CLOCK_50    ; 1.000        ; -0.014     ; 3.022      ;
; -2.000 ; audio_pll:u_audio_pll|locked ; i2c_av_config:u_i2c_cfg|tick           ; CLOCK_50     ; CLOCK_50    ; 1.000        ; -0.018     ; 3.018      ;
; -2.000 ; audio_pll:u_audio_pll|locked ; i2c_av_config:u_i2c_cfg|reg_idx[2]     ; CLOCK_50     ; CLOCK_50    ; 1.000        ; -0.018     ; 3.018      ;
; -2.000 ; audio_pll:u_audio_pll|locked ; i2c_av_config:u_i2c_cfg|reg_idx[3]     ; CLOCK_50     ; CLOCK_50    ; 1.000        ; -0.018     ; 3.018      ;
; -2.000 ; audio_pll:u_audio_pll|locked ; i2c_av_config:u_i2c_cfg|dly[2]         ; CLOCK_50     ; CLOCK_50    ; 1.000        ; -0.021     ; 3.015      ;
; -2.000 ; audio_pll:u_audio_pll|locked ; i2c_av_config:u_i2c_cfg|dly[3]         ; CLOCK_50     ; CLOCK_50    ; 1.000        ; -0.021     ; 3.015      ;
; -2.000 ; audio_pll:u_audio_pll|locked ; i2c_av_config:u_i2c_cfg|dly[4]         ; CLOCK_50     ; CLOCK_50    ; 1.000        ; -0.021     ; 3.015      ;
; -2.000 ; audio_pll:u_audio_pll|locked ; i2c_av_config:u_i2c_cfg|dly[5]         ; CLOCK_50     ; CLOCK_50    ; 1.000        ; -0.021     ; 3.015      ;
; -2.000 ; audio_pll:u_audio_pll|locked ; i2c_av_config:u_i2c_cfg|dly[6]         ; CLOCK_50     ; CLOCK_50    ; 1.000        ; -0.021     ; 3.015      ;
; -2.000 ; audio_pll:u_audio_pll|locked ; i2c_av_config:u_i2c_cfg|dly[7]         ; CLOCK_50     ; CLOCK_50    ; 1.000        ; -0.021     ; 3.015      ;
; -2.000 ; audio_pll:u_audio_pll|locked ; i2c_av_config:u_i2c_cfg|dly[8]         ; CLOCK_50     ; CLOCK_50    ; 1.000        ; -0.021     ; 3.015      ;
; -2.000 ; audio_pll:u_audio_pll|locked ; i2c_av_config:u_i2c_cfg|dly[0]         ; CLOCK_50     ; CLOCK_50    ; 1.000        ; -0.021     ; 3.015      ;
; -2.000 ; audio_pll:u_audio_pll|locked ; i2c_av_config:u_i2c_cfg|dly[1]         ; CLOCK_50     ; CLOCK_50    ; 1.000        ; -0.021     ; 3.015      ;
; -2.000 ; audio_pll:u_audio_pll|locked ; i2c_av_config:u_i2c_cfg|state.S_IDLE   ; CLOCK_50     ; CLOCK_50    ; 1.000        ; -0.022     ; 3.014      ;
; -2.000 ; audio_pll:u_audio_pll|locked ; i2c_av_config:u_i2c_cfg|state.S_DONE   ; CLOCK_50     ; CLOCK_50    ; 1.000        ; -0.022     ; 3.014      ;
; -2.000 ; audio_pll:u_audio_pll|locked ; i2c_av_config:u_i2c_cfg|state.S_START1 ; CLOCK_50     ; CLOCK_50    ; 1.000        ; -0.022     ; 3.014      ;
; -2.000 ; audio_pll:u_audio_pll|locked ; i2c_av_config:u_i2c_cfg|reg_idx[0]     ; CLOCK_50     ; CLOCK_50    ; 1.000        ; -0.018     ; 3.018      ;
; -2.000 ; audio_pll:u_audio_pll|locked ; i2c_av_config:u_i2c_cfg|reg_idx[1]     ; CLOCK_50     ; CLOCK_50    ; 1.000        ; -0.018     ; 3.018      ;
; -2.000 ; audio_pll:u_audio_pll|locked ; i2c_av_config:u_i2c_cfg|tx_byte[1]     ; CLOCK_50     ; CLOCK_50    ; 1.000        ; -0.015     ; 3.021      ;
; -2.000 ; audio_pll:u_audio_pll|locked ; i2c_av_config:u_i2c_cfg|tx_byte[2]     ; CLOCK_50     ; CLOCK_50    ; 1.000        ; -0.015     ; 3.021      ;
; -2.000 ; audio_pll:u_audio_pll|locked ; i2c_av_config:u_i2c_cfg|tx_byte[3]     ; CLOCK_50     ; CLOCK_50    ; 1.000        ; -0.015     ; 3.021      ;
; -2.000 ; audio_pll:u_audio_pll|locked ; i2c_av_config:u_i2c_cfg|tx_byte[4]     ; CLOCK_50     ; CLOCK_50    ; 1.000        ; -0.015     ; 3.021      ;
; -2.000 ; audio_pll:u_audio_pll|locked ; i2c_av_config:u_i2c_cfg|tx_byte[5]     ; CLOCK_50     ; CLOCK_50    ; 1.000        ; -0.015     ; 3.021      ;
; -2.000 ; audio_pll:u_audio_pll|locked ; i2c_av_config:u_i2c_cfg|tx_byte[6]     ; CLOCK_50     ; CLOCK_50    ; 1.000        ; -0.015     ; 3.021      ;
; -2.000 ; audio_pll:u_audio_pll|locked ; i2c_av_config:u_i2c_cfg|tx_byte[7]     ; CLOCK_50     ; CLOCK_50    ; 1.000        ; -0.015     ; 3.021      ;
; -1.999 ; audio_pll:u_audio_pll|locked ; i2s_transmitter:u_i2s_tx|bclk_r1       ; CLOCK_50     ; CLOCK_50    ; 1.000        ; -0.008     ; 3.027      ;
; -1.999 ; audio_pll:u_audio_pll|locked ; i2c_av_config:u_i2c_cfg|byte_idx[0]    ; CLOCK_50     ; CLOCK_50    ; 1.000        ; -0.016     ; 3.019      ;
+--------+------------------------------+----------------------------------------+--------------+-------------+--------------+------------+------------+


+----------------------------------------------------------------------------------------------------------------------------+
; Slow Model Recovery: 'AUD_BCLK'                                                                                            ;
+--------+------------------------------+--------------+--------------+-------------+--------------+------------+------------+
; Slack  ; From Node                    ; To Node      ; Launch Clock ; Latch Clock ; Relationship ; Clock Skew ; Data Delay ;
+--------+------------------------------+--------------+--------------+-------------+--------------+------------+------------+
; -2.323 ; audio_pll:u_audio_pll|locked ; bclk_cnt[0]  ; CLOCK_50     ; AUD_BCLK    ; 1.000        ; -0.331     ; 3.028      ;
; -2.323 ; audio_pll:u_audio_pll|locked ; bclk_cnt[1]  ; CLOCK_50     ; AUD_BCLK    ; 1.000        ; -0.331     ; 3.028      ;
; -2.323 ; audio_pll:u_audio_pll|locked ; bclk_cnt[2]  ; CLOCK_50     ; AUD_BCLK    ; 1.000        ; -0.331     ; 3.028      ;
; -2.323 ; audio_pll:u_audio_pll|locked ; bclk_cnt[3]  ; CLOCK_50     ; AUD_BCLK    ; 1.000        ; -0.331     ; 3.028      ;
; -2.323 ; audio_pll:u_audio_pll|locked ; bclk_cnt[4]  ; CLOCK_50     ; AUD_BCLK    ; 1.000        ; -0.331     ; 3.028      ;
; -2.323 ; audio_pll:u_audio_pll|locked ; bclk_cnt[5]  ; CLOCK_50     ; AUD_BCLK    ; 1.000        ; -0.331     ; 3.028      ;
; -2.323 ; audio_pll:u_audio_pll|locked ; bclk_cnt[6]  ; CLOCK_50     ; AUD_BCLK    ; 1.000        ; -0.331     ; 3.028      ;
; -2.323 ; audio_pll:u_audio_pll|locked ; bclk_cnt[7]  ; CLOCK_50     ; AUD_BCLK    ; 1.000        ; -0.331     ; 3.028      ;
; -2.323 ; audio_pll:u_audio_pll|locked ; bclk_cnt[8]  ; CLOCK_50     ; AUD_BCLK    ; 1.000        ; -0.331     ; 3.028      ;
; -2.323 ; audio_pll:u_audio_pll|locked ; bclk_cnt[9]  ; CLOCK_50     ; AUD_BCLK    ; 1.000        ; -0.331     ; 3.028      ;
; -2.323 ; audio_pll:u_audio_pll|locked ; bclk_cnt[10] ; CLOCK_50     ; AUD_BCLK    ; 1.000        ; -0.331     ; 3.028      ;
; -2.323 ; audio_pll:u_audio_pll|locked ; bclk_cnt[11] ; CLOCK_50     ; AUD_BCLK    ; 1.000        ; -0.331     ; 3.028      ;
; -2.306 ; audio_pll:u_audio_pll|locked ; bclk_cnt[12] ; CLOCK_50     ; AUD_BCLK    ; 1.000        ; -0.315     ; 3.027      ;
; -2.306 ; audio_pll:u_audio_pll|locked ; bclk_cnt[13] ; CLOCK_50     ; AUD_BCLK    ; 1.000        ; -0.315     ; 3.027      ;
; -2.306 ; audio_pll:u_audio_pll|locked ; bclk_cnt[14] ; CLOCK_50     ; AUD_BCLK    ; 1.000        ; -0.315     ; 3.027      ;
; -2.306 ; audio_pll:u_audio_pll|locked ; bclk_cnt[15] ; CLOCK_50     ; AUD_BCLK    ; 1.000        ; -0.315     ; 3.027      ;
; -2.306 ; audio_pll:u_audio_pll|locked ; bclk_cnt[16] ; CLOCK_50     ; AUD_BCLK    ; 1.000        ; -0.315     ; 3.027      ;
; -2.306 ; audio_pll:u_audio_pll|locked ; bclk_cnt[17] ; CLOCK_50     ; AUD_BCLK    ; 1.000        ; -0.315     ; 3.027      ;
; -2.306 ; audio_pll:u_audio_pll|locked ; bclk_cnt[18] ; CLOCK_50     ; AUD_BCLK    ; 1.000        ; -0.315     ; 3.027      ;
; -2.306 ; audio_pll:u_audio_pll|locked ; bclk_cnt[19] ; CLOCK_50     ; AUD_BCLK    ; 1.000        ; -0.315     ; 3.027      ;
; -2.306 ; audio_pll:u_audio_pll|locked ; bclk_cnt[20] ; CLOCK_50     ; AUD_BCLK    ; 1.000        ; -0.315     ; 3.027      ;
; -2.306 ; audio_pll:u_audio_pll|locked ; bclk_cnt[21] ; CLOCK_50     ; AUD_BCLK    ; 1.000        ; -0.315     ; 3.027      ;
; -2.306 ; audio_pll:u_audio_pll|locked ; bclk_cnt[22] ; CLOCK_50     ; AUD_BCLK    ; 1.000        ; -0.315     ; 3.027      ;
; -2.306 ; audio_pll:u_audio_pll|locked ; bclk_cnt[23] ; CLOCK_50     ; AUD_BCLK    ; 1.000        ; -0.315     ; 3.027      ;
+--------+------------------------------+--------------+--------------+-------------+--------------+------------+------------+


+----------------------------------------------------------------------------------------------------------------------------+
; Slow Model Recovery: 'AUD_DACLRCK'                                                                                         ;
+--------+------------------------------+--------------+--------------+-------------+--------------+------------+------------+
; Slack  ; From Node                    ; To Node      ; Launch Clock ; Latch Clock ; Relationship ; Clock Skew ; Data Delay ;
+--------+------------------------------+--------------+--------------+-------------+--------------+------------+------------+
; -2.276 ; audio_pll:u_audio_pll|locked ; lrck_cnt[0]  ; CLOCK_50     ; AUD_DACLRCK ; 1.000        ; -0.289     ; 3.023      ;
; -2.276 ; audio_pll:u_audio_pll|locked ; lrck_cnt[1]  ; CLOCK_50     ; AUD_DACLRCK ; 1.000        ; -0.289     ; 3.023      ;
; -2.276 ; audio_pll:u_audio_pll|locked ; lrck_cnt[2]  ; CLOCK_50     ; AUD_DACLRCK ; 1.000        ; -0.289     ; 3.023      ;
; -2.276 ; audio_pll:u_audio_pll|locked ; lrck_cnt[3]  ; CLOCK_50     ; AUD_DACLRCK ; 1.000        ; -0.289     ; 3.023      ;
; -2.276 ; audio_pll:u_audio_pll|locked ; lrck_cnt[4]  ; CLOCK_50     ; AUD_DACLRCK ; 1.000        ; -0.289     ; 3.023      ;
; -2.276 ; audio_pll:u_audio_pll|locked ; lrck_cnt[5]  ; CLOCK_50     ; AUD_DACLRCK ; 1.000        ; -0.289     ; 3.023      ;
; -2.276 ; audio_pll:u_audio_pll|locked ; lrck_cnt[6]  ; CLOCK_50     ; AUD_DACLRCK ; 1.000        ; -0.289     ; 3.023      ;
; -2.276 ; audio_pll:u_audio_pll|locked ; lrck_cnt[7]  ; CLOCK_50     ; AUD_DACLRCK ; 1.000        ; -0.289     ; 3.023      ;
; -2.276 ; audio_pll:u_audio_pll|locked ; lrck_cnt[8]  ; CLOCK_50     ; AUD_DACLRCK ; 1.000        ; -0.289     ; 3.023      ;
; -2.276 ; audio_pll:u_audio_pll|locked ; lrck_cnt[9]  ; CLOCK_50     ; AUD_DACLRCK ; 1.000        ; -0.289     ; 3.023      ;
; -2.276 ; audio_pll:u_audio_pll|locked ; lrck_cnt[10] ; CLOCK_50     ; AUD_DACLRCK ; 1.000        ; -0.289     ; 3.023      ;
; -2.276 ; audio_pll:u_audio_pll|locked ; lrck_cnt[11] ; CLOCK_50     ; AUD_DACLRCK ; 1.000        ; -0.289     ; 3.023      ;
; -2.276 ; audio_pll:u_audio_pll|locked ; lrck_cnt[12] ; CLOCK_50     ; AUD_DACLRCK ; 1.000        ; -0.289     ; 3.023      ;
; -2.276 ; audio_pll:u_audio_pll|locked ; lrck_cnt[13] ; CLOCK_50     ; AUD_DACLRCK ; 1.000        ; -0.289     ; 3.023      ;
; -2.276 ; audio_pll:u_audio_pll|locked ; lrck_cnt[14] ; CLOCK_50     ; AUD_DACLRCK ; 1.000        ; -0.289     ; 3.023      ;
; -2.276 ; audio_pll:u_audio_pll|locked ; lrck_cnt[15] ; CLOCK_50     ; AUD_DACLRCK ; 1.000        ; -0.289     ; 3.023      ;
+--------+------------------------------+--------------+--------------+-------------+--------------+------------+------------+


+----------------------------------------------------------------------------------------------------------------------------------------------------------------+
; Slow Model Removal: 'CLOCK_50'                                                                                                                                 ;
+-------+------------------------------+---------------------------------------------------+--------------+-------------+--------------+------------+------------+
; Slack ; From Node                    ; To Node                                           ; Launch Clock ; Latch Clock ; Relationship ; Clock Skew ; Data Delay ;
+-------+------------------------------+---------------------------------------------------+--------------+-------------+--------------+------------+------------+
; 2.750 ; audio_pll:u_audio_pll|locked ; i2s_receiver:u_i2s_rx|lr_r1                       ; CLOCK_50     ; CLOCK_50    ; 0.000        ; -0.030     ; 2.986      ;
; 2.750 ; audio_pll:u_audio_pll|locked ; i2s_receiver:u_i2s_rx|lr_r2                       ; CLOCK_50     ; CLOCK_50    ; 0.000        ; -0.030     ; 2.986      ;
; 2.750 ; audio_pll:u_audio_pll|locked ; i2s_transmitter:u_i2s_tx|bclk_r2                  ; CLOCK_50     ; CLOCK_50    ; 0.000        ; -0.021     ; 2.995      ;
; 2.750 ; audio_pll:u_audio_pll|locked ; i2s_receiver:u_i2s_rx|skip_first                  ; CLOCK_50     ; CLOCK_50    ; 0.000        ; -0.030     ; 2.986      ;
; 2.750 ; audio_pll:u_audio_pll|locked ; i2s_receiver:u_i2s_rx|bit_cnt[0]                  ; CLOCK_50     ; CLOCK_50    ; 0.000        ; -0.030     ; 2.986      ;
; 2.750 ; audio_pll:u_audio_pll|locked ; i2s_receiver:u_i2s_rx|bit_cnt[1]                  ; CLOCK_50     ; CLOCK_50    ; 0.000        ; -0.030     ; 2.986      ;
; 2.750 ; audio_pll:u_audio_pll|locked ; i2s_receiver:u_i2s_rx|bit_cnt[2]                  ; CLOCK_50     ; CLOCK_50    ; 0.000        ; -0.030     ; 2.986      ;
; 2.750 ; audio_pll:u_audio_pll|locked ; i2s_receiver:u_i2s_rx|bit_cnt[3]                  ; CLOCK_50     ; CLOCK_50    ; 0.000        ; -0.030     ; 2.986      ;
; 2.750 ; audio_pll:u_audio_pll|locked ; i2s_receiver:u_i2s_rx|bit_cnt[4]                  ; CLOCK_50     ; CLOCK_50    ; 0.000        ; -0.030     ; 2.986      ;
; 2.750 ; audio_pll:u_audio_pll|locked ; i2s_receiver:u_i2s_rx|left_buf[15]                ; CLOCK_50     ; CLOCK_50    ; 0.000        ; -0.016     ; 3.000      ;
; 2.750 ; audio_pll:u_audio_pll|locked ; i2s_receiver:u_i2s_rx|left_data[15]~_Duplicate_1  ; CLOCK_50     ; CLOCK_50    ; 0.000        ; -0.016     ; 3.000      ;
; 2.750 ; audio_pll:u_audio_pll|locked ; i2s_receiver:u_i2s_rx|right_data[15]~_Duplicate_1 ; CLOCK_50     ; CLOCK_50    ; 0.000        ; -0.016     ; 3.000      ;
; 2.751 ; audio_pll:u_audio_pll|locked ; i2s_receiver:u_i2s_rx|data_valid                  ; CLOCK_50     ; CLOCK_50    ; 0.000        ; -0.010     ; 3.007      ;
; 2.751 ; audio_pll:u_audio_pll|locked ; valid_cnt[0]                                      ; CLOCK_50     ; CLOCK_50    ; 0.000        ; -0.009     ; 3.008      ;
; 2.751 ; audio_pll:u_audio_pll|locked ; valid_cnt[1]                                      ; CLOCK_50     ; CLOCK_50    ; 0.000        ; -0.009     ; 3.008      ;
; 2.751 ; audio_pll:u_audio_pll|locked ; valid_cnt[2]                                      ; CLOCK_50     ; CLOCK_50    ; 0.000        ; -0.009     ; 3.008      ;
; 2.751 ; audio_pll:u_audio_pll|locked ; valid_cnt[3]                                      ; CLOCK_50     ; CLOCK_50    ; 0.000        ; -0.009     ; 3.008      ;
; 2.751 ; audio_pll:u_audio_pll|locked ; valid_cnt[4]                                      ; CLOCK_50     ; CLOCK_50    ; 0.000        ; -0.009     ; 3.008      ;
; 2.751 ; audio_pll:u_audio_pll|locked ; valid_cnt[5]                                      ; CLOCK_50     ; CLOCK_50    ; 0.000        ; -0.009     ; 3.008      ;
; 2.751 ; audio_pll:u_audio_pll|locked ; valid_cnt[6]                                      ; CLOCK_50     ; CLOCK_50    ; 0.000        ; -0.009     ; 3.008      ;
; 2.751 ; audio_pll:u_audio_pll|locked ; valid_cnt[7]                                      ; CLOCK_50     ; CLOCK_50    ; 0.000        ; -0.009     ; 3.008      ;
; 2.751 ; audio_pll:u_audio_pll|locked ; valid_cnt[8]                                      ; CLOCK_50     ; CLOCK_50    ; 0.000        ; -0.009     ; 3.008      ;
; 2.751 ; audio_pll:u_audio_pll|locked ; valid_cnt[9]                                      ; CLOCK_50     ; CLOCK_50    ; 0.000        ; -0.009     ; 3.008      ;
; 2.751 ; audio_pll:u_audio_pll|locked ; valid_cnt[10]                                     ; CLOCK_50     ; CLOCK_50    ; 0.000        ; -0.009     ; 3.008      ;
; 2.751 ; audio_pll:u_audio_pll|locked ; valid_cnt[11]                                     ; CLOCK_50     ; CLOCK_50    ; 0.000        ; -0.009     ; 3.008      ;
; 2.751 ; audio_pll:u_audio_pll|locked ; valid_cnt[12]                                     ; CLOCK_50     ; CLOCK_50    ; 0.000        ; -0.009     ; 3.008      ;
; 2.751 ; audio_pll:u_audio_pll|locked ; valid_cnt[13]                                     ; CLOCK_50     ; CLOCK_50    ; 0.000        ; -0.009     ; 3.008      ;
; 2.751 ; audio_pll:u_audio_pll|locked ; valid_cnt[14]                                     ; CLOCK_50     ; CLOCK_50    ; 0.000        ; -0.009     ; 3.008      ;
; 2.751 ; audio_pll:u_audio_pll|locked ; valid_cnt[15]                                     ; CLOCK_50     ; CLOCK_50    ; 0.000        ; -0.009     ; 3.008      ;
; 2.751 ; audio_pll:u_audio_pll|locked ; i2s_transmitter:u_i2s_tx|lr_r2                    ; CLOCK_50     ; CLOCK_50    ; 0.000        ; -0.010     ; 3.007      ;
; 2.751 ; audio_pll:u_audio_pll|locked ; i2s_transmitter:u_i2s_tx|first_bit                ; CLOCK_50     ; CLOCK_50    ; 0.000        ; -0.010     ; 3.007      ;
; 2.751 ; audio_pll:u_audio_pll|locked ; i2s_transmitter:u_i2s_tx|bit_cnt[0]               ; CLOCK_50     ; CLOCK_50    ; 0.000        ; -0.010     ; 3.007      ;
; 2.751 ; audio_pll:u_audio_pll|locked ; i2s_transmitter:u_i2s_tx|bit_cnt[1]               ; CLOCK_50     ; CLOCK_50    ; 0.000        ; -0.010     ; 3.007      ;
; 2.751 ; audio_pll:u_audio_pll|locked ; i2s_transmitter:u_i2s_tx|bit_cnt[2]               ; CLOCK_50     ; CLOCK_50    ; 0.000        ; -0.010     ; 3.007      ;
; 2.751 ; audio_pll:u_audio_pll|locked ; i2s_transmitter:u_i2s_tx|bit_cnt[3]               ; CLOCK_50     ; CLOCK_50    ; 0.000        ; -0.010     ; 3.007      ;
; 2.751 ; audio_pll:u_audio_pll|locked ; i2s_transmitter:u_i2s_tx|bit_cnt[4]               ; CLOCK_50     ; CLOCK_50    ; 0.000        ; -0.010     ; 3.007      ;
; 2.751 ; audio_pll:u_audio_pll|locked ; i2s_receiver:u_i2s_rx|shift_reg[0]                ; CLOCK_50     ; CLOCK_50    ; 0.000        ; -0.015     ; 3.002      ;
; 2.751 ; audio_pll:u_audio_pll|locked ; i2s_receiver:u_i2s_rx|shift_reg[1]                ; CLOCK_50     ; CLOCK_50    ; 0.000        ; -0.015     ; 3.002      ;
; 2.751 ; audio_pll:u_audio_pll|locked ; i2s_receiver:u_i2s_rx|shift_reg[2]                ; CLOCK_50     ; CLOCK_50    ; 0.000        ; -0.015     ; 3.002      ;
; 2.751 ; audio_pll:u_audio_pll|locked ; i2s_receiver:u_i2s_rx|shift_reg[3]                ; CLOCK_50     ; CLOCK_50    ; 0.000        ; -0.015     ; 3.002      ;
; 2.751 ; audio_pll:u_audio_pll|locked ; i2s_receiver:u_i2s_rx|shift_reg[4]                ; CLOCK_50     ; CLOCK_50    ; 0.000        ; -0.015     ; 3.002      ;
; 2.751 ; audio_pll:u_audio_pll|locked ; i2s_receiver:u_i2s_rx|shift_reg[5]                ; CLOCK_50     ; CLOCK_50    ; 0.000        ; -0.015     ; 3.002      ;
; 2.751 ; audio_pll:u_audio_pll|locked ; i2s_receiver:u_i2s_rx|shift_reg[6]                ; CLOCK_50     ; CLOCK_50    ; 0.000        ; -0.015     ; 3.002      ;
; 2.751 ; audio_pll:u_audio_pll|locked ; i2s_receiver:u_i2s_rx|shift_reg[7]                ; CLOCK_50     ; CLOCK_50    ; 0.000        ; -0.015     ; 3.002      ;
; 2.751 ; audio_pll:u_audio_pll|locked ; i2s_receiver:u_i2s_rx|shift_reg[8]                ; CLOCK_50     ; CLOCK_50    ; 0.000        ; -0.015     ; 3.002      ;
; 2.751 ; audio_pll:u_audio_pll|locked ; i2s_receiver:u_i2s_rx|shift_reg[9]                ; CLOCK_50     ; CLOCK_50    ; 0.000        ; -0.015     ; 3.002      ;
; 2.751 ; audio_pll:u_audio_pll|locked ; i2s_receiver:u_i2s_rx|shift_reg[10]               ; CLOCK_50     ; CLOCK_50    ; 0.000        ; -0.015     ; 3.002      ;
; 2.751 ; audio_pll:u_audio_pll|locked ; i2s_receiver:u_i2s_rx|shift_reg[11]               ; CLOCK_50     ; CLOCK_50    ; 0.000        ; -0.015     ; 3.002      ;
; 2.751 ; audio_pll:u_audio_pll|locked ; i2s_receiver:u_i2s_rx|shift_reg[12]               ; CLOCK_50     ; CLOCK_50    ; 0.000        ; -0.015     ; 3.002      ;
; 2.751 ; audio_pll:u_audio_pll|locked ; i2s_receiver:u_i2s_rx|shift_reg[13]               ; CLOCK_50     ; CLOCK_50    ; 0.000        ; -0.015     ; 3.002      ;
; 2.751 ; audio_pll:u_audio_pll|locked ; i2s_receiver:u_i2s_rx|shift_reg[14]               ; CLOCK_50     ; CLOCK_50    ; 0.000        ; -0.015     ; 3.002      ;
; 2.751 ; audio_pll:u_audio_pll|locked ; i2s_receiver:u_i2s_rx|shift_reg[15]               ; CLOCK_50     ; CLOCK_50    ; 0.000        ; -0.015     ; 3.002      ;
; 2.751 ; audio_pll:u_audio_pll|locked ; i2s_transmitter:u_i2s_tx|sdata                    ; CLOCK_50     ; CLOCK_50    ; 0.000        ; -0.010     ; 3.007      ;
; 2.769 ; audio_pll:u_audio_pll|locked ; i2s_transmitter:u_i2s_tx|bclk_r1                  ; CLOCK_50     ; CLOCK_50    ; 0.000        ; -0.008     ; 3.027      ;
; 2.769 ; audio_pll:u_audio_pll|locked ; i2c_av_config:u_i2c_cfg|byte_idx[0]               ; CLOCK_50     ; CLOCK_50    ; 0.000        ; -0.016     ; 3.019      ;
; 2.769 ; audio_pll:u_audio_pll|locked ; i2c_av_config:u_i2c_cfg|state.S_SEND              ; CLOCK_50     ; CLOCK_50    ; 0.000        ; -0.020     ; 3.015      ;
; 2.769 ; audio_pll:u_audio_pll|locked ; i2c_av_config:u_i2c_cfg|bit_idx[1]                ; CLOCK_50     ; CLOCK_50    ; 0.000        ; -0.016     ; 3.019      ;
; 2.769 ; audio_pll:u_audio_pll|locked ; i2c_av_config:u_i2c_cfg|bit_idx[2]                ; CLOCK_50     ; CLOCK_50    ; 0.000        ; -0.016     ; 3.019      ;
; 2.769 ; audio_pll:u_audio_pll|locked ; i2c_av_config:u_i2c_cfg|bit_idx[0]                ; CLOCK_50     ; CLOCK_50    ; 0.000        ; -0.016     ; 3.019      ;
; 2.769 ; audio_pll:u_audio_pll|locked ; i2c_av_config:u_i2c_cfg|dly[9]                    ; CLOCK_50     ; CLOCK_50    ; 0.000        ; -0.023     ; 3.012      ;
; 2.769 ; audio_pll:u_audio_pll|locked ; i2c_av_config:u_i2c_cfg|dly[10]                   ; CLOCK_50     ; CLOCK_50    ; 0.000        ; -0.023     ; 3.012      ;
; 2.769 ; audio_pll:u_audio_pll|locked ; i2c_av_config:u_i2c_cfg|dly[11]                   ; CLOCK_50     ; CLOCK_50    ; 0.000        ; -0.023     ; 3.012      ;
; 2.769 ; audio_pll:u_audio_pll|locked ; i2c_av_config:u_i2c_cfg|dly[12]                   ; CLOCK_50     ; CLOCK_50    ; 0.000        ; -0.023     ; 3.012      ;
; 2.769 ; audio_pll:u_audio_pll|locked ; i2c_av_config:u_i2c_cfg|dly[13]                   ; CLOCK_50     ; CLOCK_50    ; 0.000        ; -0.023     ; 3.012      ;
; 2.769 ; audio_pll:u_audio_pll|locked ; i2c_av_config:u_i2c_cfg|dly[14]                   ; CLOCK_50     ; CLOCK_50    ; 0.000        ; -0.023     ; 3.012      ;
; 2.769 ; audio_pll:u_audio_pll|locked ; i2c_av_config:u_i2c_cfg|dly[15]                   ; CLOCK_50     ; CLOCK_50    ; 0.000        ; -0.023     ; 3.012      ;
; 2.769 ; audio_pll:u_audio_pll|locked ; i2c_av_config:u_i2c_cfg|dly[16]                   ; CLOCK_50     ; CLOCK_50    ; 0.000        ; -0.023     ; 3.012      ;
; 2.769 ; audio_pll:u_audio_pll|locked ; i2c_av_config:u_i2c_cfg|dly[17]                   ; CLOCK_50     ; CLOCK_50    ; 0.000        ; -0.023     ; 3.012      ;
; 2.769 ; audio_pll:u_audio_pll|locked ; i2c_av_config:u_i2c_cfg|dly[18]                   ; CLOCK_50     ; CLOCK_50    ; 0.000        ; -0.023     ; 3.012      ;
; 2.769 ; audio_pll:u_audio_pll|locked ; i2c_av_config:u_i2c_cfg|dly[19]                   ; CLOCK_50     ; CLOCK_50    ; 0.000        ; -0.023     ; 3.012      ;
; 2.769 ; audio_pll:u_audio_pll|locked ; i2c_av_config:u_i2c_cfg|dly_done                  ; CLOCK_50     ; CLOCK_50    ; 0.000        ; -0.023     ; 3.012      ;
; 2.769 ; audio_pll:u_audio_pll|locked ; i2c_av_config:u_i2c_cfg|state.S_START2            ; CLOCK_50     ; CLOCK_50    ; 0.000        ; -0.020     ; 3.015      ;
; 2.769 ; audio_pll:u_audio_pll|locked ; i2c_av_config:u_i2c_cfg|scl_ph                    ; CLOCK_50     ; CLOCK_50    ; 0.000        ; -0.020     ; 3.015      ;
; 2.769 ; audio_pll:u_audio_pll|locked ; i2c_av_config:u_i2c_cfg|state.S_STOP1             ; CLOCK_50     ; CLOCK_50    ; 0.000        ; -0.020     ; 3.015      ;
; 2.769 ; audio_pll:u_audio_pll|locked ; i2c_av_config:u_i2c_cfg|state.S_STOP2             ; CLOCK_50     ; CLOCK_50    ; 0.000        ; -0.020     ; 3.015      ;
; 2.769 ; audio_pll:u_audio_pll|locked ; i2c_av_config:u_i2c_cfg|state.S_NEXT              ; CLOCK_50     ; CLOCK_50    ; 0.000        ; -0.020     ; 3.015      ;
; 2.769 ; audio_pll:u_audio_pll|locked ; i2c_av_config:u_i2c_cfg|state.S_ACK               ; CLOCK_50     ; CLOCK_50    ; 0.000        ; -0.020     ; 3.015      ;
; 2.769 ; audio_pll:u_audio_pll|locked ; i2c_av_config:u_i2c_cfg|byte_idx[1]               ; CLOCK_50     ; CLOCK_50    ; 0.000        ; -0.016     ; 3.019      ;
; 2.769 ; audio_pll:u_audio_pll|locked ; i2c_av_config:u_i2c_cfg|I2C_SCLK                  ; CLOCK_50     ; CLOCK_50    ; 0.000        ; -0.020     ; 3.015      ;
; 2.769 ; audio_pll:u_audio_pll|locked ; i2c_av_config:u_i2c_cfg|tx_byte[0]                ; CLOCK_50     ; CLOCK_50    ; 0.000        ; -0.016     ; 3.019      ;
; 2.769 ; audio_pll:u_audio_pll|locked ; i2c_av_config:u_i2c_cfg|sda_out                   ; CLOCK_50     ; CLOCK_50    ; 0.000        ; -0.016     ; 3.019      ;
; 2.769 ; audio_pll:u_audio_pll|locked ; i2c_av_config:u_i2c_cfg|sda_oe                    ; CLOCK_50     ; CLOCK_50    ; 0.000        ; -0.020     ; 3.015      ;
; 2.770 ; audio_pll:u_audio_pll|locked ; i2s_transmitter:u_i2s_tx|lr_r1                    ; CLOCK_50     ; CLOCK_50    ; 0.000        ; -0.009     ; 3.027      ;
; 2.770 ; audio_pll:u_audio_pll|locked ; i2s_receiver:u_i2s_rx|left_buf[14]                ; CLOCK_50     ; CLOCK_50    ; 0.000        ; -0.012     ; 3.024      ;
; 2.770 ; audio_pll:u_audio_pll|locked ; i2s_receiver:u_i2s_rx|left_buf[13]                ; CLOCK_50     ; CLOCK_50    ; 0.000        ; -0.012     ; 3.024      ;
; 2.770 ; audio_pll:u_audio_pll|locked ; i2s_receiver:u_i2s_rx|left_buf[12]                ; CLOCK_50     ; CLOCK_50    ; 0.000        ; -0.012     ; 3.024      ;
; 2.770 ; audio_pll:u_audio_pll|locked ; i2s_receiver:u_i2s_rx|left_buf[11]                ; CLOCK_50     ; CLOCK_50    ; 0.000        ; -0.012     ; 3.024      ;
; 2.770 ; audio_pll:u_audio_pll|locked ; i2s_receiver:u_i2s_rx|left_buf[10]                ; CLOCK_50     ; CLOCK_50    ; 0.000        ; -0.012     ; 3.024      ;
; 2.770 ; audio_pll:u_audio_pll|locked ; i2s_receiver:u_i2s_rx|left_buf[9]                 ; CLOCK_50     ; CLOCK_50    ; 0.000        ; -0.012     ; 3.024      ;
; 2.770 ; audio_pll:u_audio_pll|locked ; i2s_receiver:u_i2s_rx|left_buf[8]                 ; CLOCK_50     ; CLOCK_50    ; 0.000        ; -0.012     ; 3.024      ;
; 2.770 ; audio_pll:u_audio_pll|locked ; i2s_receiver:u_i2s_rx|left_buf[7]                 ; CLOCK_50     ; CLOCK_50    ; 0.000        ; -0.012     ; 3.024      ;
; 2.770 ; audio_pll:u_audio_pll|locked ; i2s_receiver:u_i2s_rx|left_buf[6]                 ; CLOCK_50     ; CLOCK_50    ; 0.000        ; -0.012     ; 3.024      ;
; 2.770 ; audio_pll:u_audio_pll|locked ; i2s_receiver:u_i2s_rx|left_buf[5]                 ; CLOCK_50     ; CLOCK_50    ; 0.000        ; -0.012     ; 3.024      ;
; 2.770 ; audio_pll:u_audio_pll|locked ; i2s_receiver:u_i2s_rx|left_buf[4]                 ; CLOCK_50     ; CLOCK_50    ; 0.000        ; -0.012     ; 3.024      ;
; 2.770 ; audio_pll:u_audio_pll|locked ; i2s_receiver:u_i2s_rx|left_buf[3]                 ; CLOCK_50     ; CLOCK_50    ; 0.000        ; -0.012     ; 3.024      ;
; 2.770 ; audio_pll:u_audio_pll|locked ; i2s_receiver:u_i2s_rx|left_buf[2]                 ; CLOCK_50     ; CLOCK_50    ; 0.000        ; -0.012     ; 3.024      ;
; 2.770 ; audio_pll:u_audio_pll|locked ; i2s_receiver:u_i2s_rx|left_buf[1]                 ; CLOCK_50     ; CLOCK_50    ; 0.000        ; -0.012     ; 3.024      ;
; 2.770 ; audio_pll:u_audio_pll|locked ; i2s_receiver:u_i2s_rx|left_buf[0]                 ; CLOCK_50     ; CLOCK_50    ; 0.000        ; -0.012     ; 3.024      ;
; 2.770 ; audio_pll:u_audio_pll|locked ; i2s_transmitter:u_i2s_tx|tx_shift[0]              ; CLOCK_50     ; CLOCK_50    ; 0.000        ; -0.010     ; 3.026      ;
; 2.770 ; audio_pll:u_audio_pll|locked ; i2s_transmitter:u_i2s_tx|tx_shift[3]              ; CLOCK_50     ; CLOCK_50    ; 0.000        ; -0.008     ; 3.028      ;
+-------+------------------------------+---------------------------------------------------+--------------+-------------+--------------+------------+------------+


+---------------------------------------------------------------------------------------------------------------------------+
; Slow Model Removal: 'AUD_DACLRCK'                                                                                         ;
+-------+------------------------------+--------------+--------------+-------------+--------------+------------+------------+
; Slack ; From Node                    ; To Node      ; Launch Clock ; Latch Clock ; Relationship ; Clock Skew ; Data Delay ;
+-------+------------------------------+--------------+--------------+-------------+--------------+------------+------------+
; 3.046 ; audio_pll:u_audio_pll|locked ; lrck_cnt[0]  ; CLOCK_50     ; AUD_DACLRCK ; 0.000        ; -0.289     ; 3.023      ;
; 3.046 ; audio_pll:u_audio_pll|locked ; lrck_cnt[1]  ; CLOCK_50     ; AUD_DACLRCK ; 0.000        ; -0.289     ; 3.023      ;
; 3.046 ; audio_pll:u_audio_pll|locked ; lrck_cnt[2]  ; CLOCK_50     ; AUD_DACLRCK ; 0.000        ; -0.289     ; 3.023      ;
; 3.046 ; audio_pll:u_audio_pll|locked ; lrck_cnt[3]  ; CLOCK_50     ; AUD_DACLRCK ; 0.000        ; -0.289     ; 3.023      ;
; 3.046 ; audio_pll:u_audio_pll|locked ; lrck_cnt[4]  ; CLOCK_50     ; AUD_DACLRCK ; 0.000        ; -0.289     ; 3.023      ;
; 3.046 ; audio_pll:u_audio_pll|locked ; lrck_cnt[5]  ; CLOCK_50     ; AUD_DACLRCK ; 0.000        ; -0.289     ; 3.023      ;
; 3.046 ; audio_pll:u_audio_pll|locked ; lrck_cnt[6]  ; CLOCK_50     ; AUD_DACLRCK ; 0.000        ; -0.289     ; 3.023      ;
; 3.046 ; audio_pll:u_audio_pll|locked ; lrck_cnt[7]  ; CLOCK_50     ; AUD_DACLRCK ; 0.000        ; -0.289     ; 3.023      ;
; 3.046 ; audio_pll:u_audio_pll|locked ; lrck_cnt[8]  ; CLOCK_50     ; AUD_DACLRCK ; 0.000        ; -0.289     ; 3.023      ;
; 3.046 ; audio_pll:u_audio_pll|locked ; lrck_cnt[9]  ; CLOCK_50     ; AUD_DACLRCK ; 0.000        ; -0.289     ; 3.023      ;
; 3.046 ; audio_pll:u_audio_pll|locked ; lrck_cnt[10] ; CLOCK_50     ; AUD_DACLRCK ; 0.000        ; -0.289     ; 3.023      ;
; 3.046 ; audio_pll:u_audio_pll|locked ; lrck_cnt[11] ; CLOCK_50     ; AUD_DACLRCK ; 0.000        ; -0.289     ; 3.023      ;
; 3.046 ; audio_pll:u_audio_pll|locked ; lrck_cnt[12] ; CLOCK_50     ; AUD_DACLRCK ; 0.000        ; -0.289     ; 3.023      ;
; 3.046 ; audio_pll:u_audio_pll|locked ; lrck_cnt[13] ; CLOCK_50     ; AUD_DACLRCK ; 0.000        ; -0.289     ; 3.023      ;
; 3.046 ; audio_pll:u_audio_pll|locked ; lrck_cnt[14] ; CLOCK_50     ; AUD_DACLRCK ; 0.000        ; -0.289     ; 3.023      ;
; 3.046 ; audio_pll:u_audio_pll|locked ; lrck_cnt[15] ; CLOCK_50     ; AUD_DACLRCK ; 0.000        ; -0.289     ; 3.023      ;
+-------+------------------------------+--------------+--------------+-------------+--------------+------------+------------+


+---------------------------------------------------------------------------------------------------------------------------+
; Slow Model Removal: 'AUD_BCLK'                                                                                            ;
+-------+------------------------------+--------------+--------------+-------------+--------------+------------+------------+
; Slack ; From Node                    ; To Node      ; Launch Clock ; Latch Clock ; Relationship ; Clock Skew ; Data Delay ;
+-------+------------------------------+--------------+--------------+-------------+--------------+------------+------------+
; 3.076 ; audio_pll:u_audio_pll|locked ; bclk_cnt[12] ; CLOCK_50     ; AUD_BCLK    ; 0.000        ; -0.315     ; 3.027      ;
; 3.076 ; audio_pll:u_audio_pll|locked ; bclk_cnt[13] ; CLOCK_50     ; AUD_BCLK    ; 0.000        ; -0.315     ; 3.027      ;
; 3.076 ; audio_pll:u_audio_pll|locked ; bclk_cnt[14] ; CLOCK_50     ; AUD_BCLK    ; 0.000        ; -0.315     ; 3.027      ;
; 3.076 ; audio_pll:u_audio_pll|locked ; bclk_cnt[15] ; CLOCK_50     ; AUD_BCLK    ; 0.000        ; -0.315     ; 3.027      ;
; 3.076 ; audio_pll:u_audio_pll|locked ; bclk_cnt[16] ; CLOCK_50     ; AUD_BCLK    ; 0.000        ; -0.315     ; 3.027      ;
; 3.076 ; audio_pll:u_audio_pll|locked ; bclk_cnt[17] ; CLOCK_50     ; AUD_BCLK    ; 0.000        ; -0.315     ; 3.027      ;
; 3.076 ; audio_pll:u_audio_pll|locked ; bclk_cnt[18] ; CLOCK_50     ; AUD_BCLK    ; 0.000        ; -0.315     ; 3.027      ;
; 3.076 ; audio_pll:u_audio_pll|locked ; bclk_cnt[19] ; CLOCK_50     ; AUD_BCLK    ; 0.000        ; -0.315     ; 3.027      ;
; 3.076 ; audio_pll:u_audio_pll|locked ; bclk_cnt[20] ; CLOCK_50     ; AUD_BCLK    ; 0.000        ; -0.315     ; 3.027      ;
; 3.076 ; audio_pll:u_audio_pll|locked ; bclk_cnt[21] ; CLOCK_50     ; AUD_BCLK    ; 0.000        ; -0.315     ; 3.027      ;
; 3.076 ; audio_pll:u_audio_pll|locked ; bclk_cnt[22] ; CLOCK_50     ; AUD_BCLK    ; 0.000        ; -0.315     ; 3.027      ;
; 3.076 ; audio_pll:u_audio_pll|locked ; bclk_cnt[23] ; CLOCK_50     ; AUD_BCLK    ; 0.000        ; -0.315     ; 3.027      ;
; 3.093 ; audio_pll:u_audio_pll|locked ; bclk_cnt[0]  ; CLOCK_50     ; AUD_BCLK    ; 0.000        ; -0.331     ; 3.028      ;
; 3.093 ; audio_pll:u_audio_pll|locked ; bclk_cnt[1]  ; CLOCK_50     ; AUD_BCLK    ; 0.000        ; -0.331     ; 3.028      ;
; 3.093 ; audio_pll:u_audio_pll|locked ; bclk_cnt[2]  ; CLOCK_50     ; AUD_BCLK    ; 0.000        ; -0.331     ; 3.028      ;
; 3.093 ; audio_pll:u_audio_pll|locked ; bclk_cnt[3]  ; CLOCK_50     ; AUD_BCLK    ; 0.000        ; -0.331     ; 3.028      ;
; 3.093 ; audio_pll:u_audio_pll|locked ; bclk_cnt[4]  ; CLOCK_50     ; AUD_BCLK    ; 0.000        ; -0.331     ; 3.028      ;
; 3.093 ; audio_pll:u_audio_pll|locked ; bclk_cnt[5]  ; CLOCK_50     ; AUD_BCLK    ; 0.000        ; -0.331     ; 3.028      ;
; 3.093 ; audio_pll:u_audio_pll|locked ; bclk_cnt[6]  ; CLOCK_50     ; AUD_BCLK    ; 0.000        ; -0.331     ; 3.028      ;
; 3.093 ; audio_pll:u_audio_pll|locked ; bclk_cnt[7]  ; CLOCK_50     ; AUD_BCLK    ; 0.000        ; -0.331     ; 3.028      ;
; 3.093 ; audio_pll:u_audio_pll|locked ; bclk_cnt[8]  ; CLOCK_50     ; AUD_BCLK    ; 0.000        ; -0.331     ; 3.028      ;
; 3.093 ; audio_pll:u_audio_pll|locked ; bclk_cnt[9]  ; CLOCK_50     ; AUD_BCLK    ; 0.000        ; -0.331     ; 3.028      ;
; 3.093 ; audio_pll:u_audio_pll|locked ; bclk_cnt[10] ; CLOCK_50     ; AUD_BCLK    ; 0.000        ; -0.331     ; 3.028      ;
; 3.093 ; audio_pll:u_audio_pll|locked ; bclk_cnt[11] ; CLOCK_50     ; AUD_BCLK    ; 0.000        ; -0.331     ; 3.028      ;
+-------+------------------------------+--------------+--------------+-------------+--------------+------------+------------+


+----------------------------------------------------------------------------------------------------------------------------------------------------------------------------------------------------------------------------+
; Slow Model Minimum Pulse Width: 'CLOCK_50'                                                                                                                                                                                 ;
+--------+--------------+----------------+------------------+----------+------------+----------------------------------------------------------------------------------------------------------------------------------------+
; Slack  ; Actual Width ; Required Width ; Type             ; Clock    ; Clock Edge ; Target                                                                                                                                 ;
+--------+--------------+----------------+------------------+----------+------------+----------------------------------------------------------------------------------------------------------------------------------------+
; -1.423 ; 0.500        ; 1.923          ; High Pulse Width ; CLOCK_50 ; Rise       ; i2s_receiver:u_i2s_rx|left_data[0]                                                                                                     ;
; -1.423 ; 0.500        ; 1.923          ; Low Pulse Width  ; CLOCK_50 ; Rise       ; i2s_receiver:u_i2s_rx|left_data[0]                                                                                                     ;
; -1.423 ; 0.500        ; 1.923          ; High Pulse Width ; CLOCK_50 ; Rise       ; i2s_receiver:u_i2s_rx|left_data[10]                                                                                                    ;
; -1.423 ; 0.500        ; 1.923          ; Low Pulse Width  ; CLOCK_50 ; Rise       ; i2s_receiver:u_i2s_rx|left_data[10]                                                                                                    ;
; -1.423 ; 0.500        ; 1.923          ; High Pulse Width ; CLOCK_50 ; Rise       ; i2s_receiver:u_i2s_rx|left_data[11]                                                                                                    ;
; -1.423 ; 0.500        ; 1.923          ; Low Pulse Width  ; CLOCK_50 ; Rise       ; i2s_receiver:u_i2s_rx|left_data[11]                                                                                                    ;
; -1.423 ; 0.500        ; 1.923          ; High Pulse Width ; CLOCK_50 ; Rise       ; i2s_receiver:u_i2s_rx|left_data[12]                                                                                                    ;
; -1.423 ; 0.500        ; 1.923          ; Low Pulse Width  ; CLOCK_50 ; Rise       ; i2s_receiver:u_i2s_rx|left_data[12]                                                                                                    ;
; -1.423 ; 0.500        ; 1.923          ; High Pulse Width ; CLOCK_50 ; Rise       ; i2s_receiver:u_i2s_rx|left_data[13]                                                                                                    ;
; -1.423 ; 0.500        ; 1.923          ; Low Pulse Width  ; CLOCK_50 ; Rise       ; i2s_receiver:u_i2s_rx|left_data[13]                                                                                                    ;
; -1.423 ; 0.500        ; 1.923          ; High Pulse Width ; CLOCK_50 ; Rise       ; i2s_receiver:u_i2s_rx|left_data[14]                                                                                                    ;
; -1.423 ; 0.500        ; 1.923          ; Low Pulse Width  ; CLOCK_50 ; Rise       ; i2s_receiver:u_i2s_rx|left_data[14]                                                                                                    ;
; -1.423 ; 0.500        ; 1.923          ; High Pulse Width ; CLOCK_50 ; Rise       ; i2s_receiver:u_i2s_rx|left_data[15]                                                                                                    ;
; -1.423 ; 0.500        ; 1.923          ; Low Pulse Width  ; CLOCK_50 ; Rise       ; i2s_receiver:u_i2s_rx|left_data[15]                                                                                                    ;
; -1.423 ; 0.500        ; 1.923          ; High Pulse Width ; CLOCK_50 ; Rise       ; i2s_receiver:u_i2s_rx|left_data[1]                                                                                                     ;
; -1.423 ; 0.500        ; 1.923          ; Low Pulse Width  ; CLOCK_50 ; Rise       ; i2s_receiver:u_i2s_rx|left_data[1]                                                                                                     ;
; -1.423 ; 0.500        ; 1.923          ; High Pulse Width ; CLOCK_50 ; Rise       ; i2s_receiver:u_i2s_rx|left_data[2]                                                                                                     ;
; -1.423 ; 0.500        ; 1.923          ; Low Pulse Width  ; CLOCK_50 ; Rise       ; i2s_receiver:u_i2s_rx|left_data[2]                                                                                                     ;
; -1.423 ; 0.500        ; 1.923          ; High Pulse Width ; CLOCK_50 ; Rise       ; i2s_receiver:u_i2s_rx|left_data[3]                                                                                                     ;
; -1.423 ; 0.500        ; 1.923          ; Low Pulse Width  ; CLOCK_50 ; Rise       ; i2s_receiver:u_i2s_rx|left_data[3]                                                                                                     ;
; -1.423 ; 0.500        ; 1.923          ; High Pulse Width ; CLOCK_50 ; Rise       ; i2s_receiver:u_i2s_rx|left_data[4]                                                                                                     ;
; -1.423 ; 0.500        ; 1.923          ; Low Pulse Width  ; CLOCK_50 ; Rise       ; i2s_receiver:u_i2s_rx|left_data[4]                                                                                                     ;
; -1.423 ; 0.500        ; 1.923          ; High Pulse Width ; CLOCK_50 ; Rise       ; i2s_receiver:u_i2s_rx|left_data[5]                                                                                                     ;
; -1.423 ; 0.500        ; 1.923          ; Low Pulse Width  ; CLOCK_50 ; Rise       ; i2s_receiver:u_i2s_rx|left_data[5]                                                                                                     ;
; -1.423 ; 0.500        ; 1.923          ; High Pulse Width ; CLOCK_50 ; Rise       ; i2s_receiver:u_i2s_rx|left_data[6]                                                                                                     ;
; -1.423 ; 0.500        ; 1.923          ; Low Pulse Width  ; CLOCK_50 ; Rise       ; i2s_receiver:u_i2s_rx|left_data[6]                                                                                                     ;
; -1.423 ; 0.500        ; 1.923          ; High Pulse Width ; CLOCK_50 ; Rise       ; i2s_receiver:u_i2s_rx|left_data[7]                                                                                                     ;
; -1.423 ; 0.500        ; 1.923          ; Low Pulse Width  ; CLOCK_50 ; Rise       ; i2s_receiver:u_i2s_rx|left_data[7]                                                                                                     ;
; -1.423 ; 0.500        ; 1.923          ; High Pulse Width ; CLOCK_50 ; Rise       ; i2s_receiver:u_i2s_rx|left_data[8]                                                                                                     ;
; -1.423 ; 0.500        ; 1.923          ; Low Pulse Width  ; CLOCK_50 ; Rise       ; i2s_receiver:u_i2s_rx|left_data[8]                                                                                                     ;
; -1.423 ; 0.500        ; 1.923          ; High Pulse Width ; CLOCK_50 ; Rise       ; i2s_receiver:u_i2s_rx|left_data[9]                                                                                                     ;
; -1.423 ; 0.500        ; 1.923          ; Low Pulse Width  ; CLOCK_50 ; Rise       ; i2s_receiver:u_i2s_rx|left_data[9]                                                                                                     ;
; -1.423 ; 0.500        ; 1.923          ; High Pulse Width ; CLOCK_50 ; Rise       ; i2s_receiver:u_i2s_rx|right_data[0]                                                                                                    ;
; -1.423 ; 0.500        ; 1.923          ; Low Pulse Width  ; CLOCK_50 ; Rise       ; i2s_receiver:u_i2s_rx|right_data[0]                                                                                                    ;
; -1.423 ; 0.500        ; 1.923          ; High Pulse Width ; CLOCK_50 ; Rise       ; i2s_receiver:u_i2s_rx|right_data[10]                                                                                                   ;
; -1.423 ; 0.500        ; 1.923          ; Low Pulse Width  ; CLOCK_50 ; Rise       ; i2s_receiver:u_i2s_rx|right_data[10]                                                                                                   ;
; -1.423 ; 0.500        ; 1.923          ; High Pulse Width ; CLOCK_50 ; Rise       ; i2s_receiver:u_i2s_rx|right_data[11]                                                                                                   ;
; -1.423 ; 0.500        ; 1.923          ; Low Pulse Width  ; CLOCK_50 ; Rise       ; i2s_receiver:u_i2s_rx|right_data[11]                                                                                                   ;
; -1.423 ; 0.500        ; 1.923          ; High Pulse Width ; CLOCK_50 ; Rise       ; i2s_receiver:u_i2s_rx|right_data[12]                                                                                                   ;
; -1.423 ; 0.500        ; 1.923          ; Low Pulse Width  ; CLOCK_50 ; Rise       ; i2s_receiver:u_i2s_rx|right_data[12]                                                                                                   ;
; -1.423 ; 0.500        ; 1.923          ; High Pulse Width ; CLOCK_50 ; Rise       ; i2s_receiver:u_i2s_rx|right_data[13]                                                                                                   ;
; -1.423 ; 0.500        ; 1.923          ; Low Pulse Width  ; CLOCK_50 ; Rise       ; i2s_receiver:u_i2s_rx|right_data[13]                                                                                                   ;
; -1.423 ; 0.500        ; 1.923          ; High Pulse Width ; CLOCK_50 ; Rise       ; i2s_receiver:u_i2s_rx|right_data[14]                                                                                                   ;
; -1.423 ; 0.500        ; 1.923          ; Low Pulse Width  ; CLOCK_50 ; Rise       ; i2s_receiver:u_i2s_rx|right_data[14]                                                                                                   ;
; -1.423 ; 0.500        ; 1.923          ; High Pulse Width ; CLOCK_50 ; Rise       ; i2s_receiver:u_i2s_rx|right_data[15]                                                                                                   ;
; -1.423 ; 0.500        ; 1.923          ; Low Pulse Width  ; CLOCK_50 ; Rise       ; i2s_receiver:u_i2s_rx|right_data[15]                                                                                                   ;
; -1.423 ; 0.500        ; 1.923          ; High Pulse Width ; CLOCK_50 ; Rise       ; i2s_receiver:u_i2s_rx|right_data[1]                                                                                                    ;
; -1.423 ; 0.500        ; 1.923          ; Low Pulse Width  ; CLOCK_50 ; Rise       ; i2s_receiver:u_i2s_rx|right_data[1]                                                                                                    ;
; -1.423 ; 0.500        ; 1.923          ; High Pulse Width ; CLOCK_50 ; Rise       ; i2s_receiver:u_i2s_rx|right_data[2]                                                                                                    ;
; -1.423 ; 0.500        ; 1.923          ; Low Pulse Width  ; CLOCK_50 ; Rise       ; i2s_receiver:u_i2s_rx|right_data[2]                                                                                                    ;
; -1.423 ; 0.500        ; 1.923          ; High Pulse Width ; CLOCK_50 ; Rise       ; i2s_receiver:u_i2s_rx|right_data[3]                                                                                                    ;
; -1.423 ; 0.500        ; 1.923          ; Low Pulse Width  ; CLOCK_50 ; Rise       ; i2s_receiver:u_i2s_rx|right_data[3]                                                                                                    ;
; -1.423 ; 0.500        ; 1.923          ; High Pulse Width ; CLOCK_50 ; Rise       ; i2s_receiver:u_i2s_rx|right_data[4]                                                                                                    ;
; -1.423 ; 0.500        ; 1.923          ; Low Pulse Width  ; CLOCK_50 ; Rise       ; i2s_receiver:u_i2s_rx|right_data[4]                                                                                                    ;
; -1.423 ; 0.500        ; 1.923          ; High Pulse Width ; CLOCK_50 ; Rise       ; i2s_receiver:u_i2s_rx|right_data[5]                                                                                                    ;
; -1.423 ; 0.500        ; 1.923          ; Low Pulse Width  ; CLOCK_50 ; Rise       ; i2s_receiver:u_i2s_rx|right_data[5]                                                                                                    ;
; -1.423 ; 0.500        ; 1.923          ; High Pulse Width ; CLOCK_50 ; Rise       ; i2s_receiver:u_i2s_rx|right_data[6]                                                                                                    ;
; -1.423 ; 0.500        ; 1.923          ; Low Pulse Width  ; CLOCK_50 ; Rise       ; i2s_receiver:u_i2s_rx|right_data[6]                                                                                                    ;
; -1.423 ; 0.500        ; 1.923          ; High Pulse Width ; CLOCK_50 ; Rise       ; i2s_receiver:u_i2s_rx|right_data[7]                                                                                                    ;
; -1.423 ; 0.500        ; 1.923          ; Low Pulse Width  ; CLOCK_50 ; Rise       ; i2s_receiver:u_i2s_rx|right_data[7]                                                                                                    ;
; -1.423 ; 0.500        ; 1.923          ; High Pulse Width ; CLOCK_50 ; Rise       ; i2s_receiver:u_i2s_rx|right_data[8]                                                                                                    ;
; -1.423 ; 0.500        ; 1.923          ; Low Pulse Width  ; CLOCK_50 ; Rise       ; i2s_receiver:u_i2s_rx|right_data[8]                                                                                                    ;
; -1.423 ; 0.500        ; 1.923          ; High Pulse Width ; CLOCK_50 ; Rise       ; i2s_receiver:u_i2s_rx|right_data[9]                                                                                                    ;
; -1.423 ; 0.500        ; 1.923          ; Low Pulse Width  ; CLOCK_50 ; Rise       ; i2s_receiver:u_i2s_rx|right_data[9]                                                                                                    ;
; -1.423 ; 0.500        ; 1.923          ; High Pulse Width ; CLOCK_50 ; Rise       ; text_renderer:u_text_renderer|font_rom:u_font_rom|altsyncram:rom_rtl_0|altsyncram_ob71:auto_generated|ram_block1a0~porta_address_reg0  ;
; -1.423 ; 0.500        ; 1.923          ; Low Pulse Width  ; CLOCK_50 ; Rise       ; text_renderer:u_text_renderer|font_rom:u_font_rom|altsyncram:rom_rtl_0|altsyncram_ob71:auto_generated|ram_block1a0~porta_address_reg0  ;
; -1.423 ; 0.500        ; 1.923          ; High Pulse Width ; CLOCK_50 ; Rise       ; text_renderer:u_text_renderer|font_rom:u_font_rom|altsyncram:rom_rtl_0|altsyncram_ob71:auto_generated|ram_block1a0~porta_address_reg1  ;
; -1.423 ; 0.500        ; 1.923          ; Low Pulse Width  ; CLOCK_50 ; Rise       ; text_renderer:u_text_renderer|font_rom:u_font_rom|altsyncram:rom_rtl_0|altsyncram_ob71:auto_generated|ram_block1a0~porta_address_reg1  ;
; -1.423 ; 0.500        ; 1.923          ; High Pulse Width ; CLOCK_50 ; Rise       ; text_renderer:u_text_renderer|font_rom:u_font_rom|altsyncram:rom_rtl_0|altsyncram_ob71:auto_generated|ram_block1a0~porta_address_reg10 ;
; -1.423 ; 0.500        ; 1.923          ; Low Pulse Width  ; CLOCK_50 ; Rise       ; text_renderer:u_text_renderer|font_rom:u_font_rom|altsyncram:rom_rtl_0|altsyncram_ob71:auto_generated|ram_block1a0~porta_address_reg10 ;
; -1.423 ; 0.500        ; 1.923          ; High Pulse Width ; CLOCK_50 ; Rise       ; text_renderer:u_text_renderer|font_rom:u_font_rom|altsyncram:rom_rtl_0|altsyncram_ob71:auto_generated|ram_block1a0~porta_address_reg2  ;
; -1.423 ; 0.500        ; 1.923          ; Low Pulse Width  ; CLOCK_50 ; Rise       ; text_renderer:u_text_renderer|font_rom:u_font_rom|altsyncram:rom_rtl_0|altsyncram_ob71:auto_generated|ram_block1a0~porta_address_reg2  ;
; -1.423 ; 0.500        ; 1.923          ; High Pulse Width ; CLOCK_50 ; Rise       ; text_renderer:u_text_renderer|font_rom:u_font_rom|altsyncram:rom_rtl_0|altsyncram_ob71:auto_generated|ram_block1a0~porta_address_reg3  ;
; -1.423 ; 0.500        ; 1.923          ; Low Pulse Width  ; CLOCK_50 ; Rise       ; text_renderer:u_text_renderer|font_rom:u_font_rom|altsyncram:rom_rtl_0|altsyncram_ob71:auto_generated|ram_block1a0~porta_address_reg3  ;
; -1.423 ; 0.500        ; 1.923          ; High Pulse Width ; CLOCK_50 ; Rise       ; text_renderer:u_text_renderer|font_rom:u_font_rom|altsyncram:rom_rtl_0|altsyncram_ob71:auto_generated|ram_block1a0~porta_address_reg4  ;
; -1.423 ; 0.500        ; 1.923          ; Low Pulse Width  ; CLOCK_50 ; Rise       ; text_renderer:u_text_renderer|font_rom:u_font_rom|altsyncram:rom_rtl_0|altsyncram_ob71:auto_generated|ram_block1a0~porta_address_reg4  ;
; -1.423 ; 0.500        ; 1.923          ; High Pulse Width ; CLOCK_50 ; Rise       ; text_renderer:u_text_renderer|font_rom:u_font_rom|altsyncram:rom_rtl_0|altsyncram_ob71:auto_generated|ram_block1a0~porta_address_reg5  ;
; -1.423 ; 0.500        ; 1.923          ; Low Pulse Width  ; CLOCK_50 ; Rise       ; text_renderer:u_text_renderer|font_rom:u_font_rom|altsyncram:rom_rtl_0|altsyncram_ob71:auto_generated|ram_block1a0~porta_address_reg5  ;
; -1.423 ; 0.500        ; 1.923          ; High Pulse Width ; CLOCK_50 ; Rise       ; text_renderer:u_text_renderer|font_rom:u_font_rom|altsyncram:rom_rtl_0|altsyncram_ob71:auto_generated|ram_block1a0~porta_address_reg6  ;
; -1.423 ; 0.500        ; 1.923          ; Low Pulse Width  ; CLOCK_50 ; Rise       ; text_renderer:u_text_renderer|font_rom:u_font_rom|altsyncram:rom_rtl_0|altsyncram_ob71:auto_generated|ram_block1a0~porta_address_reg6  ;
; -1.423 ; 0.500        ; 1.923          ; High Pulse Width ; CLOCK_50 ; Rise       ; text_renderer:u_text_renderer|font_rom:u_font_rom|altsyncram:rom_rtl_0|altsyncram_ob71:auto_generated|ram_block1a0~porta_address_reg7  ;
; -1.423 ; 0.500        ; 1.923          ; Low Pulse Width  ; CLOCK_50 ; Rise       ; text_renderer:u_text_renderer|font_rom:u_font_rom|altsyncram:rom_rtl_0|altsyncram_ob71:auto_generated|ram_block1a0~porta_address_reg7  ;
; -1.423 ; 0.500        ; 1.923          ; High Pulse Width ; CLOCK_50 ; Rise       ; text_renderer:u_text_renderer|font_rom:u_font_rom|altsyncram:rom_rtl_0|altsyncram_ob71:auto_generated|ram_block1a0~porta_address_reg8  ;
; -1.423 ; 0.500        ; 1.923          ; Low Pulse Width  ; CLOCK_50 ; Rise       ; text_renderer:u_text_renderer|font_rom:u_font_rom|altsyncram:rom_rtl_0|altsyncram_ob71:auto_generated|ram_block1a0~porta_address_reg8  ;
; -1.423 ; 0.500        ; 1.923          ; High Pulse Width ; CLOCK_50 ; Rise       ; text_renderer:u_text_renderer|font_rom:u_font_rom|altsyncram:rom_rtl_0|altsyncram_ob71:auto_generated|ram_block1a0~porta_address_reg9  ;
; -1.423 ; 0.500        ; 1.923          ; Low Pulse Width  ; CLOCK_50 ; Rise       ; text_renderer:u_text_renderer|font_rom:u_font_rom|altsyncram:rom_rtl_0|altsyncram_ob71:auto_generated|ram_block1a0~porta_address_reg9  ;
; -1.423 ; 0.500        ; 1.923          ; High Pulse Width ; CLOCK_50 ; Rise       ; text_renderer:u_text_renderer|font_rom:u_font_rom|altsyncram:rom_rtl_0|altsyncram_ob71:auto_generated|ram_block1a1~porta_address_reg0  ;
; -1.423 ; 0.500        ; 1.923          ; Low Pulse Width  ; CLOCK_50 ; Rise       ; text_renderer:u_text_renderer|font_rom:u_font_rom|altsyncram:rom_rtl_0|altsyncram_ob71:auto_generated|ram_block1a1~porta_address_reg0  ;
; -1.423 ; 0.500        ; 1.923          ; High Pulse Width ; CLOCK_50 ; Rise       ; text_renderer:u_text_renderer|font_rom:u_font_rom|altsyncram:rom_rtl_0|altsyncram_ob71:auto_generated|ram_block1a1~porta_address_reg1  ;
; -1.423 ; 0.500        ; 1.923          ; Low Pulse Width  ; CLOCK_50 ; Rise       ; text_renderer:u_text_renderer|font_rom:u_font_rom|altsyncram:rom_rtl_0|altsyncram_ob71:auto_generated|ram_block1a1~porta_address_reg1  ;
; -1.423 ; 0.500        ; 1.923          ; High Pulse Width ; CLOCK_50 ; Rise       ; text_renderer:u_text_renderer|font_rom:u_font_rom|altsyncram:rom_rtl_0|altsyncram_ob71:auto_generated|ram_block1a1~porta_address_reg10 ;
; -1.423 ; 0.500        ; 1.923          ; Low Pulse Width  ; CLOCK_50 ; Rise       ; text_renderer:u_text_renderer|font_rom:u_font_rom|altsyncram:rom_rtl_0|altsyncram_ob71:auto_generated|ram_block1a1~porta_address_reg10 ;
; -1.423 ; 0.500        ; 1.923          ; High Pulse Width ; CLOCK_50 ; Rise       ; text_renderer:u_text_renderer|font_rom:u_font_rom|altsyncram:rom_rtl_0|altsyncram_ob71:auto_generated|ram_block1a1~porta_address_reg2  ;
; -1.423 ; 0.500        ; 1.923          ; Low Pulse Width  ; CLOCK_50 ; Rise       ; text_renderer:u_text_renderer|font_rom:u_font_rom|altsyncram:rom_rtl_0|altsyncram_ob71:auto_generated|ram_block1a1~porta_address_reg2  ;
; -1.423 ; 0.500        ; 1.923          ; High Pulse Width ; CLOCK_50 ; Rise       ; text_renderer:u_text_renderer|font_rom:u_font_rom|altsyncram:rom_rtl_0|altsyncram_ob71:auto_generated|ram_block1a1~porta_address_reg3  ;
; -1.423 ; 0.500        ; 1.923          ; Low Pulse Width  ; CLOCK_50 ; Rise       ; text_renderer:u_text_renderer|font_rom:u_font_rom|altsyncram:rom_rtl_0|altsyncram_ob71:auto_generated|ram_block1a1~porta_address_reg3  ;
; -1.423 ; 0.500        ; 1.923          ; High Pulse Width ; CLOCK_50 ; Rise       ; text_renderer:u_text_renderer|font_rom:u_font_rom|altsyncram:rom_rtl_0|altsyncram_ob71:auto_generated|ram_block1a1~porta_address_reg4  ;
; -1.423 ; 0.500        ; 1.923          ; Low Pulse Width  ; CLOCK_50 ; Rise       ; text_renderer:u_text_renderer|font_rom:u_font_rom|altsyncram:rom_rtl_0|altsyncram_ob71:auto_generated|ram_block1a1~porta_address_reg4  ;
; -1.423 ; 0.500        ; 1.923          ; High Pulse Width ; CLOCK_50 ; Rise       ; text_renderer:u_text_renderer|font_rom:u_font_rom|altsyncram:rom_rtl_0|altsyncram_ob71:auto_generated|ram_block1a1~porta_address_reg5  ;
; -1.423 ; 0.500        ; 1.923          ; Low Pulse Width  ; CLOCK_50 ; Rise       ; text_renderer:u_text_renderer|font_rom:u_font_rom|altsyncram:rom_rtl_0|altsyncram_ob71:auto_generated|ram_block1a1~porta_address_reg5  ;
+--------+--------------+----------------+------------------+----------+------------+----------------------------------------------------------------------------------------------------------------------------------------+


+------------------------------------------------------------------------------------------------------+
; Slow Model Minimum Pulse Width: 'AUD_BCLK'                                                           ;
+--------+--------------+----------------+------------------+----------+------------+------------------+
; Slack  ; Actual Width ; Required Width ; Type             ; Clock    ; Clock Edge ; Target           ;
+--------+--------------+----------------+------------------+----------+------------+------------------+
; -1.222 ; 1.000        ; 2.222          ; Port Rate        ; AUD_BCLK ; Rise       ; AUD_BCLK         ;
; -0.500 ; 0.500        ; 1.000          ; High Pulse Width ; AUD_BCLK ; Rise       ; bclk_cnt[0]      ;
; -0.500 ; 0.500        ; 1.000          ; Low Pulse Width  ; AUD_BCLK ; Rise       ; bclk_cnt[0]      ;
; -0.500 ; 0.500        ; 1.000          ; High Pulse Width ; AUD_BCLK ; Rise       ; bclk_cnt[10]     ;
; -0.500 ; 0.500        ; 1.000          ; Low Pulse Width  ; AUD_BCLK ; Rise       ; bclk_cnt[10]     ;
; -0.500 ; 0.500        ; 1.000          ; High Pulse Width ; AUD_BCLK ; Rise       ; bclk_cnt[11]     ;
; -0.500 ; 0.500        ; 1.000          ; Low Pulse Width  ; AUD_BCLK ; Rise       ; bclk_cnt[11]     ;
; -0.500 ; 0.500        ; 1.000          ; High Pulse Width ; AUD_BCLK ; Rise       ; bclk_cnt[12]     ;
; -0.500 ; 0.500        ; 1.000          ; Low Pulse Width  ; AUD_BCLK ; Rise       ; bclk_cnt[12]     ;
; -0.500 ; 0.500        ; 1.000          ; High Pulse Width ; AUD_BCLK ; Rise       ; bclk_cnt[13]     ;
; -0.500 ; 0.500        ; 1.000          ; Low Pulse Width  ; AUD_BCLK ; Rise       ; bclk_cnt[13]     ;
; -0.500 ; 0.500        ; 1.000          ; High Pulse Width ; AUD_BCLK ; Rise       ; bclk_cnt[14]     ;
; -0.500 ; 0.500        ; 1.000          ; Low Pulse Width  ; AUD_BCLK ; Rise       ; bclk_cnt[14]     ;
; -0.500 ; 0.500        ; 1.000          ; High Pulse Width ; AUD_BCLK ; Rise       ; bclk_cnt[15]     ;
; -0.500 ; 0.500        ; 1.000          ; Low Pulse Width  ; AUD_BCLK ; Rise       ; bclk_cnt[15]     ;
; -0.500 ; 0.500        ; 1.000          ; High Pulse Width ; AUD_BCLK ; Rise       ; bclk_cnt[16]     ;
; -0.500 ; 0.500        ; 1.000          ; Low Pulse Width  ; AUD_BCLK ; Rise       ; bclk_cnt[16]     ;
; -0.500 ; 0.500        ; 1.000          ; High Pulse Width ; AUD_BCLK ; Rise       ; bclk_cnt[17]     ;
; -0.500 ; 0.500        ; 1.000          ; Low Pulse Width  ; AUD_BCLK ; Rise       ; bclk_cnt[17]     ;
; -0.500 ; 0.500        ; 1.000          ; High Pulse Width ; AUD_BCLK ; Rise       ; bclk_cnt[18]     ;
; -0.500 ; 0.500        ; 1.000          ; Low Pulse Width  ; AUD_BCLK ; Rise       ; bclk_cnt[18]     ;
; -0.500 ; 0.500        ; 1.000          ; High Pulse Width ; AUD_BCLK ; Rise       ; bclk_cnt[19]     ;
; -0.500 ; 0.500        ; 1.000          ; Low Pulse Width  ; AUD_BCLK ; Rise       ; bclk_cnt[19]     ;
; -0.500 ; 0.500        ; 1.000          ; High Pulse Width ; AUD_BCLK ; Rise       ; bclk_cnt[1]      ;
; -0.500 ; 0.500        ; 1.000          ; Low Pulse Width  ; AUD_BCLK ; Rise       ; bclk_cnt[1]      ;
; -0.500 ; 0.500        ; 1.000          ; High Pulse Width ; AUD_BCLK ; Rise       ; bclk_cnt[20]     ;
; -0.500 ; 0.500        ; 1.000          ; Low Pulse Width  ; AUD_BCLK ; Rise       ; bclk_cnt[20]     ;
; -0.500 ; 0.500        ; 1.000          ; High Pulse Width ; AUD_BCLK ; Rise       ; bclk_cnt[21]     ;
; -0.500 ; 0.500        ; 1.000          ; Low Pulse Width  ; AUD_BCLK ; Rise       ; bclk_cnt[21]     ;
; -0.500 ; 0.500        ; 1.000          ; High Pulse Width ; AUD_BCLK ; Rise       ; bclk_cnt[22]     ;
; -0.500 ; 0.500        ; 1.000          ; Low Pulse Width  ; AUD_BCLK ; Rise       ; bclk_cnt[22]     ;
; -0.500 ; 0.500        ; 1.000          ; High Pulse Width ; AUD_BCLK ; Rise       ; bclk_cnt[23]     ;
; -0.500 ; 0.500        ; 1.000          ; Low Pulse Width  ; AUD_BCLK ; Rise       ; bclk_cnt[23]     ;
; -0.500 ; 0.500        ; 1.000          ; High Pulse Width ; AUD_BCLK ; Rise       ; bclk_cnt[2]      ;
; -0.500 ; 0.500        ; 1.000          ; Low Pulse Width  ; AUD_BCLK ; Rise       ; bclk_cnt[2]      ;
; -0.500 ; 0.500        ; 1.000          ; High Pulse Width ; AUD_BCLK ; Rise       ; bclk_cnt[3]      ;
; -0.500 ; 0.500        ; 1.000          ; Low Pulse Width  ; AUD_BCLK ; Rise       ; bclk_cnt[3]      ;
; -0.500 ; 0.500        ; 1.000          ; High Pulse Width ; AUD_BCLK ; Rise       ; bclk_cnt[4]      ;
; -0.500 ; 0.500        ; 1.000          ; Low Pulse Width  ; AUD_BCLK ; Rise       ; bclk_cnt[4]      ;
; -0.500 ; 0.500        ; 1.000          ; High Pulse Width ; AUD_BCLK ; Rise       ; bclk_cnt[5]      ;
; -0.500 ; 0.500        ; 1.000          ; Low Pulse Width  ; AUD_BCLK ; Rise       ; bclk_cnt[5]      ;
; -0.500 ; 0.500        ; 1.000          ; High Pulse Width ; AUD_BCLK ; Rise       ; bclk_cnt[6]      ;
; -0.500 ; 0.500        ; 1.000          ; Low Pulse Width  ; AUD_BCLK ; Rise       ; bclk_cnt[6]      ;
; -0.500 ; 0.500        ; 1.000          ; High Pulse Width ; AUD_BCLK ; Rise       ; bclk_cnt[7]      ;
; -0.500 ; 0.500        ; 1.000          ; Low Pulse Width  ; AUD_BCLK ; Rise       ; bclk_cnt[7]      ;
; -0.500 ; 0.500        ; 1.000          ; High Pulse Width ; AUD_BCLK ; Rise       ; bclk_cnt[8]      ;
; -0.500 ; 0.500        ; 1.000          ; Low Pulse Width  ; AUD_BCLK ; Rise       ; bclk_cnt[8]      ;
; -0.500 ; 0.500        ; 1.000          ; High Pulse Width ; AUD_BCLK ; Rise       ; bclk_cnt[9]      ;
; -0.500 ; 0.500        ; 1.000          ; Low Pulse Width  ; AUD_BCLK ; Rise       ; bclk_cnt[9]      ;
; 0.500  ; 0.500        ; 0.000          ; High Pulse Width ; AUD_BCLK ; Rise       ; AUD_BCLK|combout ;
; 0.500  ; 0.500        ; 0.000          ; Low Pulse Width  ; AUD_BCLK ; Rise       ; AUD_BCLK|combout ;
; 0.500  ; 0.500        ; 0.000          ; High Pulse Width ; AUD_BCLK ; Rise       ; bclk_cnt[0]|clk  ;
; 0.500  ; 0.500        ; 0.000          ; Low Pulse Width  ; AUD_BCLK ; Rise       ; bclk_cnt[0]|clk  ;
; 0.500  ; 0.500        ; 0.000          ; High Pulse Width ; AUD_BCLK ; Rise       ; bclk_cnt[10]|clk ;
; 0.500  ; 0.500        ; 0.000          ; Low Pulse Width  ; AUD_BCLK ; Rise       ; bclk_cnt[10]|clk ;
; 0.500  ; 0.500        ; 0.000          ; High Pulse Width ; AUD_BCLK ; Rise       ; bclk_cnt[11]|clk ;
; 0.500  ; 0.500        ; 0.000          ; Low Pulse Width  ; AUD_BCLK ; Rise       ; bclk_cnt[11]|clk ;
; 0.500  ; 0.500        ; 0.000          ; High Pulse Width ; AUD_BCLK ; Rise       ; bclk_cnt[12]|clk ;
; 0.500  ; 0.500        ; 0.000          ; Low Pulse Width  ; AUD_BCLK ; Rise       ; bclk_cnt[12]|clk ;
; 0.500  ; 0.500        ; 0.000          ; High Pulse Width ; AUD_BCLK ; Rise       ; bclk_cnt[13]|clk ;
; 0.500  ; 0.500        ; 0.000          ; Low Pulse Width  ; AUD_BCLK ; Rise       ; bclk_cnt[13]|clk ;
; 0.500  ; 0.500        ; 0.000          ; High Pulse Width ; AUD_BCLK ; Rise       ; bclk_cnt[14]|clk ;
; 0.500  ; 0.500        ; 0.000          ; Low Pulse Width  ; AUD_BCLK ; Rise       ; bclk_cnt[14]|clk ;
; 0.500  ; 0.500        ; 0.000          ; High Pulse Width ; AUD_BCLK ; Rise       ; bclk_cnt[15]|clk ;
; 0.500  ; 0.500        ; 0.000          ; Low Pulse Width  ; AUD_BCLK ; Rise       ; bclk_cnt[15]|clk ;
; 0.500  ; 0.500        ; 0.000          ; High Pulse Width ; AUD_BCLK ; Rise       ; bclk_cnt[16]|clk ;
; 0.500  ; 0.500        ; 0.000          ; Low Pulse Width  ; AUD_BCLK ; Rise       ; bclk_cnt[16]|clk ;
; 0.500  ; 0.500        ; 0.000          ; High Pulse Width ; AUD_BCLK ; Rise       ; bclk_cnt[17]|clk ;
; 0.500  ; 0.500        ; 0.000          ; Low Pulse Width  ; AUD_BCLK ; Rise       ; bclk_cnt[17]|clk ;
; 0.500  ; 0.500        ; 0.000          ; High Pulse Width ; AUD_BCLK ; Rise       ; bclk_cnt[18]|clk ;
; 0.500  ; 0.500        ; 0.000          ; Low Pulse Width  ; AUD_BCLK ; Rise       ; bclk_cnt[18]|clk ;
; 0.500  ; 0.500        ; 0.000          ; High Pulse Width ; AUD_BCLK ; Rise       ; bclk_cnt[19]|clk ;
; 0.500  ; 0.500        ; 0.000          ; Low Pulse Width  ; AUD_BCLK ; Rise       ; bclk_cnt[19]|clk ;
; 0.500  ; 0.500        ; 0.000          ; High Pulse Width ; AUD_BCLK ; Rise       ; bclk_cnt[1]|clk  ;
; 0.500  ; 0.500        ; 0.000          ; Low Pulse Width  ; AUD_BCLK ; Rise       ; bclk_cnt[1]|clk  ;
; 0.500  ; 0.500        ; 0.000          ; High Pulse Width ; AUD_BCLK ; Rise       ; bclk_cnt[20]|clk ;
; 0.500  ; 0.500        ; 0.000          ; Low Pulse Width  ; AUD_BCLK ; Rise       ; bclk_cnt[20]|clk ;
; 0.500  ; 0.500        ; 0.000          ; High Pulse Width ; AUD_BCLK ; Rise       ; bclk_cnt[21]|clk ;
; 0.500  ; 0.500        ; 0.000          ; Low Pulse Width  ; AUD_BCLK ; Rise       ; bclk_cnt[21]|clk ;
; 0.500  ; 0.500        ; 0.000          ; High Pulse Width ; AUD_BCLK ; Rise       ; bclk_cnt[22]|clk ;
; 0.500  ; 0.500        ; 0.000          ; Low Pulse Width  ; AUD_BCLK ; Rise       ; bclk_cnt[22]|clk ;
; 0.500  ; 0.500        ; 0.000          ; High Pulse Width ; AUD_BCLK ; Rise       ; bclk_cnt[23]|clk ;
; 0.500  ; 0.500        ; 0.000          ; Low Pulse Width  ; AUD_BCLK ; Rise       ; bclk_cnt[23]|clk ;
; 0.500  ; 0.500        ; 0.000          ; High Pulse Width ; AUD_BCLK ; Rise       ; bclk_cnt[2]|clk  ;
; 0.500  ; 0.500        ; 0.000          ; Low Pulse Width  ; AUD_BCLK ; Rise       ; bclk_cnt[2]|clk  ;
; 0.500  ; 0.500        ; 0.000          ; High Pulse Width ; AUD_BCLK ; Rise       ; bclk_cnt[3]|clk  ;
; 0.500  ; 0.500        ; 0.000          ; Low Pulse Width  ; AUD_BCLK ; Rise       ; bclk_cnt[3]|clk  ;
; 0.500  ; 0.500        ; 0.000          ; High Pulse Width ; AUD_BCLK ; Rise       ; bclk_cnt[4]|clk  ;
; 0.500  ; 0.500        ; 0.000          ; Low Pulse Width  ; AUD_BCLK ; Rise       ; bclk_cnt[4]|clk  ;
; 0.500  ; 0.500        ; 0.000          ; High Pulse Width ; AUD_BCLK ; Rise       ; bclk_cnt[5]|clk  ;
; 0.500  ; 0.500        ; 0.000          ; Low Pulse Width  ; AUD_BCLK ; Rise       ; bclk_cnt[5]|clk  ;
; 0.500  ; 0.500        ; 0.000          ; High Pulse Width ; AUD_BCLK ; Rise       ; bclk_cnt[6]|clk  ;
; 0.500  ; 0.500        ; 0.000          ; Low Pulse Width  ; AUD_BCLK ; Rise       ; bclk_cnt[6]|clk  ;
; 0.500  ; 0.500        ; 0.000          ; High Pulse Width ; AUD_BCLK ; Rise       ; bclk_cnt[7]|clk  ;
; 0.500  ; 0.500        ; 0.000          ; Low Pulse Width  ; AUD_BCLK ; Rise       ; bclk_cnt[7]|clk  ;
; 0.500  ; 0.500        ; 0.000          ; High Pulse Width ; AUD_BCLK ; Rise       ; bclk_cnt[8]|clk  ;
; 0.500  ; 0.500        ; 0.000          ; Low Pulse Width  ; AUD_BCLK ; Rise       ; bclk_cnt[8]|clk  ;
; 0.500  ; 0.500        ; 0.000          ; High Pulse Width ; AUD_BCLK ; Rise       ; bclk_cnt[9]|clk  ;
; 0.500  ; 0.500        ; 0.000          ; Low Pulse Width  ; AUD_BCLK ; Rise       ; bclk_cnt[9]|clk  ;
+--------+--------------+----------------+------------------+----------+------------+------------------+


+------------------------------------------------------------------------------------------------------------+
; Slow Model Minimum Pulse Width: 'AUD_DACLRCK'                                                              ;
+--------+--------------+----------------+------------------+-------------+------------+---------------------+
; Slack  ; Actual Width ; Required Width ; Type             ; Clock       ; Clock Edge ; Target              ;
+--------+--------------+----------------+------------------+-------------+------------+---------------------+
; -1.222 ; 1.000        ; 2.222          ; Port Rate        ; AUD_DACLRCK ; Rise       ; AUD_DACLRCK         ;
; -0.500 ; 0.500        ; 1.000          ; High Pulse Width ; AUD_DACLRCK ; Rise       ; lrck_cnt[0]         ;
; -0.500 ; 0.500        ; 1.000          ; Low Pulse Width  ; AUD_DACLRCK ; Rise       ; lrck_cnt[0]         ;
; -0.500 ; 0.500        ; 1.000          ; High Pulse Width ; AUD_DACLRCK ; Rise       ; lrck_cnt[10]        ;
; -0.500 ; 0.500        ; 1.000          ; Low Pulse Width  ; AUD_DACLRCK ; Rise       ; lrck_cnt[10]        ;
; -0.500 ; 0.500        ; 1.000          ; High Pulse Width ; AUD_DACLRCK ; Rise       ; lrck_cnt[11]        ;
; -0.500 ; 0.500        ; 1.000          ; Low Pulse Width  ; AUD_DACLRCK ; Rise       ; lrck_cnt[11]        ;
; -0.500 ; 0.500        ; 1.000          ; High Pulse Width ; AUD_DACLRCK ; Rise       ; lrck_cnt[12]        ;
; -0.500 ; 0.500        ; 1.000          ; Low Pulse Width  ; AUD_DACLRCK ; Rise       ; lrck_cnt[12]        ;
; -0.500 ; 0.500        ; 1.000          ; High Pulse Width ; AUD_DACLRCK ; Rise       ; lrck_cnt[13]        ;
; -0.500 ; 0.500        ; 1.000          ; Low Pulse Width  ; AUD_DACLRCK ; Rise       ; lrck_cnt[13]        ;
; -0.500 ; 0.500        ; 1.000          ; High Pulse Width ; AUD_DACLRCK ; Rise       ; lrck_cnt[14]        ;
; -0.500 ; 0.500        ; 1.000          ; Low Pulse Width  ; AUD_DACLRCK ; Rise       ; lrck_cnt[14]        ;
; -0.500 ; 0.500        ; 1.000          ; High Pulse Width ; AUD_DACLRCK ; Rise       ; lrck_cnt[15]        ;
; -0.500 ; 0.500        ; 1.000          ; Low Pulse Width  ; AUD_DACLRCK ; Rise       ; lrck_cnt[15]        ;
; -0.500 ; 0.500        ; 1.000          ; High Pulse Width ; AUD_DACLRCK ; Rise       ; lrck_cnt[1]         ;
; -0.500 ; 0.500        ; 1.000          ; Low Pulse Width  ; AUD_DACLRCK ; Rise       ; lrck_cnt[1]         ;
; -0.500 ; 0.500        ; 1.000          ; High Pulse Width ; AUD_DACLRCK ; Rise       ; lrck_cnt[2]         ;
; -0.500 ; 0.500        ; 1.000          ; Low Pulse Width  ; AUD_DACLRCK ; Rise       ; lrck_cnt[2]         ;
; -0.500 ; 0.500        ; 1.000          ; High Pulse Width ; AUD_DACLRCK ; Rise       ; lrck_cnt[3]         ;
; -0.500 ; 0.500        ; 1.000          ; Low Pulse Width  ; AUD_DACLRCK ; Rise       ; lrck_cnt[3]         ;
; -0.500 ; 0.500        ; 1.000          ; High Pulse Width ; AUD_DACLRCK ; Rise       ; lrck_cnt[4]         ;
; -0.500 ; 0.500        ; 1.000          ; Low Pulse Width  ; AUD_DACLRCK ; Rise       ; lrck_cnt[4]         ;
; -0.500 ; 0.500        ; 1.000          ; High Pulse Width ; AUD_DACLRCK ; Rise       ; lrck_cnt[5]         ;
; -0.500 ; 0.500        ; 1.000          ; Low Pulse Width  ; AUD_DACLRCK ; Rise       ; lrck_cnt[5]         ;
; -0.500 ; 0.500        ; 1.000          ; High Pulse Width ; AUD_DACLRCK ; Rise       ; lrck_cnt[6]         ;
; -0.500 ; 0.500        ; 1.000          ; Low Pulse Width  ; AUD_DACLRCK ; Rise       ; lrck_cnt[6]         ;
; -0.500 ; 0.500        ; 1.000          ; High Pulse Width ; AUD_DACLRCK ; Rise       ; lrck_cnt[7]         ;
; -0.500 ; 0.500        ; 1.000          ; Low Pulse Width  ; AUD_DACLRCK ; Rise       ; lrck_cnt[7]         ;
; -0.500 ; 0.500        ; 1.000          ; High Pulse Width ; AUD_DACLRCK ; Rise       ; lrck_cnt[8]         ;
; -0.500 ; 0.500        ; 1.000          ; Low Pulse Width  ; AUD_DACLRCK ; Rise       ; lrck_cnt[8]         ;
; -0.500 ; 0.500        ; 1.000          ; High Pulse Width ; AUD_DACLRCK ; Rise       ; lrck_cnt[9]         ;
; -0.500 ; 0.500        ; 1.000          ; Low Pulse Width  ; AUD_DACLRCK ; Rise       ; lrck_cnt[9]         ;
; 0.500  ; 0.500        ; 0.000          ; High Pulse Width ; AUD_DACLRCK ; Rise       ; AUD_DACLRCK|combout ;
; 0.500  ; 0.500        ; 0.000          ; Low Pulse Width  ; AUD_DACLRCK ; Rise       ; AUD_DACLRCK|combout ;
; 0.500  ; 0.500        ; 0.000          ; High Pulse Width ; AUD_DACLRCK ; Rise       ; lrck_cnt[0]|clk     ;
; 0.500  ; 0.500        ; 0.000          ; Low Pulse Width  ; AUD_DACLRCK ; Rise       ; lrck_cnt[0]|clk     ;
; 0.500  ; 0.500        ; 0.000          ; High Pulse Width ; AUD_DACLRCK ; Rise       ; lrck_cnt[10]|clk    ;
; 0.500  ; 0.500        ; 0.000          ; Low Pulse Width  ; AUD_DACLRCK ; Rise       ; lrck_cnt[10]|clk    ;
; 0.500  ; 0.500        ; 0.000          ; High Pulse Width ; AUD_DACLRCK ; Rise       ; lrck_cnt[11]|clk    ;
; 0.500  ; 0.500        ; 0.000          ; Low Pulse Width  ; AUD_DACLRCK ; Rise       ; lrck_cnt[11]|clk    ;
; 0.500  ; 0.500        ; 0.000          ; High Pulse Width ; AUD_DACLRCK ; Rise       ; lrck_cnt[12]|clk    ;
; 0.500  ; 0.500        ; 0.000          ; Low Pulse Width  ; AUD_DACLRCK ; Rise       ; lrck_cnt[12]|clk    ;
; 0.500  ; 0.500        ; 0.000          ; High Pulse Width ; AUD_DACLRCK ; Rise       ; lrck_cnt[13]|clk    ;
; 0.500  ; 0.500        ; 0.000          ; Low Pulse Width  ; AUD_DACLRCK ; Rise       ; lrck_cnt[13]|clk    ;
; 0.500  ; 0.500        ; 0.000          ; High Pulse Width ; AUD_DACLRCK ; Rise       ; lrck_cnt[14]|clk    ;
; 0.500  ; 0.500        ; 0.000          ; Low Pulse Width  ; AUD_DACLRCK ; Rise       ; lrck_cnt[14]|clk    ;
; 0.500  ; 0.500        ; 0.000          ; High Pulse Width ; AUD_DACLRCK ; Rise       ; lrck_cnt[15]|clk    ;
; 0.500  ; 0.500        ; 0.000          ; Low Pulse Width  ; AUD_DACLRCK ; Rise       ; lrck_cnt[15]|clk    ;
; 0.500  ; 0.500        ; 0.000          ; High Pulse Width ; AUD_DACLRCK ; Rise       ; lrck_cnt[1]|clk     ;
; 0.500  ; 0.500        ; 0.000          ; Low Pulse Width  ; AUD_DACLRCK ; Rise       ; lrck_cnt[1]|clk     ;
; 0.500  ; 0.500        ; 0.000          ; High Pulse Width ; AUD_DACLRCK ; Rise       ; lrck_cnt[2]|clk     ;
; 0.500  ; 0.500        ; 0.000          ; Low Pulse Width  ; AUD_DACLRCK ; Rise       ; lrck_cnt[2]|clk     ;
; 0.500  ; 0.500        ; 0.000          ; High Pulse Width ; AUD_DACLRCK ; Rise       ; lrck_cnt[3]|clk     ;
; 0.500  ; 0.500        ; 0.000          ; Low Pulse Width  ; AUD_DACLRCK ; Rise       ; lrck_cnt[3]|clk     ;
; 0.500  ; 0.500        ; 0.000          ; High Pulse Width ; AUD_DACLRCK ; Rise       ; lrck_cnt[4]|clk     ;
; 0.500  ; 0.500        ; 0.000          ; Low Pulse Width  ; AUD_DACLRCK ; Rise       ; lrck_cnt[4]|clk     ;
; 0.500  ; 0.500        ; 0.000          ; High Pulse Width ; AUD_DACLRCK ; Rise       ; lrck_cnt[5]|clk     ;
; 0.500  ; 0.500        ; 0.000          ; Low Pulse Width  ; AUD_DACLRCK ; Rise       ; lrck_cnt[5]|clk     ;
; 0.500  ; 0.500        ; 0.000          ; High Pulse Width ; AUD_DACLRCK ; Rise       ; lrck_cnt[6]|clk     ;
; 0.500  ; 0.500        ; 0.000          ; Low Pulse Width  ; AUD_DACLRCK ; Rise       ; lrck_cnt[6]|clk     ;
; 0.500  ; 0.500        ; 0.000          ; High Pulse Width ; AUD_DACLRCK ; Rise       ; lrck_cnt[7]|clk     ;
; 0.500  ; 0.500        ; 0.000          ; Low Pulse Width  ; AUD_DACLRCK ; Rise       ; lrck_cnt[7]|clk     ;
; 0.500  ; 0.500        ; 0.000          ; High Pulse Width ; AUD_DACLRCK ; Rise       ; lrck_cnt[8]|clk     ;
; 0.500  ; 0.500        ; 0.000          ; Low Pulse Width  ; AUD_DACLRCK ; Rise       ; lrck_cnt[8]|clk     ;
; 0.500  ; 0.500        ; 0.000          ; High Pulse Width ; AUD_DACLRCK ; Rise       ; lrck_cnt[9]|clk     ;
; 0.500  ; 0.500        ; 0.000          ; Low Pulse Width  ; AUD_DACLRCK ; Rise       ; lrck_cnt[9]|clk     ;
+--------+--------------+----------------+------------------+-------------+------------+---------------------+


+-------------------------------------------------------------------------+
; Setup Times                                                             ;
+-------------+------------+-------+-------+------------+-----------------+
; Data Port   ; Clock Port ; Rise  ; Fall  ; Clock Edge ; Clock Reference ;
+-------------+------------+-------+-------+------------+-----------------+
; AUD_ADCDAT  ; CLOCK_50   ; 4.579 ; 4.579 ; Rise       ; CLOCK_50        ;
; AUD_ADCLRCK ; CLOCK_50   ; 4.551 ; 4.551 ; Rise       ; CLOCK_50        ;
; AUD_BCLK    ; CLOCK_50   ; 0.457 ; 0.457 ; Rise       ; CLOCK_50        ;
; AUD_DACLRCK ; CLOCK_50   ; 0.373 ; 0.373 ; Rise       ; CLOCK_50        ;
; KEY[*]      ; CLOCK_50   ; 8.000 ; 8.000 ; Rise       ; CLOCK_50        ;
;  KEY[0]     ; CLOCK_50   ; 7.676 ; 7.676 ; Rise       ; CLOCK_50        ;
;  KEY[1]     ; CLOCK_50   ; 8.000 ; 8.000 ; Rise       ; CLOCK_50        ;
;  KEY[2]     ; CLOCK_50   ; 3.624 ; 3.624 ; Rise       ; CLOCK_50        ;
; SW[*]       ; CLOCK_50   ; 9.188 ; 9.188 ; Rise       ; CLOCK_50        ;
;  SW[0]      ; CLOCK_50   ; 9.188 ; 9.188 ; Rise       ; CLOCK_50        ;
;  SW[1]      ; CLOCK_50   ; 9.163 ; 9.163 ; Rise       ; CLOCK_50        ;
;  SW[2]      ; CLOCK_50   ; 9.105 ; 9.105 ; Rise       ; CLOCK_50        ;
;  SW[3]      ; CLOCK_50   ; 8.444 ; 8.444 ; Rise       ; CLOCK_50        ;
;  SW[17]     ; CLOCK_50   ; 6.651 ; 6.651 ; Rise       ; CLOCK_50        ;
+-------------+------------+-------+-------+------------+-----------------+


+---------------------------------------------------------------------------+
; Hold Times                                                                ;
+-------------+------------+--------+--------+------------+-----------------+
; Data Port   ; Clock Port ; Rise   ; Fall   ; Clock Edge ; Clock Reference ;
+-------------+------------+--------+--------+------------+-----------------+
; AUD_ADCDAT  ; CLOCK_50   ; -4.349 ; -4.349 ; Rise       ; CLOCK_50        ;
; AUD_ADCLRCK ; CLOCK_50   ; -4.321 ; -4.321 ; Rise       ; CLOCK_50        ;
; AUD_BCLK    ; CLOCK_50   ; -0.227 ; -0.227 ; Rise       ; CLOCK_50        ;
; AUD_DACLRCK ; CLOCK_50   ; -0.143 ; -0.143 ; Rise       ; CLOCK_50        ;
; KEY[*]      ; CLOCK_50   ; -3.394 ; -3.394 ; Rise       ; CLOCK_50        ;
;  KEY[0]     ; CLOCK_50   ; -4.353 ; -4.353 ; Rise       ; CLOCK_50        ;
;  KEY[1]     ; CLOCK_50   ; -4.493 ; -4.493 ; Rise       ; CLOCK_50        ;
;  KEY[2]     ; CLOCK_50   ; -3.394 ; -3.394 ; Rise       ; CLOCK_50        ;
; SW[*]       ; CLOCK_50   ; -5.667 ; -5.667 ; Rise       ; CLOCK_50        ;
;  SW[0]      ; CLOCK_50   ; -6.690 ; -6.690 ; Rise       ; CLOCK_50        ;
;  SW[1]      ; CLOCK_50   ; -6.665 ; -6.665 ; Rise       ; CLOCK_50        ;
;  SW[2]      ; CLOCK_50   ; -6.600 ; -6.600 ; Rise       ; CLOCK_50        ;
;  SW[3]      ; CLOCK_50   ; -5.941 ; -5.941 ; Rise       ; CLOCK_50        ;
;  SW[17]     ; CLOCK_50   ; -5.667 ; -5.667 ; Rise       ; CLOCK_50        ;
+-------------+------------+--------+--------+------------+-----------------+


+---------------------------------------------------------------------------+
; Clock to Output Times                                                     ;
+------------+-------------+--------+--------+------------+-----------------+
; Data Port  ; Clock Port  ; Rise   ; Fall   ; Clock Edge ; Clock Reference ;
+------------+-------------+--------+--------+------------+-----------------+
; LEDG[*]    ; AUD_BCLK    ; 8.895  ; 8.895  ; Rise       ; AUD_BCLK        ;
;  LEDG[1]   ; AUD_BCLK    ; 8.895  ; 8.895  ; Rise       ; AUD_BCLK        ;
; LEDG[*]    ; AUD_DACLRCK ; 9.821  ; 9.821  ; Rise       ; AUD_DACLRCK     ;
;  LEDG[2]   ; AUD_DACLRCK ; 9.821  ; 9.821  ; Rise       ; AUD_DACLRCK     ;
; AUD_DACDAT ; CLOCK_50    ; 10.272 ; 10.272 ; Rise       ; CLOCK_50        ;
; AUD_XCK    ; CLOCK_50    ; 9.383  ; 9.383  ; Rise       ; CLOCK_50        ;
; I2C_SCLK   ; CLOCK_50    ; 7.628  ; 7.628  ; Rise       ; CLOCK_50        ;
; I2C_SDAT   ; CLOCK_50    ; 7.601  ; 7.601  ; Rise       ; CLOCK_50        ;
; LEDG[*]    ; CLOCK_50    ; 9.100  ; 9.100  ; Rise       ; CLOCK_50        ;
;  LEDG[0]   ; CLOCK_50    ; 9.006  ; 9.006  ; Rise       ; CLOCK_50        ;
;  LEDG[3]   ; CLOCK_50    ; 8.294  ; 8.294  ; Rise       ; CLOCK_50        ;
;  LEDG[4]   ; CLOCK_50    ; 9.100  ; 9.100  ; Rise       ; CLOCK_50        ;
;  LEDG[5]   ; CLOCK_50    ; 8.057  ; 8.057  ; Rise       ; CLOCK_50        ;
;  LEDG[6]   ; CLOCK_50    ; 8.106  ; 8.106  ; Rise       ; CLOCK_50        ;
; LEDR[*]    ; CLOCK_50    ; 9.686  ; 9.686  ; Rise       ; CLOCK_50        ;
;  LEDR[5]   ; CLOCK_50    ; 9.008  ; 9.008  ; Rise       ; CLOCK_50        ;
;  LEDR[6]   ; CLOCK_50    ; 9.686  ; 9.686  ; Rise       ; CLOCK_50        ;
;  LEDR[7]   ; CLOCK_50    ; 8.139  ; 8.139  ; Rise       ; CLOCK_50        ;
;  LEDR[8]   ; CLOCK_50    ; 8.076  ; 8.076  ; Rise       ; CLOCK_50        ;
;  LEDR[9]   ; CLOCK_50    ; 8.548  ; 8.548  ; Rise       ; CLOCK_50        ;
;  LEDR[10]  ; CLOCK_50    ; 8.517  ; 8.517  ; Rise       ; CLOCK_50        ;
; VGA_BLANK  ; CLOCK_50    ; 10.468 ; 10.468 ; Rise       ; CLOCK_50        ;
; VGA_CLK    ; CLOCK_50    ; 7.919  ; 7.919  ; Rise       ; CLOCK_50        ;
; VGA_G[*]   ; CLOCK_50    ; 8.143  ; 8.143  ; Rise       ; CLOCK_50        ;
;  VGA_G[7]  ; CLOCK_50    ; 8.143  ; 8.143  ; Rise       ; CLOCK_50        ;
;  VGA_G[8]  ; CLOCK_50    ; 7.923  ; 7.923  ; Rise       ; CLOCK_50        ;
;  VGA_G[9]  ; CLOCK_50    ; 7.924  ; 7.924  ; Rise       ; CLOCK_50        ;
; VGA_HS     ; CLOCK_50    ; 10.459 ; 10.459 ; Rise       ; CLOCK_50        ;
; VGA_R[*]   ; CLOCK_50    ; 8.366  ; 8.366  ; Rise       ; CLOCK_50        ;
;  VGA_R[6]  ; CLOCK_50    ; 8.360  ; 8.360  ; Rise       ; CLOCK_50        ;
;  VGA_R[7]  ; CLOCK_50    ; 8.335  ; 8.335  ; Rise       ; CLOCK_50        ;
;  VGA_R[8]  ; CLOCK_50    ; 8.366  ; 8.366  ; Rise       ; CLOCK_50        ;
;  VGA_R[9]  ; CLOCK_50    ; 8.333  ; 8.333  ; Rise       ; CLOCK_50        ;
; VGA_VS     ; CLOCK_50    ; 10.624 ; 10.624 ; Rise       ; CLOCK_50        ;
+------------+-------------+--------+--------+------------+-----------------+


+---------------------------------------------------------------------------+
; Minimum Clock to Output Times                                             ;
+------------+-------------+--------+--------+------------+-----------------+
; Data Port  ; Clock Port  ; Rise   ; Fall   ; Clock Edge ; Clock Reference ;
+------------+-------------+--------+--------+------------+-----------------+
; LEDG[*]    ; AUD_BCLK    ; 8.895  ; 8.895  ; Rise       ; AUD_BCLK        ;
;  LEDG[1]   ; AUD_BCLK    ; 8.895  ; 8.895  ; Rise       ; AUD_BCLK        ;
; LEDG[*]    ; AUD_DACLRCK ; 9.821  ; 9.821  ; Rise       ; AUD_DACLRCK     ;
;  LEDG[2]   ; AUD_DACLRCK ; 9.821  ; 9.821  ; Rise       ; AUD_DACLRCK     ;
; AUD_DACDAT ; CLOCK_50    ; 10.272 ; 10.272 ; Rise       ; CLOCK_50        ;
; AUD_XCK    ; CLOCK_50    ; 9.383  ; 9.383  ; Rise       ; CLOCK_50        ;
; I2C_SCLK   ; CLOCK_50    ; 7.628  ; 7.628  ; Rise       ; CLOCK_50        ;
; I2C_SDAT   ; CLOCK_50    ; 7.601  ; 7.601  ; Rise       ; CLOCK_50        ;
; LEDG[*]    ; CLOCK_50    ; 8.057  ; 8.057  ; Rise       ; CLOCK_50        ;
;  LEDG[0]   ; CLOCK_50    ; 9.006  ; 9.006  ; Rise       ; CLOCK_50        ;
;  LEDG[3]   ; CLOCK_50    ; 8.294  ; 8.294  ; Rise       ; CLOCK_50        ;
;  LEDG[4]   ; CLOCK_50    ; 9.100  ; 9.100  ; Rise       ; CLOCK_50        ;
;  LEDG[5]   ; CLOCK_50    ; 8.057  ; 8.057  ; Rise       ; CLOCK_50        ;
;  LEDG[6]   ; CLOCK_50    ; 8.106  ; 8.106  ; Rise       ; CLOCK_50        ;
; LEDR[*]    ; CLOCK_50    ; 8.076  ; 8.076  ; Rise       ; CLOCK_50        ;
;  LEDR[5]   ; CLOCK_50    ; 9.008  ; 9.008  ; Rise       ; CLOCK_50        ;
;  LEDR[6]   ; CLOCK_50    ; 9.686  ; 9.686  ; Rise       ; CLOCK_50        ;
;  LEDR[7]   ; CLOCK_50    ; 8.139  ; 8.139  ; Rise       ; CLOCK_50        ;
;  LEDR[8]   ; CLOCK_50    ; 8.076  ; 8.076  ; Rise       ; CLOCK_50        ;
;  LEDR[9]   ; CLOCK_50    ; 8.548  ; 8.548  ; Rise       ; CLOCK_50        ;
;  LEDR[10]  ; CLOCK_50    ; 8.517  ; 8.517  ; Rise       ; CLOCK_50        ;
; VGA_BLANK  ; CLOCK_50    ; 10.019 ; 10.019 ; Rise       ; CLOCK_50        ;
; VGA_CLK    ; CLOCK_50    ; 7.919  ; 7.919  ; Rise       ; CLOCK_50        ;
; VGA_G[*]   ; CLOCK_50    ; 7.923  ; 7.923  ; Rise       ; CLOCK_50        ;
;  VGA_G[7]  ; CLOCK_50    ; 8.143  ; 8.143  ; Rise       ; CLOCK_50        ;
;  VGA_G[8]  ; CLOCK_50    ; 7.923  ; 7.923  ; Rise       ; CLOCK_50        ;
;  VGA_G[9]  ; CLOCK_50    ; 7.924  ; 7.924  ; Rise       ; CLOCK_50        ;
; VGA_HS     ; CLOCK_50    ; 9.514  ; 9.514  ; Rise       ; CLOCK_50        ;
; VGA_R[*]   ; CLOCK_50    ; 8.333  ; 8.333  ; Rise       ; CLOCK_50        ;
;  VGA_R[6]  ; CLOCK_50    ; 8.360  ; 8.360  ; Rise       ; CLOCK_50        ;
;  VGA_R[7]  ; CLOCK_50    ; 8.335  ; 8.335  ; Rise       ; CLOCK_50        ;
;  VGA_R[8]  ; CLOCK_50    ; 8.366  ; 8.366  ; Rise       ; CLOCK_50        ;
;  VGA_R[9]  ; CLOCK_50    ; 8.333  ; 8.333  ; Rise       ; CLOCK_50        ;
; VGA_VS     ; CLOCK_50    ; 8.956  ; 8.956  ; Rise       ; CLOCK_50        ;
+------------+-------------+--------+--------+------------+-----------------+


+----------------------------------------------------------+
; Propagation Delay                                        ;
+------------+-------------+-------+-------+-------+-------+
; Input Port ; Output Port ; RR    ; RF    ; FR    ; FF    ;
+------------+-------------+-------+-------+-------+-------+
; SW[0]      ; HEX0[0]     ; 7.995 ; 7.995 ; 7.995 ; 7.995 ;
; SW[0]      ; HEX0[1]     ; 7.742 ; 7.742 ; 7.742 ; 7.742 ;
; SW[0]      ; HEX0[2]     ;       ; 7.701 ; 7.701 ;       ;
; SW[0]      ; HEX0[3]     ; 7.759 ; 7.759 ; 7.759 ; 7.759 ;
; SW[0]      ; HEX0[4]     ; 7.739 ;       ;       ; 7.739 ;
; SW[0]      ; HEX0[5]     ; 7.721 ;       ;       ; 7.721 ;
; SW[0]      ; HEX0[6]     ; 7.721 ;       ;       ; 7.721 ;
; SW[0]      ; LEDR[0]     ; 6.920 ;       ;       ; 6.920 ;
; SW[1]      ; HEX0[0]     ;       ; 7.932 ; 7.932 ;       ;
; SW[1]      ; HEX0[1]     ; 7.716 ; 7.716 ; 7.716 ; 7.716 ;
; SW[1]      ; HEX0[2]     ; 7.723 ;       ;       ; 7.723 ;
; SW[1]      ; HEX0[3]     ; 7.704 ; 7.704 ; 7.704 ; 7.704 ;
; SW[1]      ; HEX0[4]     ; 7.713 ; 7.713 ; 7.713 ; 7.713 ;
; SW[1]      ; HEX0[5]     ; 7.700 ;       ;       ; 7.700 ;
; SW[1]      ; HEX0[6]     ; 7.700 ; 7.700 ; 7.700 ; 7.700 ;
; SW[1]      ; LEDG[7]     ;       ; 6.787 ; 6.787 ;       ;
; SW[1]      ; LEDR[0]     ; 6.519 ;       ;       ; 6.519 ;
; SW[1]      ; LEDR[1]     ; 6.517 ;       ;       ; 6.517 ;
; SW[1]      ; LEDR[2]     ; 6.487 ;       ;       ; 6.487 ;
; SW[1]      ; LEDR[3]     ;       ; 6.492 ; 6.492 ;       ;
; SW[1]      ; LEDR[4]     ; 6.616 ;       ;       ; 6.616 ;
; SW[2]      ; HEX0[0]     ; 7.866 ; 7.866 ; 7.866 ; 7.866 ;
; SW[2]      ; HEX0[1]     ; 7.617 ;       ;       ; 7.617 ;
; SW[2]      ; HEX0[2]     ;       ; 7.638 ; 7.638 ;       ;
; SW[2]      ; HEX0[3]     ; 7.632 ; 7.632 ; 7.632 ; 7.632 ;
; SW[2]      ; HEX0[4]     ; 7.626 ;       ;       ; 7.626 ;
; SW[2]      ; HEX0[5]     ;       ; 7.614 ; 7.614 ;       ;
; SW[2]      ; HEX0[6]     ; 7.614 ; 7.614 ; 7.614 ; 7.614 ;
; SW[2]      ; LEDG[7]     ;       ; 7.522 ; 7.522 ;       ;
; SW[2]      ; LEDR[0]     ; 7.068 ;       ;       ; 7.068 ;
; SW[2]      ; LEDR[2]     ; 7.040 ;       ;       ; 7.040 ;
; SW[2]      ; LEDR[3]     ;       ; 7.040 ; 7.040 ;       ;
; SW[2]      ; LEDR[4]     ; 7.351 ;       ;       ; 7.351 ;
; SW[3]      ; HEX0[0]     ;       ; 7.215 ; 7.215 ;       ;
; SW[3]      ; HEX0[1]     ; 6.955 ;       ;       ; 6.955 ;
; SW[3]      ; HEX0[2]     ;       ; 6.978 ; 6.978 ;       ;
; SW[3]      ; HEX0[3]     ;       ; 6.979 ; 6.979 ;       ;
; SW[3]      ; HEX0[4]     ; 6.962 ;       ;       ; 6.962 ;
; SW[3]      ; HEX0[5]     ;       ; 6.954 ; 6.954 ;       ;
; SW[3]      ; HEX0[6]     ;       ; 6.924 ; 6.924 ;       ;
; SW[3]      ; LEDG[7]     ;       ; 6.573 ; 6.573 ;       ;
; SW[3]      ; LEDR[0]     ; 6.590 ;       ;       ; 6.590 ;
; SW[3]      ; LEDR[1]     ;       ; 6.548 ; 6.548 ;       ;
; SW[3]      ; LEDR[2]     ; 6.559 ;       ;       ; 6.559 ;
; SW[3]      ; LEDR[3]     ; 6.565 ;       ;       ; 6.565 ;
; SW[3]      ; LEDR[4]     ; 6.402 ;       ;       ; 6.402 ;
; SW[17]     ; LEDG[8]     ; 9.565 ;       ;       ; 9.565 ;
; SW[17]     ; LEDR[17]    ; 9.605 ;       ;       ; 9.605 ;
+------------+-------------+-------+-------+-------+-------+


+----------------------------------------------------------+
; Minimum Propagation Delay                                ;
+------------+-------------+-------+-------+-------+-------+
; Input Port ; Output Port ; RR    ; RF    ; FR    ; FF    ;
+------------+-------------+-------+-------+-------+-------+
; SW[0]      ; HEX0[0]     ; 7.995 ; 7.995 ; 7.995 ; 7.995 ;
; SW[0]      ; HEX0[1]     ; 7.742 ; 7.742 ; 7.742 ; 7.742 ;
; SW[0]      ; HEX0[2]     ;       ; 7.701 ; 7.701 ;       ;
; SW[0]      ; HEX0[3]     ; 7.759 ; 7.759 ; 7.759 ; 7.759 ;
; SW[0]      ; HEX0[4]     ; 7.739 ;       ;       ; 7.739 ;
; SW[0]      ; HEX0[5]     ; 7.721 ;       ;       ; 7.721 ;
; SW[0]      ; HEX0[6]     ; 7.721 ;       ;       ; 7.721 ;
; SW[0]      ; LEDR[0]     ; 6.920 ;       ;       ; 6.920 ;
; SW[1]      ; HEX0[0]     ;       ; 7.932 ; 7.932 ;       ;
; SW[1]      ; HEX0[1]     ; 7.716 ; 7.716 ; 7.716 ; 7.716 ;
; SW[1]      ; HEX0[2]     ; 7.723 ;       ;       ; 7.723 ;
; SW[1]      ; HEX0[3]     ; 7.704 ; 7.704 ; 7.704 ; 7.704 ;
; SW[1]      ; HEX0[4]     ; 7.713 ; 7.713 ; 7.713 ; 7.713 ;
; SW[1]      ; HEX0[5]     ; 7.700 ;       ;       ; 7.700 ;
; SW[1]      ; HEX0[6]     ; 7.700 ; 7.700 ; 7.700 ; 7.700 ;
; SW[1]      ; LEDG[7]     ;       ; 6.787 ; 6.787 ;       ;
; SW[1]      ; LEDR[0]     ; 6.519 ;       ;       ; 6.519 ;
; SW[1]      ; LEDR[1]     ; 6.517 ;       ;       ; 6.517 ;
; SW[1]      ; LEDR[2]     ; 6.487 ;       ;       ; 6.487 ;
; SW[1]      ; LEDR[3]     ;       ; 6.492 ; 6.492 ;       ;
; SW[1]      ; LEDR[4]     ; 6.616 ;       ;       ; 6.616 ;
; SW[2]      ; HEX0[0]     ; 7.866 ; 7.866 ; 7.866 ; 7.866 ;
; SW[2]      ; HEX0[1]     ; 7.617 ;       ;       ; 7.617 ;
; SW[2]      ; HEX0[2]     ;       ; 7.638 ; 7.638 ;       ;
; SW[2]      ; HEX0[3]     ; 7.632 ; 7.632 ; 7.632 ; 7.632 ;
; SW[2]      ; HEX0[4]     ; 7.626 ;       ;       ; 7.626 ;
; SW[2]      ; HEX0[5]     ;       ; 7.614 ; 7.614 ;       ;
; SW[2]      ; HEX0[6]     ; 7.614 ; 7.614 ; 7.614 ; 7.614 ;
; SW[2]      ; LEDG[7]     ;       ; 7.522 ; 7.522 ;       ;
; SW[2]      ; LEDR[0]     ; 7.068 ;       ;       ; 7.068 ;
; SW[2]      ; LEDR[2]     ; 7.040 ;       ;       ; 7.040 ;
; SW[2]      ; LEDR[3]     ;       ; 7.040 ; 7.040 ;       ;
; SW[2]      ; LEDR[4]     ; 7.351 ;       ;       ; 7.351 ;
; SW[3]      ; HEX0[0]     ;       ; 7.215 ; 7.215 ;       ;
; SW[3]      ; HEX0[1]     ; 6.955 ;       ;       ; 6.955 ;
; SW[3]      ; HEX0[2]     ;       ; 6.978 ; 6.978 ;       ;
; SW[3]      ; HEX0[3]     ;       ; 6.979 ; 6.979 ;       ;
; SW[3]      ; HEX0[4]     ; 6.962 ;       ;       ; 6.962 ;
; SW[3]      ; HEX0[5]     ;       ; 6.954 ; 6.954 ;       ;
; SW[3]      ; HEX0[6]     ;       ; 6.924 ; 6.924 ;       ;
; SW[3]      ; LEDG[7]     ;       ; 6.573 ; 6.573 ;       ;
; SW[3]      ; LEDR[0]     ; 6.590 ;       ;       ; 6.590 ;
; SW[3]      ; LEDR[1]     ;       ; 6.548 ; 6.548 ;       ;
; SW[3]      ; LEDR[2]     ; 6.559 ;       ;       ; 6.559 ;
; SW[3]      ; LEDR[3]     ; 6.565 ;       ;       ; 6.565 ;
; SW[3]      ; LEDR[4]     ; 6.402 ;       ;       ; 6.402 ;
; SW[17]     ; LEDG[8]     ; 9.565 ;       ;       ; 9.565 ;
; SW[17]     ; LEDR[17]    ; 9.605 ;       ;       ; 9.605 ;
+------------+-------------+-------+-------+-------+-------+


+----------------------------------------------------------------------+
; Output Enable Times                                                  ;
+-----------+------------+-------+------+------------+-----------------+
; Data Port ; Clock Port ; Rise  ; Fall ; Clock Edge ; Clock Reference ;
+-----------+------------+-------+------+------------+-----------------+
; I2C_SDAT  ; CLOCK_50   ; 8.270 ;      ; Rise       ; CLOCK_50        ;
+-----------+------------+-------+------+------------+-----------------+


+----------------------------------------------------------------------+
; Minimum Output Enable Times                                          ;
+-----------+------------+-------+------+------------+-----------------+
; Data Port ; Clock Port ; Rise  ; Fall ; Clock Edge ; Clock Reference ;
+-----------+------------+-------+------+------------+-----------------+
; I2C_SDAT  ; CLOCK_50   ; 8.270 ;      ; Rise       ; CLOCK_50        ;
+-----------+------------+-------+------+------------+-----------------+


+-------------------------------------------------------------------------------+
; Output Disable Times                                                          ;
+-----------+------------+-----------+-----------+------------+-----------------+
; Data Port ; Clock Port ; 0 to Hi-Z ; 1 to Hi-Z ; Clock Edge ; Clock Reference ;
+-----------+------------+-----------+-----------+------------+-----------------+
; I2C_SDAT  ; CLOCK_50   ; 8.270     ;           ; Rise       ; CLOCK_50        ;
+-----------+------------+-----------+-----------+------------+-----------------+


+-------------------------------------------------------------------------------+
; Minimum Output Disable Times                                                  ;
+-----------+------------+-----------+-----------+------------+-----------------+
; Data Port ; Clock Port ; 0 to Hi-Z ; 1 to Hi-Z ; Clock Edge ; Clock Reference ;
+-----------+------------+-----------+-----------+------------+-----------------+
; I2C_SDAT  ; CLOCK_50   ; 8.270     ;           ; Rise       ; CLOCK_50        ;
+-----------+------------+-----------+-----------+------------+-----------------+


+--------------------------------------+
; Fast Model Setup Summary             ;
+-------------+--------+---------------+
; Clock       ; Slack  ; End Point TNS ;
+-------------+--------+---------------+
; CLOCK_50    ; -2.644 ; -176.271      ;
; AUD_BCLK    ; -0.520 ; -3.459        ;
; AUD_DACLRCK ; -0.209 ; -0.729        ;
+-------------+--------+---------------+


+--------------------------------------+
; Fast Model Hold Summary              ;
+-------------+--------+---------------+
; Clock       ; Slack  ; End Point TNS ;
+-------------+--------+---------------+
; CLOCK_50    ; -0.234 ; -0.405        ;
; AUD_BCLK    ; 0.215  ; 0.000         ;
; AUD_DACLRCK ; 0.215  ; 0.000         ;
+-------------+--------+---------------+


+--------------------------------------+
; Fast Model Recovery Summary          ;
+-------------+--------+---------------+
; Clock       ; Slack  ; End Point TNS ;
+-------------+--------+---------------+
; AUD_BCLK    ; -1.128 ; -26.916       ;
; AUD_DACLRCK ; -1.100 ; -17.600       ;
; CLOCK_50    ; -0.999 ; -144.832      ;
+-------------+--------+---------------+


+-------------------------------------+
; Fast Model Removal Summary          ;
+-------------+-------+---------------+
; Clock       ; Slack ; End Point TNS ;
+-------------+-------+---------------+
; CLOCK_50    ; 1.631 ; 0.000         ;
; AUD_DACLRCK ; 1.980 ; 0.000         ;
; AUD_BCLK    ; 1.995 ; 0.000         ;
+-------------+-------+---------------+


+----------------------------------------+
; Fast Model Minimum Pulse Width Summary ;
+-------------+--------+-----------------+
; Clock       ; Slack  ; End Point TNS   ;
+-------------+--------+-----------------+
; CLOCK_50    ; -1.519 ; -469.820        ;
; AUD_BCLK    ; -1.222 ; -25.222         ;
; AUD_DACLRCK ; -1.222 ; -17.222         ;
+-------------+--------+-----------------+


+-----------------------------------------------------------------------------------------------------------------------------------------------------------------------------------------------------------------------------------------------------------------------------------------+
; Fast Model Setup: 'CLOCK_50'                                                                                                                                                                                                                                                            ;
+--------+----------------------------------------------------------------------------------------------------------------------------------------+-----------------------------------------------------------------+--------------+-------------+--------------+------------+------------+
; Slack  ; From Node                                                                                                                              ; To Node                                                         ; Launch Clock ; Latch Clock ; Relationship ; Clock Skew ; Data Delay ;
+--------+----------------------------------------------------------------------------------------------------------------------------------------+-----------------------------------------------------------------+--------------+-------------+--------------+------------+------------+
; -2.644 ; vga_sync:u_vga_sync|v_count[9]                                                                                                         ; text_renderer:u_text_renderer|lyric_rom:u_lyric_rom|char_out[0] ; CLOCK_50     ; CLOCK_50    ; 1.000        ; -0.004     ; 3.672      ;
; -2.625 ; vga_sync:u_vga_sync|h_count[8]                                                                                                         ; text_renderer:u_text_renderer|lyric_rom:u_lyric_rom|char_out[0] ; CLOCK_50     ; CLOCK_50    ; 1.000        ; -0.004     ; 3.653      ;
; -2.602 ; vga_sync:u_vga_sync|v_count[8]                                                                                                         ; text_renderer:u_text_renderer|lyric_rom:u_lyric_rom|char_out[0] ; CLOCK_50     ; CLOCK_50    ; 1.000        ; -0.003     ; 3.631      ;
; -2.585 ; vga_sync:u_vga_sync|v_count[7]                                                                                                         ; text_renderer:u_text_renderer|lyric_rom:u_lyric_rom|char_out[0] ; CLOCK_50     ; CLOCK_50    ; 1.000        ; -0.003     ; 3.614      ;
; -2.582 ; vga_sync:u_vga_sync|v_count[9]                                                                                                         ; text_renderer:u_text_renderer|lyric_rom:u_lyric_rom|char_out[1] ; CLOCK_50     ; CLOCK_50    ; 1.000        ; 0.002      ; 3.616      ;
; -2.569 ; vga_sync:u_vga_sync|h_count[9]                                                                                                         ; text_renderer:u_text_renderer|lyric_rom:u_lyric_rom|char_out[0] ; CLOCK_50     ; CLOCK_50    ; 1.000        ; -0.004     ; 3.597      ;
; -2.563 ; vga_sync:u_vga_sync|h_count[8]                                                                                                         ; text_renderer:u_text_renderer|lyric_rom:u_lyric_rom|char_out[1] ; CLOCK_50     ; CLOCK_50    ; 1.000        ; 0.002      ; 3.597      ;
; -2.550 ; vga_sync:u_vga_sync|v_count[5]                                                                                                         ; text_renderer:u_text_renderer|lyric_rom:u_lyric_rom|char_out[0] ; CLOCK_50     ; CLOCK_50    ; 1.000        ; -0.003     ; 3.579      ;
; -2.540 ; vga_sync:u_vga_sync|v_count[8]                                                                                                         ; text_renderer:u_text_renderer|lyric_rom:u_lyric_rom|char_out[1] ; CLOCK_50     ; CLOCK_50    ; 1.000        ; 0.003      ; 3.575      ;
; -2.539 ; vga_sync:u_vga_sync|v_count[6]                                                                                                         ; text_renderer:u_text_renderer|lyric_rom:u_lyric_rom|char_out[0] ; CLOCK_50     ; CLOCK_50    ; 1.000        ; -0.003     ; 3.568      ;
; -2.534 ; vga_sync:u_vga_sync|v_count[9]                                                                                                         ; text_renderer:u_text_renderer|lyric_rom:u_lyric_rom|char_out[2] ; CLOCK_50     ; CLOCK_50    ; 1.000        ; -0.004     ; 3.562      ;
; -2.523 ; vga_sync:u_vga_sync|v_count[7]                                                                                                         ; text_renderer:u_text_renderer|lyric_rom:u_lyric_rom|char_out[1] ; CLOCK_50     ; CLOCK_50    ; 1.000        ; 0.003      ; 3.558      ;
; -2.517 ; vga_sync:u_vga_sync|h_count[7]                                                                                                         ; text_renderer:u_text_renderer|lyric_rom:u_lyric_rom|char_out[0] ; CLOCK_50     ; CLOCK_50    ; 1.000        ; -0.004     ; 3.545      ;
; -2.515 ; vga_sync:u_vga_sync|h_count[8]                                                                                                         ; text_renderer:u_text_renderer|lyric_rom:u_lyric_rom|char_out[2] ; CLOCK_50     ; CLOCK_50    ; 1.000        ; -0.004     ; 3.543      ;
; -2.507 ; vga_sync:u_vga_sync|h_count[9]                                                                                                         ; text_renderer:u_text_renderer|lyric_rom:u_lyric_rom|char_out[1] ; CLOCK_50     ; CLOCK_50    ; 1.000        ; 0.002      ; 3.541      ;
; -2.502 ; vga_sync:u_vga_sync|v_count[9]                                                                                                         ; text_renderer:u_text_renderer|lyric_rom:u_lyric_rom|char_out[4] ; CLOCK_50     ; CLOCK_50    ; 1.000        ; 0.002      ; 3.536      ;
; -2.497 ; vga_sync:u_vga_sync|v_count[9]                                                                                                         ; text_renderer:u_text_renderer|lyric_rom:u_lyric_rom|char_out[3] ; CLOCK_50     ; CLOCK_50    ; 1.000        ; -0.015     ; 3.514      ;
; -2.492 ; vga_sync:u_vga_sync|v_count[8]                                                                                                         ; text_renderer:u_text_renderer|lyric_rom:u_lyric_rom|char_out[2] ; CLOCK_50     ; CLOCK_50    ; 1.000        ; -0.003     ; 3.521      ;
; -2.488 ; vga_sync:u_vga_sync|v_count[5]                                                                                                         ; text_renderer:u_text_renderer|lyric_rom:u_lyric_rom|char_out[1] ; CLOCK_50     ; CLOCK_50    ; 1.000        ; 0.003      ; 3.523      ;
; -2.483 ; vga_sync:u_vga_sync|h_count[8]                                                                                                         ; text_renderer:u_text_renderer|lyric_rom:u_lyric_rom|char_out[4] ; CLOCK_50     ; CLOCK_50    ; 1.000        ; 0.002      ; 3.517      ;
; -2.481 ; vga_sync:u_vga_sync|v_count[9]                                                                                                         ; text_renderer:u_text_renderer|lyric_rom:u_lyric_rom|char_out[6] ; CLOCK_50     ; CLOCK_50    ; 1.000        ; 0.004      ; 3.517      ;
; -2.481 ; vga_sync:u_vga_sync|v_count[9]                                                                                                         ; text_renderer:u_text_renderer|lyric_rom:u_lyric_rom|char_out[5] ; CLOCK_50     ; CLOCK_50    ; 1.000        ; 0.004      ; 3.517      ;
; -2.478 ; vga_sync:u_vga_sync|h_count[8]                                                                                                         ; text_renderer:u_text_renderer|lyric_rom:u_lyric_rom|char_out[3] ; CLOCK_50     ; CLOCK_50    ; 1.000        ; -0.015     ; 3.495      ;
; -2.477 ; vga_sync:u_vga_sync|v_count[6]                                                                                                         ; text_renderer:u_text_renderer|lyric_rom:u_lyric_rom|char_out[1] ; CLOCK_50     ; CLOCK_50    ; 1.000        ; 0.003      ; 3.512      ;
; -2.475 ; vga_sync:u_vga_sync|v_count[7]                                                                                                         ; text_renderer:u_text_renderer|lyric_rom:u_lyric_rom|char_out[2] ; CLOCK_50     ; CLOCK_50    ; 1.000        ; -0.003     ; 3.504      ;
; -2.462 ; vga_sync:u_vga_sync|h_count[8]                                                                                                         ; text_renderer:u_text_renderer|lyric_rom:u_lyric_rom|char_out[6] ; CLOCK_50     ; CLOCK_50    ; 1.000        ; 0.004      ; 3.498      ;
; -2.462 ; vga_sync:u_vga_sync|h_count[8]                                                                                                         ; text_renderer:u_text_renderer|lyric_rom:u_lyric_rom|char_out[5] ; CLOCK_50     ; CLOCK_50    ; 1.000        ; 0.004      ; 3.498      ;
; -2.460 ; vga_sync:u_vga_sync|v_count[8]                                                                                                         ; text_renderer:u_text_renderer|lyric_rom:u_lyric_rom|char_out[4] ; CLOCK_50     ; CLOCK_50    ; 1.000        ; 0.003      ; 3.495      ;
; -2.459 ; vga_sync:u_vga_sync|h_count[9]                                                                                                         ; text_renderer:u_text_renderer|lyric_rom:u_lyric_rom|char_out[2] ; CLOCK_50     ; CLOCK_50    ; 1.000        ; -0.004     ; 3.487      ;
; -2.455 ; vga_sync:u_vga_sync|h_count[7]                                                                                                         ; text_renderer:u_text_renderer|lyric_rom:u_lyric_rom|char_out[1] ; CLOCK_50     ; CLOCK_50    ; 1.000        ; 0.002      ; 3.489      ;
; -2.455 ; vga_sync:u_vga_sync|v_count[8]                                                                                                         ; text_renderer:u_text_renderer|lyric_rom:u_lyric_rom|char_out[3] ; CLOCK_50     ; CLOCK_50    ; 1.000        ; -0.014     ; 3.473      ;
; -2.443 ; vga_sync:u_vga_sync|v_count[7]                                                                                                         ; text_renderer:u_text_renderer|lyric_rom:u_lyric_rom|char_out[4] ; CLOCK_50     ; CLOCK_50    ; 1.000        ; 0.003      ; 3.478      ;
; -2.440 ; vga_sync:u_vga_sync|v_count[5]                                                                                                         ; text_renderer:u_text_renderer|lyric_rom:u_lyric_rom|char_out[2] ; CLOCK_50     ; CLOCK_50    ; 1.000        ; -0.003     ; 3.469      ;
; -2.439 ; vga_sync:u_vga_sync|v_count[8]                                                                                                         ; text_renderer:u_text_renderer|lyric_rom:u_lyric_rom|char_out[6] ; CLOCK_50     ; CLOCK_50    ; 1.000        ; 0.005      ; 3.476      ;
; -2.439 ; vga_sync:u_vga_sync|v_count[8]                                                                                                         ; text_renderer:u_text_renderer|lyric_rom:u_lyric_rom|char_out[5] ; CLOCK_50     ; CLOCK_50    ; 1.000        ; 0.005      ; 3.476      ;
; -2.438 ; vga_sync:u_vga_sync|v_count[7]                                                                                                         ; text_renderer:u_text_renderer|lyric_rom:u_lyric_rom|char_out[3] ; CLOCK_50     ; CLOCK_50    ; 1.000        ; -0.014     ; 3.456      ;
; -2.429 ; vga_sync:u_vga_sync|v_count[6]                                                                                                         ; text_renderer:u_text_renderer|lyric_rom:u_lyric_rom|char_out[2] ; CLOCK_50     ; CLOCK_50    ; 1.000        ; -0.003     ; 3.458      ;
; -2.427 ; vga_sync:u_vga_sync|h_count[9]                                                                                                         ; text_renderer:u_text_renderer|lyric_rom:u_lyric_rom|char_out[4] ; CLOCK_50     ; CLOCK_50    ; 1.000        ; 0.002      ; 3.461      ;
; -2.422 ; vga_sync:u_vga_sync|h_count[9]                                                                                                         ; text_renderer:u_text_renderer|lyric_rom:u_lyric_rom|char_out[3] ; CLOCK_50     ; CLOCK_50    ; 1.000        ; -0.015     ; 3.439      ;
; -2.422 ; vga_sync:u_vga_sync|v_count[7]                                                                                                         ; text_renderer:u_text_renderer|lyric_rom:u_lyric_rom|char_out[6] ; CLOCK_50     ; CLOCK_50    ; 1.000        ; 0.005      ; 3.459      ;
; -2.422 ; vga_sync:u_vga_sync|v_count[7]                                                                                                         ; text_renderer:u_text_renderer|lyric_rom:u_lyric_rom|char_out[5] ; CLOCK_50     ; CLOCK_50    ; 1.000        ; 0.005      ; 3.459      ;
; -2.408 ; vga_sync:u_vga_sync|v_count[5]                                                                                                         ; text_renderer:u_text_renderer|lyric_rom:u_lyric_rom|char_out[4] ; CLOCK_50     ; CLOCK_50    ; 1.000        ; 0.003      ; 3.443      ;
; -2.407 ; vga_sync:u_vga_sync|h_count[7]                                                                                                         ; text_renderer:u_text_renderer|lyric_rom:u_lyric_rom|char_out[2] ; CLOCK_50     ; CLOCK_50    ; 1.000        ; -0.004     ; 3.435      ;
; -2.406 ; vga_sync:u_vga_sync|h_count[9]                                                                                                         ; text_renderer:u_text_renderer|lyric_rom:u_lyric_rom|char_out[6] ; CLOCK_50     ; CLOCK_50    ; 1.000        ; 0.004      ; 3.442      ;
; -2.406 ; vga_sync:u_vga_sync|h_count[9]                                                                                                         ; text_renderer:u_text_renderer|lyric_rom:u_lyric_rom|char_out[5] ; CLOCK_50     ; CLOCK_50    ; 1.000        ; 0.004      ; 3.442      ;
; -2.403 ; vga_sync:u_vga_sync|v_count[5]                                                                                                         ; text_renderer:u_text_renderer|lyric_rom:u_lyric_rom|char_out[3] ; CLOCK_50     ; CLOCK_50    ; 1.000        ; -0.014     ; 3.421      ;
; -2.397 ; vga_sync:u_vga_sync|v_count[6]                                                                                                         ; text_renderer:u_text_renderer|lyric_rom:u_lyric_rom|char_out[4] ; CLOCK_50     ; CLOCK_50    ; 1.000        ; 0.003      ; 3.432      ;
; -2.392 ; vga_sync:u_vga_sync|v_count[6]                                                                                                         ; text_renderer:u_text_renderer|lyric_rom:u_lyric_rom|char_out[3] ; CLOCK_50     ; CLOCK_50    ; 1.000        ; -0.014     ; 3.410      ;
; -2.387 ; vga_sync:u_vga_sync|v_count[5]                                                                                                         ; text_renderer:u_text_renderer|lyric_rom:u_lyric_rom|char_out[6] ; CLOCK_50     ; CLOCK_50    ; 1.000        ; 0.005      ; 3.424      ;
; -2.387 ; vga_sync:u_vga_sync|v_count[5]                                                                                                         ; text_renderer:u_text_renderer|lyric_rom:u_lyric_rom|char_out[5] ; CLOCK_50     ; CLOCK_50    ; 1.000        ; 0.005      ; 3.424      ;
; -2.376 ; vga_sync:u_vga_sync|v_count[6]                                                                                                         ; text_renderer:u_text_renderer|lyric_rom:u_lyric_rom|char_out[6] ; CLOCK_50     ; CLOCK_50    ; 1.000        ; 0.005      ; 3.413      ;
; -2.376 ; vga_sync:u_vga_sync|v_count[6]                                                                                                         ; text_renderer:u_text_renderer|lyric_rom:u_lyric_rom|char_out[5] ; CLOCK_50     ; CLOCK_50    ; 1.000        ; 0.005      ; 3.413      ;
; -2.375 ; vga_sync:u_vga_sync|h_count[7]                                                                                                         ; text_renderer:u_text_renderer|lyric_rom:u_lyric_rom|char_out[4] ; CLOCK_50     ; CLOCK_50    ; 1.000        ; 0.002      ; 3.409      ;
; -2.370 ; vga_sync:u_vga_sync|h_count[7]                                                                                                         ; text_renderer:u_text_renderer|lyric_rom:u_lyric_rom|char_out[3] ; CLOCK_50     ; CLOCK_50    ; 1.000        ; -0.015     ; 3.387      ;
; -2.367 ; lyric_controller:u_lyric_controller|line_reg[0]                                                                                        ; text_renderer:u_text_renderer|lyric_rom:u_lyric_rom|char_out[0] ; CLOCK_50     ; CLOCK_50    ; 1.000        ; -0.004     ; 3.395      ;
; -2.354 ; vga_sync:u_vga_sync|h_count[7]                                                                                                         ; text_renderer:u_text_renderer|lyric_rom:u_lyric_rom|char_out[6] ; CLOCK_50     ; CLOCK_50    ; 1.000        ; 0.004      ; 3.390      ;
; -2.354 ; vga_sync:u_vga_sync|h_count[7]                                                                                                         ; text_renderer:u_text_renderer|lyric_rom:u_lyric_rom|char_out[5] ; CLOCK_50     ; CLOCK_50    ; 1.000        ; 0.004      ; 3.390      ;
; -2.327 ; lyric_controller:u_lyric_controller|line_reg[0]                                                                                        ; text_renderer:u_text_renderer|lyric_rom:u_lyric_rom|char_out[1] ; CLOCK_50     ; CLOCK_50    ; 1.000        ; 0.002      ; 3.361      ;
; -2.291 ; text_renderer:u_text_renderer|font_rom:u_font_rom|altsyncram:rom_rtl_0|altsyncram_ob71:auto_generated|ram_block1a4~porta_address_reg0  ; text_renderer:u_text_renderer|vga_g[2]                          ; CLOCK_50     ; CLOCK_50    ; 1.000        ; -0.066     ; 3.257      ;
; -2.291 ; text_renderer:u_text_renderer|font_rom:u_font_rom|altsyncram:rom_rtl_0|altsyncram_ob71:auto_generated|ram_block1a4~porta_address_reg1  ; text_renderer:u_text_renderer|vga_g[2]                          ; CLOCK_50     ; CLOCK_50    ; 1.000        ; -0.066     ; 3.257      ;
; -2.291 ; text_renderer:u_text_renderer|font_rom:u_font_rom|altsyncram:rom_rtl_0|altsyncram_ob71:auto_generated|ram_block1a4~porta_address_reg2  ; text_renderer:u_text_renderer|vga_g[2]                          ; CLOCK_50     ; CLOCK_50    ; 1.000        ; -0.066     ; 3.257      ;
; -2.291 ; text_renderer:u_text_renderer|font_rom:u_font_rom|altsyncram:rom_rtl_0|altsyncram_ob71:auto_generated|ram_block1a4~porta_address_reg3  ; text_renderer:u_text_renderer|vga_g[2]                          ; CLOCK_50     ; CLOCK_50    ; 1.000        ; -0.066     ; 3.257      ;
; -2.291 ; text_renderer:u_text_renderer|font_rom:u_font_rom|altsyncram:rom_rtl_0|altsyncram_ob71:auto_generated|ram_block1a4~porta_address_reg4  ; text_renderer:u_text_renderer|vga_g[2]                          ; CLOCK_50     ; CLOCK_50    ; 1.000        ; -0.066     ; 3.257      ;
; -2.291 ; text_renderer:u_text_renderer|font_rom:u_font_rom|altsyncram:rom_rtl_0|altsyncram_ob71:auto_generated|ram_block1a4~porta_address_reg5  ; text_renderer:u_text_renderer|vga_g[2]                          ; CLOCK_50     ; CLOCK_50    ; 1.000        ; -0.066     ; 3.257      ;
; -2.291 ; text_renderer:u_text_renderer|font_rom:u_font_rom|altsyncram:rom_rtl_0|altsyncram_ob71:auto_generated|ram_block1a4~porta_address_reg6  ; text_renderer:u_text_renderer|vga_g[2]                          ; CLOCK_50     ; CLOCK_50    ; 1.000        ; -0.066     ; 3.257      ;
; -2.291 ; text_renderer:u_text_renderer|font_rom:u_font_rom|altsyncram:rom_rtl_0|altsyncram_ob71:auto_generated|ram_block1a4~porta_address_reg7  ; text_renderer:u_text_renderer|vga_g[2]                          ; CLOCK_50     ; CLOCK_50    ; 1.000        ; -0.066     ; 3.257      ;
; -2.291 ; text_renderer:u_text_renderer|font_rom:u_font_rom|altsyncram:rom_rtl_0|altsyncram_ob71:auto_generated|ram_block1a4~porta_address_reg8  ; text_renderer:u_text_renderer|vga_g[2]                          ; CLOCK_50     ; CLOCK_50    ; 1.000        ; -0.066     ; 3.257      ;
; -2.291 ; text_renderer:u_text_renderer|font_rom:u_font_rom|altsyncram:rom_rtl_0|altsyncram_ob71:auto_generated|ram_block1a4~porta_address_reg9  ; text_renderer:u_text_renderer|vga_g[2]                          ; CLOCK_50     ; CLOCK_50    ; 1.000        ; -0.066     ; 3.257      ;
; -2.291 ; text_renderer:u_text_renderer|font_rom:u_font_rom|altsyncram:rom_rtl_0|altsyncram_ob71:auto_generated|ram_block1a4~porta_address_reg10 ; text_renderer:u_text_renderer|vga_g[2]                          ; CLOCK_50     ; CLOCK_50    ; 1.000        ; -0.066     ; 3.257      ;
; -2.290 ; text_renderer:u_text_renderer|font_rom:u_font_rom|altsyncram:rom_rtl_0|altsyncram_ob71:auto_generated|ram_block1a4~porta_address_reg0  ; text_renderer:u_text_renderer|vga_r[0]                          ; CLOCK_50     ; CLOCK_50    ; 1.000        ; -0.066     ; 3.256      ;
; -2.290 ; text_renderer:u_text_renderer|font_rom:u_font_rom|altsyncram:rom_rtl_0|altsyncram_ob71:auto_generated|ram_block1a4~porta_address_reg0  ; text_renderer:u_text_renderer|vga_r[3]                          ; CLOCK_50     ; CLOCK_50    ; 1.000        ; -0.066     ; 3.256      ;
; -2.290 ; text_renderer:u_text_renderer|font_rom:u_font_rom|altsyncram:rom_rtl_0|altsyncram_ob71:auto_generated|ram_block1a4~porta_address_reg1  ; text_renderer:u_text_renderer|vga_r[0]                          ; CLOCK_50     ; CLOCK_50    ; 1.000        ; -0.066     ; 3.256      ;
; -2.290 ; text_renderer:u_text_renderer|font_rom:u_font_rom|altsyncram:rom_rtl_0|altsyncram_ob71:auto_generated|ram_block1a4~porta_address_reg2  ; text_renderer:u_text_renderer|vga_r[0]                          ; CLOCK_50     ; CLOCK_50    ; 1.000        ; -0.066     ; 3.256      ;
; -2.290 ; text_renderer:u_text_renderer|font_rom:u_font_rom|altsyncram:rom_rtl_0|altsyncram_ob71:auto_generated|ram_block1a4~porta_address_reg3  ; text_renderer:u_text_renderer|vga_r[0]                          ; CLOCK_50     ; CLOCK_50    ; 1.000        ; -0.066     ; 3.256      ;
; -2.290 ; text_renderer:u_text_renderer|font_rom:u_font_rom|altsyncram:rom_rtl_0|altsyncram_ob71:auto_generated|ram_block1a4~porta_address_reg4  ; text_renderer:u_text_renderer|vga_r[0]                          ; CLOCK_50     ; CLOCK_50    ; 1.000        ; -0.066     ; 3.256      ;
; -2.290 ; text_renderer:u_text_renderer|font_rom:u_font_rom|altsyncram:rom_rtl_0|altsyncram_ob71:auto_generated|ram_block1a4~porta_address_reg5  ; text_renderer:u_text_renderer|vga_r[0]                          ; CLOCK_50     ; CLOCK_50    ; 1.000        ; -0.066     ; 3.256      ;
; -2.290 ; text_renderer:u_text_renderer|font_rom:u_font_rom|altsyncram:rom_rtl_0|altsyncram_ob71:auto_generated|ram_block1a4~porta_address_reg6  ; text_renderer:u_text_renderer|vga_r[0]                          ; CLOCK_50     ; CLOCK_50    ; 1.000        ; -0.066     ; 3.256      ;
; -2.290 ; text_renderer:u_text_renderer|font_rom:u_font_rom|altsyncram:rom_rtl_0|altsyncram_ob71:auto_generated|ram_block1a4~porta_address_reg7  ; text_renderer:u_text_renderer|vga_r[0]                          ; CLOCK_50     ; CLOCK_50    ; 1.000        ; -0.066     ; 3.256      ;
; -2.290 ; text_renderer:u_text_renderer|font_rom:u_font_rom|altsyncram:rom_rtl_0|altsyncram_ob71:auto_generated|ram_block1a4~porta_address_reg8  ; text_renderer:u_text_renderer|vga_r[0]                          ; CLOCK_50     ; CLOCK_50    ; 1.000        ; -0.066     ; 3.256      ;
; -2.290 ; text_renderer:u_text_renderer|font_rom:u_font_rom|altsyncram:rom_rtl_0|altsyncram_ob71:auto_generated|ram_block1a4~porta_address_reg9  ; text_renderer:u_text_renderer|vga_r[0]                          ; CLOCK_50     ; CLOCK_50    ; 1.000        ; -0.066     ; 3.256      ;
; -2.290 ; text_renderer:u_text_renderer|font_rom:u_font_rom|altsyncram:rom_rtl_0|altsyncram_ob71:auto_generated|ram_block1a4~porta_address_reg10 ; text_renderer:u_text_renderer|vga_r[0]                          ; CLOCK_50     ; CLOCK_50    ; 1.000        ; -0.066     ; 3.256      ;
; -2.290 ; text_renderer:u_text_renderer|font_rom:u_font_rom|altsyncram:rom_rtl_0|altsyncram_ob71:auto_generated|ram_block1a4~porta_address_reg1  ; text_renderer:u_text_renderer|vga_r[3]                          ; CLOCK_50     ; CLOCK_50    ; 1.000        ; -0.066     ; 3.256      ;
; -2.290 ; text_renderer:u_text_renderer|font_rom:u_font_rom|altsyncram:rom_rtl_0|altsyncram_ob71:auto_generated|ram_block1a4~porta_address_reg2  ; text_renderer:u_text_renderer|vga_r[3]                          ; CLOCK_50     ; CLOCK_50    ; 1.000        ; -0.066     ; 3.256      ;
; -2.290 ; text_renderer:u_text_renderer|font_rom:u_font_rom|altsyncram:rom_rtl_0|altsyncram_ob71:auto_generated|ram_block1a4~porta_address_reg3  ; text_renderer:u_text_renderer|vga_r[3]                          ; CLOCK_50     ; CLOCK_50    ; 1.000        ; -0.066     ; 3.256      ;
; -2.290 ; text_renderer:u_text_renderer|font_rom:u_font_rom|altsyncram:rom_rtl_0|altsyncram_ob71:auto_generated|ram_block1a4~porta_address_reg4  ; text_renderer:u_text_renderer|vga_r[3]                          ; CLOCK_50     ; CLOCK_50    ; 1.000        ; -0.066     ; 3.256      ;
; -2.290 ; text_renderer:u_text_renderer|font_rom:u_font_rom|altsyncram:rom_rtl_0|altsyncram_ob71:auto_generated|ram_block1a4~porta_address_reg5  ; text_renderer:u_text_renderer|vga_r[3]                          ; CLOCK_50     ; CLOCK_50    ; 1.000        ; -0.066     ; 3.256      ;
; -2.290 ; text_renderer:u_text_renderer|font_rom:u_font_rom|altsyncram:rom_rtl_0|altsyncram_ob71:auto_generated|ram_block1a4~porta_address_reg6  ; text_renderer:u_text_renderer|vga_r[3]                          ; CLOCK_50     ; CLOCK_50    ; 1.000        ; -0.066     ; 3.256      ;
; -2.290 ; text_renderer:u_text_renderer|font_rom:u_font_rom|altsyncram:rom_rtl_0|altsyncram_ob71:auto_generated|ram_block1a4~porta_address_reg7  ; text_renderer:u_text_renderer|vga_r[3]                          ; CLOCK_50     ; CLOCK_50    ; 1.000        ; -0.066     ; 3.256      ;
; -2.290 ; text_renderer:u_text_renderer|font_rom:u_font_rom|altsyncram:rom_rtl_0|altsyncram_ob71:auto_generated|ram_block1a4~porta_address_reg8  ; text_renderer:u_text_renderer|vga_r[3]                          ; CLOCK_50     ; CLOCK_50    ; 1.000        ; -0.066     ; 3.256      ;
; -2.290 ; text_renderer:u_text_renderer|font_rom:u_font_rom|altsyncram:rom_rtl_0|altsyncram_ob71:auto_generated|ram_block1a4~porta_address_reg9  ; text_renderer:u_text_renderer|vga_r[3]                          ; CLOCK_50     ; CLOCK_50    ; 1.000        ; -0.066     ; 3.256      ;
; -2.290 ; text_renderer:u_text_renderer|font_rom:u_font_rom|altsyncram:rom_rtl_0|altsyncram_ob71:auto_generated|ram_block1a4~porta_address_reg10 ; text_renderer:u_text_renderer|vga_r[3]                          ; CLOCK_50     ; CLOCK_50    ; 1.000        ; -0.066     ; 3.256      ;
; -2.289 ; text_renderer:u_text_renderer|font_rom:u_font_rom|altsyncram:rom_rtl_0|altsyncram_ob71:auto_generated|ram_block1a4~porta_address_reg0  ; text_renderer:u_text_renderer|vga_g[3]                          ; CLOCK_50     ; CLOCK_50    ; 1.000        ; -0.066     ; 3.255      ;
; -2.289 ; text_renderer:u_text_renderer|font_rom:u_font_rom|altsyncram:rom_rtl_0|altsyncram_ob71:auto_generated|ram_block1a4~porta_address_reg1  ; text_renderer:u_text_renderer|vga_g[3]                          ; CLOCK_50     ; CLOCK_50    ; 1.000        ; -0.066     ; 3.255      ;
; -2.289 ; text_renderer:u_text_renderer|font_rom:u_font_rom|altsyncram:rom_rtl_0|altsyncram_ob71:auto_generated|ram_block1a4~porta_address_reg2  ; text_renderer:u_text_renderer|vga_g[3]                          ; CLOCK_50     ; CLOCK_50    ; 1.000        ; -0.066     ; 3.255      ;
; -2.289 ; text_renderer:u_text_renderer|font_rom:u_font_rom|altsyncram:rom_rtl_0|altsyncram_ob71:auto_generated|ram_block1a4~porta_address_reg3  ; text_renderer:u_text_renderer|vga_g[3]                          ; CLOCK_50     ; CLOCK_50    ; 1.000        ; -0.066     ; 3.255      ;
; -2.289 ; text_renderer:u_text_renderer|font_rom:u_font_rom|altsyncram:rom_rtl_0|altsyncram_ob71:auto_generated|ram_block1a4~porta_address_reg4  ; text_renderer:u_text_renderer|vga_g[3]                          ; CLOCK_50     ; CLOCK_50    ; 1.000        ; -0.066     ; 3.255      ;
; -2.289 ; text_renderer:u_text_renderer|font_rom:u_font_rom|altsyncram:rom_rtl_0|altsyncram_ob71:auto_generated|ram_block1a4~porta_address_reg5  ; text_renderer:u_text_renderer|vga_g[3]                          ; CLOCK_50     ; CLOCK_50    ; 1.000        ; -0.066     ; 3.255      ;
; -2.289 ; text_renderer:u_text_renderer|font_rom:u_font_rom|altsyncram:rom_rtl_0|altsyncram_ob71:auto_generated|ram_block1a4~porta_address_reg6  ; text_renderer:u_text_renderer|vga_g[3]                          ; CLOCK_50     ; CLOCK_50    ; 1.000        ; -0.066     ; 3.255      ;
; -2.289 ; text_renderer:u_text_renderer|font_rom:u_font_rom|altsyncram:rom_rtl_0|altsyncram_ob71:auto_generated|ram_block1a4~porta_address_reg7  ; text_renderer:u_text_renderer|vga_g[3]                          ; CLOCK_50     ; CLOCK_50    ; 1.000        ; -0.066     ; 3.255      ;
; -2.289 ; text_renderer:u_text_renderer|font_rom:u_font_rom|altsyncram:rom_rtl_0|altsyncram_ob71:auto_generated|ram_block1a4~porta_address_reg8  ; text_renderer:u_text_renderer|vga_g[3]                          ; CLOCK_50     ; CLOCK_50    ; 1.000        ; -0.066     ; 3.255      ;
+--------+----------------------------------------------------------------------------------------------------------------------------------------+-----------------------------------------------------------------+--------------+-------------+--------------+------------+------------+


+------------------------------------------------------------------------------------------------------------+
; Fast Model Setup: 'AUD_BCLK'                                                                               ;
+--------+--------------+--------------+--------------+-------------+--------------+------------+------------+
; Slack  ; From Node    ; To Node      ; Launch Clock ; Latch Clock ; Relationship ; Clock Skew ; Data Delay ;
+--------+--------------+--------------+--------------+-------------+--------------+------------+------------+
; -0.520 ; bclk_cnt[1]  ; bclk_cnt[23] ; AUD_BCLK     ; AUD_BCLK    ; 1.000        ; 0.012      ; 1.564      ;
; -0.506 ; bclk_cnt[0]  ; bclk_cnt[23] ; AUD_BCLK     ; AUD_BCLK    ; 1.000        ; 0.012      ; 1.550      ;
; -0.485 ; bclk_cnt[1]  ; bclk_cnt[22] ; AUD_BCLK     ; AUD_BCLK    ; 1.000        ; 0.012      ; 1.529      ;
; -0.485 ; bclk_cnt[2]  ; bclk_cnt[23] ; AUD_BCLK     ; AUD_BCLK    ; 1.000        ; 0.012      ; 1.529      ;
; -0.471 ; bclk_cnt[0]  ; bclk_cnt[22] ; AUD_BCLK     ; AUD_BCLK    ; 1.000        ; 0.012      ; 1.515      ;
; -0.450 ; bclk_cnt[1]  ; bclk_cnt[21] ; AUD_BCLK     ; AUD_BCLK    ; 1.000        ; 0.012      ; 1.494      ;
; -0.450 ; bclk_cnt[2]  ; bclk_cnt[22] ; AUD_BCLK     ; AUD_BCLK    ; 1.000        ; 0.012      ; 1.494      ;
; -0.436 ; bclk_cnt[0]  ; bclk_cnt[21] ; AUD_BCLK     ; AUD_BCLK    ; 1.000        ; 0.012      ; 1.480      ;
; -0.431 ; bclk_cnt[3]  ; bclk_cnt[23] ; AUD_BCLK     ; AUD_BCLK    ; 1.000        ; 0.012      ; 1.475      ;
; -0.415 ; bclk_cnt[1]  ; bclk_cnt[20] ; AUD_BCLK     ; AUD_BCLK    ; 1.000        ; 0.012      ; 1.459      ;
; -0.415 ; bclk_cnt[2]  ; bclk_cnt[21] ; AUD_BCLK     ; AUD_BCLK    ; 1.000        ; 0.012      ; 1.459      ;
; -0.401 ; bclk_cnt[0]  ; bclk_cnt[20] ; AUD_BCLK     ; AUD_BCLK    ; 1.000        ; 0.012      ; 1.445      ;
; -0.396 ; bclk_cnt[3]  ; bclk_cnt[22] ; AUD_BCLK     ; AUD_BCLK    ; 1.000        ; 0.012      ; 1.440      ;
; -0.380 ; bclk_cnt[2]  ; bclk_cnt[20] ; AUD_BCLK     ; AUD_BCLK    ; 1.000        ; 0.012      ; 1.424      ;
; -0.361 ; bclk_cnt[3]  ; bclk_cnt[21] ; AUD_BCLK     ; AUD_BCLK    ; 1.000        ; 0.012      ; 1.405      ;
; -0.358 ; bclk_cnt[4]  ; bclk_cnt[23] ; AUD_BCLK     ; AUD_BCLK    ; 1.000        ; 0.012      ; 1.402      ;
; -0.326 ; bclk_cnt[3]  ; bclk_cnt[20] ; AUD_BCLK     ; AUD_BCLK    ; 1.000        ; 0.012      ; 1.370      ;
; -0.323 ; bclk_cnt[4]  ; bclk_cnt[22] ; AUD_BCLK     ; AUD_BCLK    ; 1.000        ; 0.012      ; 1.367      ;
; -0.321 ; bclk_cnt[1]  ; bclk_cnt[19] ; AUD_BCLK     ; AUD_BCLK    ; 1.000        ; 0.012      ; 1.365      ;
; -0.308 ; bclk_cnt[5]  ; bclk_cnt[23] ; AUD_BCLK     ; AUD_BCLK    ; 1.000        ; 0.012      ; 1.352      ;
; -0.307 ; bclk_cnt[0]  ; bclk_cnt[19] ; AUD_BCLK     ; AUD_BCLK    ; 1.000        ; 0.012      ; 1.351      ;
; -0.288 ; bclk_cnt[6]  ; bclk_cnt[23] ; AUD_BCLK     ; AUD_BCLK    ; 1.000        ; 0.012      ; 1.332      ;
; -0.288 ; bclk_cnt[4]  ; bclk_cnt[21] ; AUD_BCLK     ; AUD_BCLK    ; 1.000        ; 0.012      ; 1.332      ;
; -0.286 ; bclk_cnt[1]  ; bclk_cnt[18] ; AUD_BCLK     ; AUD_BCLK    ; 1.000        ; 0.012      ; 1.330      ;
; -0.286 ; bclk_cnt[2]  ; bclk_cnt[19] ; AUD_BCLK     ; AUD_BCLK    ; 1.000        ; 0.012      ; 1.330      ;
; -0.273 ; bclk_cnt[5]  ; bclk_cnt[22] ; AUD_BCLK     ; AUD_BCLK    ; 1.000        ; 0.012      ; 1.317      ;
; -0.272 ; bclk_cnt[0]  ; bclk_cnt[18] ; AUD_BCLK     ; AUD_BCLK    ; 1.000        ; 0.012      ; 1.316      ;
; -0.253 ; bclk_cnt[6]  ; bclk_cnt[22] ; AUD_BCLK     ; AUD_BCLK    ; 1.000        ; 0.012      ; 1.297      ;
; -0.253 ; bclk_cnt[4]  ; bclk_cnt[20] ; AUD_BCLK     ; AUD_BCLK    ; 1.000        ; 0.012      ; 1.297      ;
; -0.251 ; bclk_cnt[1]  ; bclk_cnt[17] ; AUD_BCLK     ; AUD_BCLK    ; 1.000        ; 0.012      ; 1.295      ;
; -0.251 ; bclk_cnt[2]  ; bclk_cnt[18] ; AUD_BCLK     ; AUD_BCLK    ; 1.000        ; 0.012      ; 1.295      ;
; -0.238 ; bclk_cnt[7]  ; bclk_cnt[23] ; AUD_BCLK     ; AUD_BCLK    ; 1.000        ; 0.012      ; 1.282      ;
; -0.238 ; bclk_cnt[5]  ; bclk_cnt[21] ; AUD_BCLK     ; AUD_BCLK    ; 1.000        ; 0.012      ; 1.282      ;
; -0.237 ; bclk_cnt[0]  ; bclk_cnt[17] ; AUD_BCLK     ; AUD_BCLK    ; 1.000        ; 0.012      ; 1.281      ;
; -0.232 ; bclk_cnt[3]  ; bclk_cnt[19] ; AUD_BCLK     ; AUD_BCLK    ; 1.000        ; 0.012      ; 1.276      ;
; -0.219 ; bclk_cnt[8]  ; bclk_cnt[23] ; AUD_BCLK     ; AUD_BCLK    ; 1.000        ; 0.012      ; 1.263      ;
; -0.218 ; bclk_cnt[6]  ; bclk_cnt[21] ; AUD_BCLK     ; AUD_BCLK    ; 1.000        ; 0.012      ; 1.262      ;
; -0.216 ; bclk_cnt[1]  ; bclk_cnt[16] ; AUD_BCLK     ; AUD_BCLK    ; 1.000        ; 0.012      ; 1.260      ;
; -0.216 ; bclk_cnt[2]  ; bclk_cnt[17] ; AUD_BCLK     ; AUD_BCLK    ; 1.000        ; 0.012      ; 1.260      ;
; -0.203 ; bclk_cnt[7]  ; bclk_cnt[22] ; AUD_BCLK     ; AUD_BCLK    ; 1.000        ; 0.012      ; 1.247      ;
; -0.203 ; bclk_cnt[5]  ; bclk_cnt[20] ; AUD_BCLK     ; AUD_BCLK    ; 1.000        ; 0.012      ; 1.247      ;
; -0.202 ; bclk_cnt[0]  ; bclk_cnt[16] ; AUD_BCLK     ; AUD_BCLK    ; 1.000        ; 0.012      ; 1.246      ;
; -0.197 ; bclk_cnt[3]  ; bclk_cnt[18] ; AUD_BCLK     ; AUD_BCLK    ; 1.000        ; 0.012      ; 1.241      ;
; -0.184 ; bclk_cnt[8]  ; bclk_cnt[22] ; AUD_BCLK     ; AUD_BCLK    ; 1.000        ; 0.012      ; 1.228      ;
; -0.183 ; bclk_cnt[6]  ; bclk_cnt[20] ; AUD_BCLK     ; AUD_BCLK    ; 1.000        ; 0.012      ; 1.227      ;
; -0.181 ; bclk_cnt[1]  ; bclk_cnt[15] ; AUD_BCLK     ; AUD_BCLK    ; 1.000        ; 0.012      ; 1.225      ;
; -0.181 ; bclk_cnt[2]  ; bclk_cnt[16] ; AUD_BCLK     ; AUD_BCLK    ; 1.000        ; 0.012      ; 1.225      ;
; -0.171 ; bclk_cnt[9]  ; bclk_cnt[23] ; AUD_BCLK     ; AUD_BCLK    ; 1.000        ; 0.012      ; 1.215      ;
; -0.168 ; bclk_cnt[7]  ; bclk_cnt[21] ; AUD_BCLK     ; AUD_BCLK    ; 1.000        ; 0.012      ; 1.212      ;
; -0.167 ; bclk_cnt[0]  ; bclk_cnt[15] ; AUD_BCLK     ; AUD_BCLK    ; 1.000        ; 0.012      ; 1.211      ;
; -0.162 ; bclk_cnt[3]  ; bclk_cnt[17] ; AUD_BCLK     ; AUD_BCLK    ; 1.000        ; 0.012      ; 1.206      ;
; -0.159 ; bclk_cnt[4]  ; bclk_cnt[19] ; AUD_BCLK     ; AUD_BCLK    ; 1.000        ; 0.012      ; 1.203      ;
; -0.149 ; bclk_cnt[8]  ; bclk_cnt[21] ; AUD_BCLK     ; AUD_BCLK    ; 1.000        ; 0.012      ; 1.193      ;
; -0.146 ; bclk_cnt[1]  ; bclk_cnt[14] ; AUD_BCLK     ; AUD_BCLK    ; 1.000        ; 0.012      ; 1.190      ;
; -0.146 ; bclk_cnt[2]  ; bclk_cnt[15] ; AUD_BCLK     ; AUD_BCLK    ; 1.000        ; 0.012      ; 1.190      ;
; -0.136 ; bclk_cnt[10] ; bclk_cnt[23] ; AUD_BCLK     ; AUD_BCLK    ; 1.000        ; 0.012      ; 1.180      ;
; -0.136 ; bclk_cnt[9]  ; bclk_cnt[22] ; AUD_BCLK     ; AUD_BCLK    ; 1.000        ; 0.012      ; 1.180      ;
; -0.133 ; bclk_cnt[7]  ; bclk_cnt[20] ; AUD_BCLK     ; AUD_BCLK    ; 1.000        ; 0.012      ; 1.177      ;
; -0.132 ; bclk_cnt[0]  ; bclk_cnt[14] ; AUD_BCLK     ; AUD_BCLK    ; 1.000        ; 0.012      ; 1.176      ;
; -0.127 ; bclk_cnt[3]  ; bclk_cnt[16] ; AUD_BCLK     ; AUD_BCLK    ; 1.000        ; 0.012      ; 1.171      ;
; -0.124 ; bclk_cnt[4]  ; bclk_cnt[18] ; AUD_BCLK     ; AUD_BCLK    ; 1.000        ; 0.012      ; 1.168      ;
; -0.114 ; bclk_cnt[8]  ; bclk_cnt[20] ; AUD_BCLK     ; AUD_BCLK    ; 1.000        ; 0.012      ; 1.158      ;
; -0.111 ; bclk_cnt[1]  ; bclk_cnt[13] ; AUD_BCLK     ; AUD_BCLK    ; 1.000        ; 0.012      ; 1.155      ;
; -0.111 ; bclk_cnt[2]  ; bclk_cnt[14] ; AUD_BCLK     ; AUD_BCLK    ; 1.000        ; 0.012      ; 1.155      ;
; -0.109 ; bclk_cnt[5]  ; bclk_cnt[19] ; AUD_BCLK     ; AUD_BCLK    ; 1.000        ; 0.012      ; 1.153      ;
; -0.101 ; bclk_cnt[10] ; bclk_cnt[22] ; AUD_BCLK     ; AUD_BCLK    ; 1.000        ; 0.012      ; 1.145      ;
; -0.101 ; bclk_cnt[9]  ; bclk_cnt[21] ; AUD_BCLK     ; AUD_BCLK    ; 1.000        ; 0.012      ; 1.145      ;
; -0.097 ; bclk_cnt[0]  ; bclk_cnt[13] ; AUD_BCLK     ; AUD_BCLK    ; 1.000        ; 0.012      ; 1.141      ;
; -0.096 ; bclk_cnt[11] ; bclk_cnt[23] ; AUD_BCLK     ; AUD_BCLK    ; 1.000        ; 0.012      ; 1.140      ;
; -0.092 ; bclk_cnt[3]  ; bclk_cnt[15] ; AUD_BCLK     ; AUD_BCLK    ; 1.000        ; 0.012      ; 1.136      ;
; -0.089 ; bclk_cnt[6]  ; bclk_cnt[19] ; AUD_BCLK     ; AUD_BCLK    ; 1.000        ; 0.012      ; 1.133      ;
; -0.089 ; bclk_cnt[4]  ; bclk_cnt[17] ; AUD_BCLK     ; AUD_BCLK    ; 1.000        ; 0.012      ; 1.133      ;
; -0.076 ; bclk_cnt[1]  ; bclk_cnt[12] ; AUD_BCLK     ; AUD_BCLK    ; 1.000        ; 0.012      ; 1.120      ;
; -0.076 ; bclk_cnt[2]  ; bclk_cnt[13] ; AUD_BCLK     ; AUD_BCLK    ; 1.000        ; 0.012      ; 1.120      ;
; -0.074 ; bclk_cnt[5]  ; bclk_cnt[18] ; AUD_BCLK     ; AUD_BCLK    ; 1.000        ; 0.012      ; 1.118      ;
; -0.066 ; bclk_cnt[10] ; bclk_cnt[21] ; AUD_BCLK     ; AUD_BCLK    ; 1.000        ; 0.012      ; 1.110      ;
; -0.066 ; bclk_cnt[9]  ; bclk_cnt[20] ; AUD_BCLK     ; AUD_BCLK    ; 1.000        ; 0.012      ; 1.110      ;
; -0.062 ; bclk_cnt[0]  ; bclk_cnt[12] ; AUD_BCLK     ; AUD_BCLK    ; 1.000        ; 0.012      ; 1.106      ;
; -0.061 ; bclk_cnt[11] ; bclk_cnt[22] ; AUD_BCLK     ; AUD_BCLK    ; 1.000        ; 0.012      ; 1.105      ;
; -0.057 ; bclk_cnt[3]  ; bclk_cnt[14] ; AUD_BCLK     ; AUD_BCLK    ; 1.000        ; 0.012      ; 1.101      ;
; -0.054 ; bclk_cnt[6]  ; bclk_cnt[18] ; AUD_BCLK     ; AUD_BCLK    ; 1.000        ; 0.012      ; 1.098      ;
; -0.054 ; bclk_cnt[4]  ; bclk_cnt[16] ; AUD_BCLK     ; AUD_BCLK    ; 1.000        ; 0.012      ; 1.098      ;
; -0.041 ; bclk_cnt[2]  ; bclk_cnt[12] ; AUD_BCLK     ; AUD_BCLK    ; 1.000        ; 0.012      ; 1.085      ;
; -0.039 ; bclk_cnt[7]  ; bclk_cnt[19] ; AUD_BCLK     ; AUD_BCLK    ; 1.000        ; 0.012      ; 1.083      ;
; -0.039 ; bclk_cnt[5]  ; bclk_cnt[17] ; AUD_BCLK     ; AUD_BCLK    ; 1.000        ; 0.012      ; 1.083      ;
; -0.031 ; bclk_cnt[10] ; bclk_cnt[20] ; AUD_BCLK     ; AUD_BCLK    ; 1.000        ; 0.012      ; 1.075      ;
; -0.026 ; bclk_cnt[11] ; bclk_cnt[21] ; AUD_BCLK     ; AUD_BCLK    ; 1.000        ; 0.012      ; 1.070      ;
; -0.022 ; bclk_cnt[3]  ; bclk_cnt[13] ; AUD_BCLK     ; AUD_BCLK    ; 1.000        ; 0.012      ; 1.066      ;
; -0.020 ; bclk_cnt[12] ; bclk_cnt[23] ; AUD_BCLK     ; AUD_BCLK    ; 1.000        ; 0.000      ; 1.052      ;
; -0.020 ; bclk_cnt[8]  ; bclk_cnt[19] ; AUD_BCLK     ; AUD_BCLK    ; 1.000        ; 0.012      ; 1.064      ;
; -0.019 ; bclk_cnt[6]  ; bclk_cnt[17] ; AUD_BCLK     ; AUD_BCLK    ; 1.000        ; 0.012      ; 1.063      ;
; -0.019 ; bclk_cnt[4]  ; bclk_cnt[15] ; AUD_BCLK     ; AUD_BCLK    ; 1.000        ; 0.012      ; 1.063      ;
; -0.004 ; bclk_cnt[7]  ; bclk_cnt[18] ; AUD_BCLK     ; AUD_BCLK    ; 1.000        ; 0.012      ; 1.048      ;
; -0.004 ; bclk_cnt[5]  ; bclk_cnt[16] ; AUD_BCLK     ; AUD_BCLK    ; 1.000        ; 0.012      ; 1.048      ;
; -0.001 ; bclk_cnt[1]  ; bclk_cnt[11] ; AUD_BCLK     ; AUD_BCLK    ; 1.000        ; 0.000      ; 1.033      ;
; 0.009  ; bclk_cnt[11] ; bclk_cnt[20] ; AUD_BCLK     ; AUD_BCLK    ; 1.000        ; 0.012      ; 1.035      ;
; 0.011  ; bclk_cnt[13] ; bclk_cnt[23] ; AUD_BCLK     ; AUD_BCLK    ; 1.000        ; 0.000      ; 1.021      ;
; 0.013  ; bclk_cnt[3]  ; bclk_cnt[12] ; AUD_BCLK     ; AUD_BCLK    ; 1.000        ; 0.012      ; 1.031      ;
; 0.013  ; bclk_cnt[0]  ; bclk_cnt[11] ; AUD_BCLK     ; AUD_BCLK    ; 1.000        ; 0.000      ; 1.019      ;
; 0.015  ; bclk_cnt[12] ; bclk_cnt[22] ; AUD_BCLK     ; AUD_BCLK    ; 1.000        ; 0.000      ; 1.017      ;
+--------+--------------+--------------+--------------+-------------+--------------+------------+------------+


+------------------------------------------------------------------------------------------------------------+
; Fast Model Setup: 'AUD_DACLRCK'                                                                            ;
+--------+--------------+--------------+--------------+-------------+--------------+------------+------------+
; Slack  ; From Node    ; To Node      ; Launch Clock ; Latch Clock ; Relationship ; Clock Skew ; Data Delay ;
+--------+--------------+--------------+--------------+-------------+--------------+------------+------------+
; -0.209 ; lrck_cnt[0]  ; lrck_cnt[15] ; AUD_DACLRCK  ; AUD_DACLRCK ; 1.000        ; 0.000      ; 1.241      ;
; -0.174 ; lrck_cnt[0]  ; lrck_cnt[14] ; AUD_DACLRCK  ; AUD_DACLRCK ; 1.000        ; 0.000      ; 1.206      ;
; -0.139 ; lrck_cnt[0]  ; lrck_cnt[13] ; AUD_DACLRCK  ; AUD_DACLRCK ; 1.000        ; 0.000      ; 1.171      ;
; -0.125 ; lrck_cnt[1]  ; lrck_cnt[15] ; AUD_DACLRCK  ; AUD_DACLRCK ; 1.000        ; 0.000      ; 1.157      ;
; -0.105 ; lrck_cnt[4]  ; lrck_cnt[15] ; AUD_DACLRCK  ; AUD_DACLRCK ; 1.000        ; 0.000      ; 1.137      ;
; -0.104 ; lrck_cnt[0]  ; lrck_cnt[12] ; AUD_DACLRCK  ; AUD_DACLRCK ; 1.000        ; 0.000      ; 1.136      ;
; -0.094 ; lrck_cnt[2]  ; lrck_cnt[15] ; AUD_DACLRCK  ; AUD_DACLRCK ; 1.000        ; 0.000      ; 1.126      ;
; -0.090 ; lrck_cnt[1]  ; lrck_cnt[14] ; AUD_DACLRCK  ; AUD_DACLRCK ; 1.000        ; 0.000      ; 1.122      ;
; -0.070 ; lrck_cnt[4]  ; lrck_cnt[14] ; AUD_DACLRCK  ; AUD_DACLRCK ; 1.000        ; 0.000      ; 1.102      ;
; -0.069 ; lrck_cnt[0]  ; lrck_cnt[11] ; AUD_DACLRCK  ; AUD_DACLRCK ; 1.000        ; 0.000      ; 1.101      ;
; -0.060 ; lrck_cnt[3]  ; lrck_cnt[15] ; AUD_DACLRCK  ; AUD_DACLRCK ; 1.000        ; 0.000      ; 1.092      ;
; -0.059 ; lrck_cnt[2]  ; lrck_cnt[14] ; AUD_DACLRCK  ; AUD_DACLRCK ; 1.000        ; 0.000      ; 1.091      ;
; -0.055 ; lrck_cnt[1]  ; lrck_cnt[13] ; AUD_DACLRCK  ; AUD_DACLRCK ; 1.000        ; 0.000      ; 1.087      ;
; -0.035 ; lrck_cnt[6]  ; lrck_cnt[15] ; AUD_DACLRCK  ; AUD_DACLRCK ; 1.000        ; 0.000      ; 1.067      ;
; -0.035 ; lrck_cnt[4]  ; lrck_cnt[13] ; AUD_DACLRCK  ; AUD_DACLRCK ; 1.000        ; 0.000      ; 1.067      ;
; -0.034 ; lrck_cnt[0]  ; lrck_cnt[10] ; AUD_DACLRCK  ; AUD_DACLRCK ; 1.000        ; 0.000      ; 1.066      ;
; -0.025 ; lrck_cnt[3]  ; lrck_cnt[14] ; AUD_DACLRCK  ; AUD_DACLRCK ; 1.000        ; 0.000      ; 1.057      ;
; -0.024 ; lrck_cnt[2]  ; lrck_cnt[13] ; AUD_DACLRCK  ; AUD_DACLRCK ; 1.000        ; 0.000      ; 1.056      ;
; -0.020 ; lrck_cnt[1]  ; lrck_cnt[12] ; AUD_DACLRCK  ; AUD_DACLRCK ; 1.000        ; 0.000      ; 1.052      ;
; 0.000  ; lrck_cnt[6]  ; lrck_cnt[14] ; AUD_DACLRCK  ; AUD_DACLRCK ; 1.000        ; 0.000      ; 1.032      ;
; 0.000  ; lrck_cnt[4]  ; lrck_cnt[12] ; AUD_DACLRCK  ; AUD_DACLRCK ; 1.000        ; 0.000      ; 1.032      ;
; 0.001  ; lrck_cnt[0]  ; lrck_cnt[9]  ; AUD_DACLRCK  ; AUD_DACLRCK ; 1.000        ; 0.000      ; 1.031      ;
; 0.009  ; lrck_cnt[5]  ; lrck_cnt[15] ; AUD_DACLRCK  ; AUD_DACLRCK ; 1.000        ; 0.000      ; 1.023      ;
; 0.010  ; lrck_cnt[3]  ; lrck_cnt[13] ; AUD_DACLRCK  ; AUD_DACLRCK ; 1.000        ; 0.000      ; 1.022      ;
; 0.011  ; lrck_cnt[2]  ; lrck_cnt[12] ; AUD_DACLRCK  ; AUD_DACLRCK ; 1.000        ; 0.000      ; 1.021      ;
; 0.015  ; lrck_cnt[1]  ; lrck_cnt[11] ; AUD_DACLRCK  ; AUD_DACLRCK ; 1.000        ; 0.000      ; 1.017      ;
; 0.035  ; lrck_cnt[6]  ; lrck_cnt[13] ; AUD_DACLRCK  ; AUD_DACLRCK ; 1.000        ; 0.000      ; 0.997      ;
; 0.035  ; lrck_cnt[4]  ; lrck_cnt[11] ; AUD_DACLRCK  ; AUD_DACLRCK ; 1.000        ; 0.000      ; 0.997      ;
; 0.044  ; lrck_cnt[5]  ; lrck_cnt[14] ; AUD_DACLRCK  ; AUD_DACLRCK ; 1.000        ; 0.000      ; 0.988      ;
; 0.045  ; lrck_cnt[3]  ; lrck_cnt[12] ; AUD_DACLRCK  ; AUD_DACLRCK ; 1.000        ; 0.000      ; 0.987      ;
; 0.046  ; lrck_cnt[2]  ; lrck_cnt[11] ; AUD_DACLRCK  ; AUD_DACLRCK ; 1.000        ; 0.000      ; 0.986      ;
; 0.050  ; lrck_cnt[1]  ; lrck_cnt[10] ; AUD_DACLRCK  ; AUD_DACLRCK ; 1.000        ; 0.000      ; 0.982      ;
; 0.070  ; lrck_cnt[6]  ; lrck_cnt[12] ; AUD_DACLRCK  ; AUD_DACLRCK ; 1.000        ; 0.000      ; 0.962      ;
; 0.070  ; lrck_cnt[4]  ; lrck_cnt[10] ; AUD_DACLRCK  ; AUD_DACLRCK ; 1.000        ; 0.000      ; 0.962      ;
; 0.071  ; lrck_cnt[7]  ; lrck_cnt[15] ; AUD_DACLRCK  ; AUD_DACLRCK ; 1.000        ; 0.000      ; 0.961      ;
; 0.079  ; lrck_cnt[5]  ; lrck_cnt[13] ; AUD_DACLRCK  ; AUD_DACLRCK ; 1.000        ; 0.000      ; 0.953      ;
; 0.080  ; lrck_cnt[3]  ; lrck_cnt[11] ; AUD_DACLRCK  ; AUD_DACLRCK ; 1.000        ; 0.000      ; 0.952      ;
; 0.081  ; lrck_cnt[2]  ; lrck_cnt[10] ; AUD_DACLRCK  ; AUD_DACLRCK ; 1.000        ; 0.000      ; 0.951      ;
; 0.085  ; lrck_cnt[1]  ; lrck_cnt[9]  ; AUD_DACLRCK  ; AUD_DACLRCK ; 1.000        ; 0.000      ; 0.947      ;
; 0.095  ; lrck_cnt[0]  ; lrck_cnt[8]  ; AUD_DACLRCK  ; AUD_DACLRCK ; 1.000        ; 0.000      ; 0.937      ;
; 0.105  ; lrck_cnt[6]  ; lrck_cnt[11] ; AUD_DACLRCK  ; AUD_DACLRCK ; 1.000        ; 0.000      ; 0.927      ;
; 0.105  ; lrck_cnt[4]  ; lrck_cnt[9]  ; AUD_DACLRCK  ; AUD_DACLRCK ; 1.000        ; 0.000      ; 0.927      ;
; 0.106  ; lrck_cnt[7]  ; lrck_cnt[14] ; AUD_DACLRCK  ; AUD_DACLRCK ; 1.000        ; 0.000      ; 0.926      ;
; 0.114  ; lrck_cnt[5]  ; lrck_cnt[12] ; AUD_DACLRCK  ; AUD_DACLRCK ; 1.000        ; 0.000      ; 0.918      ;
; 0.115  ; lrck_cnt[3]  ; lrck_cnt[10] ; AUD_DACLRCK  ; AUD_DACLRCK ; 1.000        ; 0.000      ; 0.917      ;
; 0.116  ; lrck_cnt[2]  ; lrck_cnt[9]  ; AUD_DACLRCK  ; AUD_DACLRCK ; 1.000        ; 0.000      ; 0.916      ;
; 0.118  ; lrck_cnt[8]  ; lrck_cnt[15] ; AUD_DACLRCK  ; AUD_DACLRCK ; 1.000        ; 0.000      ; 0.914      ;
; 0.130  ; lrck_cnt[0]  ; lrck_cnt[7]  ; AUD_DACLRCK  ; AUD_DACLRCK ; 1.000        ; 0.000      ; 0.902      ;
; 0.140  ; lrck_cnt[6]  ; lrck_cnt[10] ; AUD_DACLRCK  ; AUD_DACLRCK ; 1.000        ; 0.000      ; 0.892      ;
; 0.141  ; lrck_cnt[7]  ; lrck_cnt[13] ; AUD_DACLRCK  ; AUD_DACLRCK ; 1.000        ; 0.000      ; 0.891      ;
; 0.149  ; lrck_cnt[5]  ; lrck_cnt[11] ; AUD_DACLRCK  ; AUD_DACLRCK ; 1.000        ; 0.000      ; 0.883      ;
; 0.150  ; lrck_cnt[3]  ; lrck_cnt[9]  ; AUD_DACLRCK  ; AUD_DACLRCK ; 1.000        ; 0.000      ; 0.882      ;
; 0.153  ; lrck_cnt[8]  ; lrck_cnt[14] ; AUD_DACLRCK  ; AUD_DACLRCK ; 1.000        ; 0.000      ; 0.879      ;
; 0.165  ; lrck_cnt[0]  ; lrck_cnt[6]  ; AUD_DACLRCK  ; AUD_DACLRCK ; 1.000        ; 0.000      ; 0.867      ;
; 0.175  ; lrck_cnt[6]  ; lrck_cnt[9]  ; AUD_DACLRCK  ; AUD_DACLRCK ; 1.000        ; 0.000      ; 0.857      ;
; 0.176  ; lrck_cnt[7]  ; lrck_cnt[12] ; AUD_DACLRCK  ; AUD_DACLRCK ; 1.000        ; 0.000      ; 0.856      ;
; 0.179  ; lrck_cnt[1]  ; lrck_cnt[8]  ; AUD_DACLRCK  ; AUD_DACLRCK ; 1.000        ; 0.000      ; 0.853      ;
; 0.184  ; lrck_cnt[5]  ; lrck_cnt[10] ; AUD_DACLRCK  ; AUD_DACLRCK ; 1.000        ; 0.000      ; 0.848      ;
; 0.188  ; lrck_cnt[8]  ; lrck_cnt[13] ; AUD_DACLRCK  ; AUD_DACLRCK ; 1.000        ; 0.000      ; 0.844      ;
; 0.196  ; lrck_cnt[9]  ; lrck_cnt[15] ; AUD_DACLRCK  ; AUD_DACLRCK ; 1.000        ; 0.000      ; 0.836      ;
; 0.199  ; lrck_cnt[4]  ; lrck_cnt[8]  ; AUD_DACLRCK  ; AUD_DACLRCK ; 1.000        ; 0.000      ; 0.833      ;
; 0.200  ; lrck_cnt[0]  ; lrck_cnt[5]  ; AUD_DACLRCK  ; AUD_DACLRCK ; 1.000        ; 0.000      ; 0.832      ;
; 0.210  ; lrck_cnt[2]  ; lrck_cnt[8]  ; AUD_DACLRCK  ; AUD_DACLRCK ; 1.000        ; 0.000      ; 0.822      ;
; 0.211  ; lrck_cnt[7]  ; lrck_cnt[11] ; AUD_DACLRCK  ; AUD_DACLRCK ; 1.000        ; 0.000      ; 0.821      ;
; 0.214  ; lrck_cnt[1]  ; lrck_cnt[7]  ; AUD_DACLRCK  ; AUD_DACLRCK ; 1.000        ; 0.000      ; 0.818      ;
; 0.219  ; lrck_cnt[5]  ; lrck_cnt[9]  ; AUD_DACLRCK  ; AUD_DACLRCK ; 1.000        ; 0.000      ; 0.813      ;
; 0.223  ; lrck_cnt[8]  ; lrck_cnt[12] ; AUD_DACLRCK  ; AUD_DACLRCK ; 1.000        ; 0.000      ; 0.809      ;
; 0.231  ; lrck_cnt[9]  ; lrck_cnt[14] ; AUD_DACLRCK  ; AUD_DACLRCK ; 1.000        ; 0.000      ; 0.801      ;
; 0.234  ; lrck_cnt[4]  ; lrck_cnt[7]  ; AUD_DACLRCK  ; AUD_DACLRCK ; 1.000        ; 0.000      ; 0.798      ;
; 0.235  ; lrck_cnt[0]  ; lrck_cnt[4]  ; AUD_DACLRCK  ; AUD_DACLRCK ; 1.000        ; 0.000      ; 0.797      ;
; 0.244  ; lrck_cnt[10] ; lrck_cnt[15] ; AUD_DACLRCK  ; AUD_DACLRCK ; 1.000        ; 0.000      ; 0.788      ;
; 0.244  ; lrck_cnt[3]  ; lrck_cnt[8]  ; AUD_DACLRCK  ; AUD_DACLRCK ; 1.000        ; 0.000      ; 0.788      ;
; 0.245  ; lrck_cnt[2]  ; lrck_cnt[7]  ; AUD_DACLRCK  ; AUD_DACLRCK ; 1.000        ; 0.000      ; 0.787      ;
; 0.246  ; lrck_cnt[7]  ; lrck_cnt[10] ; AUD_DACLRCK  ; AUD_DACLRCK ; 1.000        ; 0.000      ; 0.786      ;
; 0.249  ; lrck_cnt[1]  ; lrck_cnt[6]  ; AUD_DACLRCK  ; AUD_DACLRCK ; 1.000        ; 0.000      ; 0.783      ;
; 0.258  ; lrck_cnt[8]  ; lrck_cnt[11] ; AUD_DACLRCK  ; AUD_DACLRCK ; 1.000        ; 0.000      ; 0.774      ;
; 0.266  ; lrck_cnt[11] ; lrck_cnt[15] ; AUD_DACLRCK  ; AUD_DACLRCK ; 1.000        ; 0.000      ; 0.766      ;
; 0.266  ; lrck_cnt[9]  ; lrck_cnt[13] ; AUD_DACLRCK  ; AUD_DACLRCK ; 1.000        ; 0.000      ; 0.766      ;
; 0.269  ; lrck_cnt[6]  ; lrck_cnt[8]  ; AUD_DACLRCK  ; AUD_DACLRCK ; 1.000        ; 0.000      ; 0.763      ;
; 0.269  ; lrck_cnt[4]  ; lrck_cnt[6]  ; AUD_DACLRCK  ; AUD_DACLRCK ; 1.000        ; 0.000      ; 0.763      ;
; 0.270  ; lrck_cnt[0]  ; lrck_cnt[3]  ; AUD_DACLRCK  ; AUD_DACLRCK ; 1.000        ; 0.000      ; 0.762      ;
; 0.279  ; lrck_cnt[10] ; lrck_cnt[14] ; AUD_DACLRCK  ; AUD_DACLRCK ; 1.000        ; 0.000      ; 0.753      ;
; 0.279  ; lrck_cnt[3]  ; lrck_cnt[7]  ; AUD_DACLRCK  ; AUD_DACLRCK ; 1.000        ; 0.000      ; 0.753      ;
; 0.280  ; lrck_cnt[2]  ; lrck_cnt[6]  ; AUD_DACLRCK  ; AUD_DACLRCK ; 1.000        ; 0.000      ; 0.752      ;
; 0.281  ; lrck_cnt[7]  ; lrck_cnt[9]  ; AUD_DACLRCK  ; AUD_DACLRCK ; 1.000        ; 0.000      ; 0.751      ;
; 0.284  ; lrck_cnt[1]  ; lrck_cnt[5]  ; AUD_DACLRCK  ; AUD_DACLRCK ; 1.000        ; 0.000      ; 0.748      ;
; 0.293  ; lrck_cnt[8]  ; lrck_cnt[10] ; AUD_DACLRCK  ; AUD_DACLRCK ; 1.000        ; 0.000      ; 0.739      ;
; 0.301  ; lrck_cnt[11] ; lrck_cnt[14] ; AUD_DACLRCK  ; AUD_DACLRCK ; 1.000        ; 0.000      ; 0.731      ;
; 0.301  ; lrck_cnt[9]  ; lrck_cnt[12] ; AUD_DACLRCK  ; AUD_DACLRCK ; 1.000        ; 0.000      ; 0.731      ;
; 0.304  ; lrck_cnt[6]  ; lrck_cnt[7]  ; AUD_DACLRCK  ; AUD_DACLRCK ; 1.000        ; 0.000      ; 0.728      ;
; 0.304  ; lrck_cnt[4]  ; lrck_cnt[5]  ; AUD_DACLRCK  ; AUD_DACLRCK ; 1.000        ; 0.000      ; 0.728      ;
; 0.305  ; lrck_cnt[0]  ; lrck_cnt[2]  ; AUD_DACLRCK  ; AUD_DACLRCK ; 1.000        ; 0.000      ; 0.727      ;
; 0.313  ; lrck_cnt[5]  ; lrck_cnt[8]  ; AUD_DACLRCK  ; AUD_DACLRCK ; 1.000        ; 0.000      ; 0.719      ;
; 0.314  ; lrck_cnt[12] ; lrck_cnt[15] ; AUD_DACLRCK  ; AUD_DACLRCK ; 1.000        ; 0.000      ; 0.718      ;
; 0.314  ; lrck_cnt[10] ; lrck_cnt[13] ; AUD_DACLRCK  ; AUD_DACLRCK ; 1.000        ; 0.000      ; 0.718      ;
; 0.314  ; lrck_cnt[3]  ; lrck_cnt[6]  ; AUD_DACLRCK  ; AUD_DACLRCK ; 1.000        ; 0.000      ; 0.718      ;
; 0.315  ; lrck_cnt[2]  ; lrck_cnt[5]  ; AUD_DACLRCK  ; AUD_DACLRCK ; 1.000        ; 0.000      ; 0.717      ;
; 0.319  ; lrck_cnt[1]  ; lrck_cnt[4]  ; AUD_DACLRCK  ; AUD_DACLRCK ; 1.000        ; 0.000      ; 0.713      ;
; 0.328  ; lrck_cnt[8]  ; lrck_cnt[9]  ; AUD_DACLRCK  ; AUD_DACLRCK ; 1.000        ; 0.000      ; 0.704      ;
; 0.335  ; lrck_cnt[13] ; lrck_cnt[15] ; AUD_DACLRCK  ; AUD_DACLRCK ; 1.000        ; 0.000      ; 0.697      ;
+--------+--------------+--------------+--------------+-------------+--------------+------------+------------+


+-------------------------------------------------------------------------------------------------------------------------------------------------------------------------------------------------------------------------------------------------------------------------+
; Fast Model Hold: 'CLOCK_50'                                                                                                                                                                                                                                             ;
+--------+--------------------------------------------------+---------------------------------------------------------------------------------------------------------------------------------------+--------------+-------------+--------------+------------+------------+
; Slack  ; From Node                                        ; To Node                                                                                                                               ; Launch Clock ; Latch Clock ; Relationship ; Clock Skew ; Data Delay ;
+--------+--------------------------------------------------+---------------------------------------------------------------------------------------------------------------------------------------+--------------+-------------+--------------+------------+------------+
; -0.234 ; AUD_DACLRCK                                      ; i2s_transmitter:u_i2s_tx|lr_r1                                                                                                        ; AUD_DACLRCK  ; CLOCK_50    ; 0.000        ; 1.654      ; 1.572      ;
; -0.171 ; AUD_BCLK                                         ; i2s_transmitter:u_i2s_tx|bclk_r1                                                                                                      ; AUD_BCLK     ; CLOCK_50    ; 0.000        ; 1.657      ; 1.638      ;
; 0.215  ; audio_pll:u_audio_pll|lock_cnt[0]                ; audio_pll:u_audio_pll|lock_cnt[0]                                                                                                     ; CLOCK_50     ; CLOCK_50    ; 0.000        ; 0.000      ; 0.367      ;
; 0.215  ; audio_pll:u_audio_pll|locked                     ; audio_pll:u_audio_pll|locked                                                                                                          ; CLOCK_50     ; CLOCK_50    ; 0.000        ; 0.000      ; 0.367      ;
; 0.215  ; valid_cnt[0]                                     ; valid_cnt[0]                                                                                                                          ; CLOCK_50     ; CLOCK_50    ; 0.000        ; 0.000      ; 0.367      ;
; 0.215  ; i2s_transmitter:u_i2s_tx|first_bit               ; i2s_transmitter:u_i2s_tx|first_bit                                                                                                    ; CLOCK_50     ; CLOCK_50    ; 0.000        ; 0.000      ; 0.367      ;
; 0.215  ; i2s_transmitter:u_i2s_tx|bit_cnt[4]              ; i2s_transmitter:u_i2s_tx|bit_cnt[4]                                                                                                   ; CLOCK_50     ; CLOCK_50    ; 0.000        ; 0.000      ; 0.367      ;
; 0.215  ; i2s_receiver:u_i2s_rx|skip_first                 ; i2s_receiver:u_i2s_rx|skip_first                                                                                                      ; CLOCK_50     ; CLOCK_50    ; 0.000        ; 0.000      ; 0.367      ;
; 0.215  ; i2s_receiver:u_i2s_rx|bit_cnt[4]                 ; i2s_receiver:u_i2s_rx|bit_cnt[4]                                                                                                      ; CLOCK_50     ; CLOCK_50    ; 0.000        ; 0.000      ; 0.367      ;
; 0.215  ; mute                                             ; mute                                                                                                                                  ; CLOCK_50     ; CLOCK_50    ; 0.000        ; 0.000      ; 0.367      ;
; 0.215  ; vga_sync:u_vga_sync|pixel_q                      ; vga_sync:u_vga_sync|pixel_q                                                                                                           ; CLOCK_50     ; CLOCK_50    ; 0.000        ; 0.000      ; 0.367      ;
; 0.215  ; audio_pll:u_audio_pll|div_cnt[1]                 ; audio_pll:u_audio_pll|div_cnt[1]                                                                                                      ; CLOCK_50     ; CLOCK_50    ; 0.000        ; 0.000      ; 0.367      ;
; 0.215  ; i2c_av_config:u_i2c_cfg|reg_idx[2]               ; i2c_av_config:u_i2c_cfg|reg_idx[2]                                                                                                    ; CLOCK_50     ; CLOCK_50    ; 0.000        ; 0.000      ; 0.367      ;
; 0.215  ; i2c_av_config:u_i2c_cfg|reg_idx[3]               ; i2c_av_config:u_i2c_cfg|reg_idx[3]                                                                                                    ; CLOCK_50     ; CLOCK_50    ; 0.000        ; 0.000      ; 0.367      ;
; 0.215  ; i2c_av_config:u_i2c_cfg|byte_idx[0]              ; i2c_av_config:u_i2c_cfg|byte_idx[0]                                                                                                   ; CLOCK_50     ; CLOCK_50    ; 0.000        ; 0.000      ; 0.367      ;
; 0.215  ; i2c_av_config:u_i2c_cfg|bit_idx[1]               ; i2c_av_config:u_i2c_cfg|bit_idx[1]                                                                                                    ; CLOCK_50     ; CLOCK_50    ; 0.000        ; 0.000      ; 0.367      ;
; 0.215  ; i2c_av_config:u_i2c_cfg|bit_idx[2]               ; i2c_av_config:u_i2c_cfg|bit_idx[2]                                                                                                    ; CLOCK_50     ; CLOCK_50    ; 0.000        ; 0.000      ; 0.367      ;
; 0.215  ; i2c_av_config:u_i2c_cfg|bit_idx[0]               ; i2c_av_config:u_i2c_cfg|bit_idx[0]                                                                                                    ; CLOCK_50     ; CLOCK_50    ; 0.000        ; 0.000      ; 0.367      ;
; 0.215  ; i2c_av_config:u_i2c_cfg|dly[0]                   ; i2c_av_config:u_i2c_cfg|dly[0]                                                                                                        ; CLOCK_50     ; CLOCK_50    ; 0.000        ; 0.000      ; 0.367      ;
; 0.215  ; i2c_av_config:u_i2c_cfg|scl_ph                   ; i2c_av_config:u_i2c_cfg|scl_ph                                                                                                        ; CLOCK_50     ; CLOCK_50    ; 0.000        ; 0.000      ; 0.367      ;
; 0.215  ; i2c_av_config:u_i2c_cfg|reg_idx[0]               ; i2c_av_config:u_i2c_cfg|reg_idx[0]                                                                                                    ; CLOCK_50     ; CLOCK_50    ; 0.000        ; 0.000      ; 0.367      ;
; 0.215  ; i2c_av_config:u_i2c_cfg|reg_idx[1]               ; i2c_av_config:u_i2c_cfg|reg_idx[1]                                                                                                    ; CLOCK_50     ; CLOCK_50    ; 0.000        ; 0.000      ; 0.367      ;
; 0.215  ; i2c_av_config:u_i2c_cfg|byte_idx[1]              ; i2c_av_config:u_i2c_cfg|byte_idx[1]                                                                                                   ; CLOCK_50     ; CLOCK_50    ; 0.000        ; 0.000      ; 0.367      ;
; 0.215  ; audio_pll:u_audio_pll|c0                         ; audio_pll:u_audio_pll|c0                                                                                                              ; CLOCK_50     ; CLOCK_50    ; 0.000        ; 0.000      ; 0.367      ;
; 0.215  ; i2s_transmitter:u_i2s_tx|sdata                   ; i2s_transmitter:u_i2s_tx|sdata                                                                                                        ; CLOCK_50     ; CLOCK_50    ; 0.000        ; 0.000      ; 0.367      ;
; 0.215  ; i2c_av_config:u_i2c_cfg|tx_byte[0]               ; i2c_av_config:u_i2c_cfg|tx_byte[0]                                                                                                    ; CLOCK_50     ; CLOCK_50    ; 0.000        ; 0.000      ; 0.367      ;
; 0.238  ; lyric_controller:u_lyric_controller|auto_cnt[27] ; lyric_controller:u_lyric_controller|auto_cnt[27]                                                                                      ; CLOCK_50     ; CLOCK_50    ; 0.000        ; 0.000      ; 0.390      ;
; 0.239  ; text_renderer:u_text_renderer|video_on_d1        ; text_renderer:u_text_renderer|video_on_d2                                                                                             ; CLOCK_50     ; CLOCK_50    ; 0.000        ; 0.000      ; 0.391      ;
; 0.239  ; text_renderer:u_text_renderer|in_lyric_d1        ; text_renderer:u_text_renderer|in_lyric_d2                                                                                             ; CLOCK_50     ; CLOCK_50    ; 0.000        ; 0.000      ; 0.391      ;
; 0.240  ; i2s_receiver:u_i2s_rx|shift_reg[1]               ; i2s_receiver:u_i2s_rx|shift_reg[2]                                                                                                    ; CLOCK_50     ; CLOCK_50    ; 0.000        ; 0.000      ; 0.392      ;
; 0.240  ; i2c_av_config:u_i2c_cfg|tx_byte[5]               ; i2c_av_config:u_i2c_cfg|tx_byte[6]                                                                                                    ; CLOCK_50     ; CLOCK_50    ; 0.000        ; 0.000      ; 0.392      ;
; 0.241  ; i2s_receiver:u_i2s_rx|left_buf[15]               ; i2s_receiver:u_i2s_rx|left_data[15]~_Duplicate_1                                                                                      ; CLOCK_50     ; CLOCK_50    ; 0.000        ; 0.000      ; 0.393      ;
; 0.242  ; i2s_receiver:u_i2s_rx|shift_reg[0]               ; i2s_receiver:u_i2s_rx|shift_reg[1]                                                                                                    ; CLOCK_50     ; CLOCK_50    ; 0.000        ; 0.000      ; 0.394      ;
; 0.242  ; i2s_receiver:u_i2s_rx|shift_reg[12]              ; i2s_receiver:u_i2s_rx|shift_reg[13]                                                                                                   ; CLOCK_50     ; CLOCK_50    ; 0.000        ; 0.000      ; 0.394      ;
; 0.243  ; valid_cnt[15]                                    ; valid_cnt[15]                                                                                                                         ; CLOCK_50     ; CLOCK_50    ; 0.000        ; 0.000      ; 0.395      ;
; 0.243  ; i2s_receiver:u_i2s_rx|shift_reg[5]               ; i2s_receiver:u_i2s_rx|shift_reg[6]                                                                                                    ; CLOCK_50     ; CLOCK_50    ; 0.000        ; 0.000      ; 0.395      ;
; 0.243  ; key2_sync                                        ; key2_sync_d                                                                                                                           ; CLOCK_50     ; CLOCK_50    ; 0.000        ; 0.000      ; 0.395      ;
; 0.244  ; i2c_av_config:u_i2c_cfg|tx_byte[6]               ; i2c_av_config:u_i2c_cfg|tx_byte[7]                                                                                                    ; CLOCK_50     ; CLOCK_50    ; 0.000        ; 0.000      ; 0.396      ;
; 0.245  ; i2s_receiver:u_i2s_rx|shift_reg[11]              ; i2s_receiver:u_i2s_rx|shift_reg[12]                                                                                                   ; CLOCK_50     ; CLOCK_50    ; 0.000        ; 0.000      ; 0.397      ;
; 0.245  ; key2_sync                                        ; mute                                                                                                                                  ; CLOCK_50     ; CLOCK_50    ; 0.000        ; 0.000      ; 0.397      ;
; 0.246  ; i2s_receiver:u_i2s_rx|shift_reg[10]              ; i2s_receiver:u_i2s_rx|shift_reg[11]                                                                                                   ; CLOCK_50     ; CLOCK_50    ; 0.000        ; 0.000      ; 0.398      ;
; 0.247  ; i2c_av_config:u_i2c_cfg|dly[19]                  ; i2c_av_config:u_i2c_cfg|dly[19]                                                                                                       ; CLOCK_50     ; CLOCK_50    ; 0.000        ; 0.000      ; 0.399      ;
; 0.250  ; i2c_av_config:u_i2c_cfg|state.S_ACK              ; i2c_av_config:u_i2c_cfg|state.S_SEND                                                                                                  ; CLOCK_50     ; CLOCK_50    ; 0.000        ; 0.000      ; 0.402      ;
; 0.257  ; vga_sync:u_vga_sync|pixel_q                      ; audio_pll:u_audio_pll|c0                                                                                                              ; CLOCK_50     ; CLOCK_50    ; 0.000        ; 0.000      ; 0.409      ;
; 0.258  ; i2s_transmitter:u_i2s_tx|lr_r2                   ; i2s_transmitter:u_i2s_tx|bit_cnt[3]                                                                                                   ; CLOCK_50     ; CLOCK_50    ; 0.000        ; 0.000      ; 0.410      ;
; 0.265  ; i2s_transmitter:u_i2s_tx|lr_r2                   ; i2s_transmitter:u_i2s_tx|bit_cnt[1]                                                                                                   ; CLOCK_50     ; CLOCK_50    ; 0.000        ; 0.000      ; 0.417      ;
; 0.265  ; i2s_transmitter:u_i2s_tx|lr_r2                   ; i2s_transmitter:u_i2s_tx|first_bit                                                                                                    ; CLOCK_50     ; CLOCK_50    ; 0.000        ; 0.000      ; 0.417      ;
; 0.266  ; AUD_DACLRCK                                      ; i2s_transmitter:u_i2s_tx|lr_r1                                                                                                        ; AUD_DACLRCK  ; CLOCK_50    ; -0.500       ; 1.654      ; 1.572      ;
; 0.267  ; i2s_receiver:u_i2s_rx|lr_r1                      ; i2s_receiver:u_i2s_rx|skip_first                                                                                                      ; CLOCK_50     ; CLOCK_50    ; 0.000        ; 0.000      ; 0.419      ;
; 0.268  ; i2s_receiver:u_i2s_rx|lr_r1                      ; i2s_receiver:u_i2s_rx|lr_r2                                                                                                           ; CLOCK_50     ; CLOCK_50    ; 0.000        ; 0.000      ; 0.420      ;
; 0.269  ; i2s_receiver:u_i2s_rx|bit_cnt[4]                 ; i2s_receiver:u_i2s_rx|bit_cnt[3]                                                                                                      ; CLOCK_50     ; CLOCK_50    ; 0.000        ; 0.000      ; 0.421      ;
; 0.270  ; i2c_av_config:u_i2c_cfg|state.S_START2           ; i2c_av_config:u_i2c_cfg|scl_ph                                                                                                        ; CLOCK_50     ; CLOCK_50    ; 0.000        ; 0.000      ; 0.422      ;
; 0.284  ; text_renderer:u_text_renderer|font_y_d1[3]       ; text_renderer:u_text_renderer|font_rom:u_font_rom|altsyncram:rom_rtl_0|altsyncram_ob71:auto_generated|ram_block1a0~porta_address_reg3 ; CLOCK_50     ; CLOCK_50    ; 0.000        ; 0.066      ; 0.488      ;
; 0.285  ; text_renderer:u_text_renderer|font_y_d1[1]       ; text_renderer:u_text_renderer|font_rom:u_font_rom|altsyncram:rom_rtl_0|altsyncram_ob71:auto_generated|ram_block1a0~porta_address_reg1 ; CLOCK_50     ; CLOCK_50    ; 0.000        ; 0.066      ; 0.489      ;
; 0.285  ; text_renderer:u_text_renderer|font_y_d1[0]       ; text_renderer:u_text_renderer|font_rom:u_font_rom|altsyncram:rom_rtl_0|altsyncram_ob71:auto_generated|ram_block1a0~porta_address_reg0 ; CLOCK_50     ; CLOCK_50    ; 0.000        ; 0.066      ; 0.489      ;
; 0.286  ; text_renderer:u_text_renderer|font_y_d1[2]       ; text_renderer:u_text_renderer|font_rom:u_font_rom|altsyncram:rom_rtl_0|altsyncram_ob71:auto_generated|ram_block1a0~porta_address_reg2 ; CLOCK_50     ; CLOCK_50    ; 0.000        ; 0.066      ; 0.490      ;
; 0.312  ; i2s_receiver:u_i2s_rx|skip_first                 ; i2s_receiver:u_i2s_rx|bit_cnt[0]                                                                                                      ; CLOCK_50     ; CLOCK_50    ; 0.000        ; 0.000      ; 0.464      ;
; 0.312  ; i2c_av_config:u_i2c_cfg|cnt[0]                   ; i2c_av_config:u_i2c_cfg|cnt[5]                                                                                                        ; CLOCK_50     ; CLOCK_50    ; 0.000        ; 0.000      ; 0.464      ;
; 0.312  ; i2c_av_config:u_i2c_cfg|cnt[0]                   ; i2c_av_config:u_i2c_cfg|cnt[7]                                                                                                        ; CLOCK_50     ; CLOCK_50    ; 0.000        ; 0.000      ; 0.464      ;
; 0.313  ; i2c_av_config:u_i2c_cfg|cnt[0]                   ; i2c_av_config:u_i2c_cfg|cnt[1]                                                                                                        ; CLOCK_50     ; CLOCK_50    ; 0.000        ; 0.000      ; 0.465      ;
; 0.314  ; key2_meta                                        ; key2_sync                                                                                                                             ; CLOCK_50     ; CLOCK_50    ; 0.000        ; -0.001     ; 0.465      ;
; 0.314  ; i2c_av_config:u_i2c_cfg|cnt[0]                   ; i2c_av_config:u_i2c_cfg|cnt[6]                                                                                                        ; CLOCK_50     ; CLOCK_50    ; 0.000        ; 0.000      ; 0.466      ;
; 0.315  ; i2c_av_config:u_i2c_cfg|tx_byte[0]               ; i2c_av_config:u_i2c_cfg|tx_byte[1]                                                                                                    ; CLOCK_50     ; CLOCK_50    ; 0.000        ; 0.001      ; 0.468      ;
; 0.317  ; i2s_receiver:u_i2s_rx|shift_reg[4]               ; i2s_receiver:u_i2s_rx|shift_reg[5]                                                                                                    ; CLOCK_50     ; CLOCK_50    ; 0.000        ; 0.000      ; 0.469      ;
; 0.318  ; i2s_receiver:u_i2s_rx|skip_first                 ; i2s_receiver:u_i2s_rx|bit_cnt[3]                                                                                                      ; CLOCK_50     ; CLOCK_50    ; 0.000        ; 0.000      ; 0.470      ;
; 0.322  ; i2s_receiver:u_i2s_rx|shift_reg[9]               ; i2s_receiver:u_i2s_rx|shift_reg[10]                                                                                                   ; CLOCK_50     ; CLOCK_50    ; 0.000        ; 0.000      ; 0.474      ;
; 0.322  ; i2c_av_config:u_i2c_cfg|state.S_START1           ; i2c_av_config:u_i2c_cfg|state.S_START2                                                                                                ; CLOCK_50     ; CLOCK_50    ; 0.000        ; 0.001      ; 0.475      ;
; 0.323  ; i2c_av_config:u_i2c_cfg|reg_idx[0]               ; i2c_av_config:u_i2c_cfg|reg_idx[1]                                                                                                    ; CLOCK_50     ; CLOCK_50    ; 0.000        ; 0.000      ; 0.475      ;
; 0.325  ; text_renderer:u_text_renderer|font_x_d1[1]       ; text_renderer:u_text_renderer|font_x_d2[1]                                                                                            ; CLOCK_50     ; CLOCK_50    ; 0.000        ; 0.000      ; 0.477      ;
; 0.326  ; i2s_receiver:u_i2s_rx|data_valid                 ; valid_cnt[0]                                                                                                                          ; CLOCK_50     ; CLOCK_50    ; 0.000        ; 0.001      ; 0.479      ;
; 0.327  ; i2s_receiver:u_i2s_rx|shift_reg[15]              ; i2s_receiver:u_i2s_rx|left_buf[15]                                                                                                    ; CLOCK_50     ; CLOCK_50    ; 0.000        ; -0.001     ; 0.478      ;
; 0.327  ; text_renderer:u_text_renderer|font_x_d1[2]       ; text_renderer:u_text_renderer|font_x_d2[2]                                                                                            ; CLOCK_50     ; CLOCK_50    ; 0.000        ; 0.000      ; 0.479      ;
; 0.329  ; AUD_BCLK                                         ; i2s_transmitter:u_i2s_tx|bclk_r1                                                                                                      ; AUD_BCLK     ; CLOCK_50    ; -0.500       ; 1.657      ; 1.638      ;
; 0.330  ; i2s_receiver:u_i2s_rx|shift_reg[15]              ; i2s_receiver:u_i2s_rx|right_data[15]~_Duplicate_1                                                                                     ; CLOCK_50     ; CLOCK_50    ; 0.000        ; -0.001     ; 0.481      ;
; 0.335  ; text_renderer:u_text_renderer|font_x_d1[0]       ; text_renderer:u_text_renderer|font_x_d2[0]                                                                                            ; CLOCK_50     ; CLOCK_50    ; 0.000        ; 0.000      ; 0.487      ;
; 0.345  ; i2c_av_config:u_i2c_cfg|tick                     ; i2c_av_config:u_i2c_cfg|reg_idx[2]                                                                                                    ; CLOCK_50     ; CLOCK_50    ; 0.000        ; 0.000      ; 0.497      ;
; 0.347  ; i2c_av_config:u_i2c_cfg|tick                     ; i2c_av_config:u_i2c_cfg|reg_idx[3]                                                                                                    ; CLOCK_50     ; CLOCK_50    ; 0.000        ; 0.000      ; 0.499      ;
; 0.349  ; i2c_av_config:u_i2c_cfg|tick                     ; i2c_av_config:u_i2c_cfg|reg_idx[0]                                                                                                    ; CLOCK_50     ; CLOCK_50    ; 0.000        ; 0.000      ; 0.501      ;
; 0.353  ; i2c_av_config:u_i2c_cfg|scl_ph                   ; i2c_av_config:u_i2c_cfg|state.S_STOP1                                                                                                 ; CLOCK_50     ; CLOCK_50    ; 0.000        ; 0.000      ; 0.505      ;
; 0.355  ; lyric_controller:u_lyric_controller|auto_cnt[14] ; lyric_controller:u_lyric_controller|auto_cnt[14]                                                                                      ; CLOCK_50     ; CLOCK_50    ; 0.000        ; 0.000      ; 0.507      ;
; 0.356  ; vga_sync:u_vga_sync|h_count[3]                   ; vga_sync:u_vga_sync|h_count[3]                                                                                                        ; CLOCK_50     ; CLOCK_50    ; 0.000        ; 0.000      ; 0.508      ;
; 0.357  ; vga_sync:u_vga_sync|h_count[2]                   ; vga_sync:u_vga_sync|h_count[2]                                                                                                        ; CLOCK_50     ; CLOCK_50    ; 0.000        ; 0.000      ; 0.509      ;
; 0.357  ; i2c_av_config:u_i2c_cfg|dly[10]                  ; i2c_av_config:u_i2c_cfg|dly[10]                                                                                                       ; CLOCK_50     ; CLOCK_50    ; 0.000        ; 0.000      ; 0.509      ;
; 0.358  ; valid_cnt[2]                                     ; valid_cnt[2]                                                                                                                          ; CLOCK_50     ; CLOCK_50    ; 0.000        ; 0.000      ; 0.510      ;
; 0.358  ; valid_cnt[9]                                     ; valid_cnt[9]                                                                                                                          ; CLOCK_50     ; CLOCK_50    ; 0.000        ; 0.000      ; 0.510      ;
; 0.358  ; valid_cnt[11]                                    ; valid_cnt[11]                                                                                                                         ; CLOCK_50     ; CLOCK_50    ; 0.000        ; 0.000      ; 0.510      ;
; 0.358  ; lyric_controller:u_lyric_controller|auto_cnt[7]  ; lyric_controller:u_lyric_controller|auto_cnt[7]                                                                                       ; CLOCK_50     ; CLOCK_50    ; 0.000        ; 0.000      ; 0.510      ;
; 0.358  ; lyric_controller:u_lyric_controller|auto_cnt[9]  ; lyric_controller:u_lyric_controller|auto_cnt[9]                                                                                       ; CLOCK_50     ; CLOCK_50    ; 0.000        ; 0.000      ; 0.510      ;
; 0.358  ; vga_sync:u_vga_sync|h_count[1]                   ; vga_sync:u_vga_sync|h_count[1]                                                                                                        ; CLOCK_50     ; CLOCK_50    ; 0.000        ; 0.000      ; 0.510      ;
; 0.359  ; valid_cnt[4]                                     ; valid_cnt[4]                                                                                                                          ; CLOCK_50     ; CLOCK_50    ; 0.000        ; 0.000      ; 0.511      ;
; 0.359  ; valid_cnt[7]                                     ; valid_cnt[7]                                                                                                                          ; CLOCK_50     ; CLOCK_50    ; 0.000        ; 0.000      ; 0.511      ;
; 0.359  ; valid_cnt[13]                                    ; valid_cnt[13]                                                                                                                         ; CLOCK_50     ; CLOCK_50    ; 0.000        ; 0.000      ; 0.511      ;
; 0.359  ; valid_cnt[14]                                    ; valid_cnt[14]                                                                                                                         ; CLOCK_50     ; CLOCK_50    ; 0.000        ; 0.000      ; 0.511      ;
; 0.359  ; i2c_av_config:u_i2c_cfg|dly[1]                   ; i2c_av_config:u_i2c_cfg|dly[1]                                                                                                        ; CLOCK_50     ; CLOCK_50    ; 0.000        ; 0.000      ; 0.511      ;
; 0.360  ; valid_cnt[1]                                     ; valid_cnt[1]                                                                                                                          ; CLOCK_50     ; CLOCK_50    ; 0.000        ; 0.000      ; 0.512      ;
; 0.361  ; lyric_controller:u_lyric_controller|auto_cnt[15] ; lyric_controller:u_lyric_controller|auto_cnt[15]                                                                                      ; CLOCK_50     ; CLOCK_50    ; 0.000        ; 0.000      ; 0.513      ;
; 0.361  ; i2c_av_config:u_i2c_cfg|dly[7]                   ; i2c_av_config:u_i2c_cfg|dly[7]                                                                                                        ; CLOCK_50     ; CLOCK_50    ; 0.000        ; 0.000      ; 0.513      ;
; 0.361  ; i2c_av_config:u_i2c_cfg|dly[8]                   ; i2c_av_config:u_i2c_cfg|dly[8]                                                                                                        ; CLOCK_50     ; CLOCK_50    ; 0.000        ; 0.000      ; 0.513      ;
; 0.362  ; audio_pll:u_audio_pll|lock_cnt[3]                ; audio_pll:u_audio_pll|lock_cnt[3]                                                                                                     ; CLOCK_50     ; CLOCK_50    ; 0.000        ; 0.000      ; 0.514      ;
; 0.362  ; lyric_controller:u_lyric_controller|auto_cnt[23] ; lyric_controller:u_lyric_controller|auto_cnt[23]                                                                                      ; CLOCK_50     ; CLOCK_50    ; 0.000        ; 0.000      ; 0.514      ;
+--------+--------------------------------------------------+---------------------------------------------------------------------------------------------------------------------------------------+--------------+-------------+--------------+------------+------------+


+-----------------------------------------------------------------------------------------------------------+
; Fast Model Hold: 'AUD_BCLK'                                                                               ;
+-------+--------------+--------------+--------------+-------------+--------------+------------+------------+
; Slack ; From Node    ; To Node      ; Launch Clock ; Latch Clock ; Relationship ; Clock Skew ; Data Delay ;
+-------+--------------+--------------+--------------+-------------+--------------+------------+------------+
; 0.215 ; bclk_cnt[0]  ; bclk_cnt[0]  ; AUD_BCLK     ; AUD_BCLK    ; 0.000        ; 0.000      ; 0.367      ;
; 0.243 ; bclk_cnt[23] ; bclk_cnt[23] ; AUD_BCLK     ; AUD_BCLK    ; 0.000        ; 0.000      ; 0.395      ;
; 0.353 ; bclk_cnt[12] ; bclk_cnt[12] ; AUD_BCLK     ; AUD_BCLK    ; 0.000        ; 0.000      ; 0.505      ;
; 0.354 ; bclk_cnt[3]  ; bclk_cnt[3]  ; AUD_BCLK     ; AUD_BCLK    ; 0.000        ; 0.000      ; 0.506      ;
; 0.356 ; bclk_cnt[5]  ; bclk_cnt[5]  ; AUD_BCLK     ; AUD_BCLK    ; 0.000        ; 0.000      ; 0.508      ;
; 0.356 ; bclk_cnt[7]  ; bclk_cnt[7]  ; AUD_BCLK     ; AUD_BCLK    ; 0.000        ; 0.000      ; 0.508      ;
; 0.357 ; bclk_cnt[13] ; bclk_cnt[13] ; AUD_BCLK     ; AUD_BCLK    ; 0.000        ; 0.000      ; 0.509      ;
; 0.358 ; bclk_cnt[0]  ; bclk_cnt[1]  ; AUD_BCLK     ; AUD_BCLK    ; 0.000        ; 0.000      ; 0.510      ;
; 0.358 ; bclk_cnt[14] ; bclk_cnt[14] ; AUD_BCLK     ; AUD_BCLK    ; 0.000        ; 0.000      ; 0.510      ;
; 0.358 ; bclk_cnt[21] ; bclk_cnt[21] ; AUD_BCLK     ; AUD_BCLK    ; 0.000        ; 0.000      ; 0.510      ;
; 0.359 ; bclk_cnt[9]  ; bclk_cnt[9]  ; AUD_BCLK     ; AUD_BCLK    ; 0.000        ; 0.000      ; 0.511      ;
; 0.359 ; bclk_cnt[10] ; bclk_cnt[10] ; AUD_BCLK     ; AUD_BCLK    ; 0.000        ; 0.000      ; 0.511      ;
; 0.359 ; bclk_cnt[11] ; bclk_cnt[11] ; AUD_BCLK     ; AUD_BCLK    ; 0.000        ; 0.000      ; 0.511      ;
; 0.359 ; bclk_cnt[16] ; bclk_cnt[16] ; AUD_BCLK     ; AUD_BCLK    ; 0.000        ; 0.000      ; 0.511      ;
; 0.359 ; bclk_cnt[19] ; bclk_cnt[19] ; AUD_BCLK     ; AUD_BCLK    ; 0.000        ; 0.000      ; 0.511      ;
; 0.367 ; bclk_cnt[2]  ; bclk_cnt[2]  ; AUD_BCLK     ; AUD_BCLK    ; 0.000        ; 0.000      ; 0.519      ;
; 0.367 ; bclk_cnt[20] ; bclk_cnt[20] ; AUD_BCLK     ; AUD_BCLK    ; 0.000        ; 0.000      ; 0.519      ;
; 0.367 ; bclk_cnt[22] ; bclk_cnt[22] ; AUD_BCLK     ; AUD_BCLK    ; 0.000        ; 0.000      ; 0.519      ;
; 0.367 ; bclk_cnt[1]  ; bclk_cnt[1]  ; AUD_BCLK     ; AUD_BCLK    ; 0.000        ; 0.000      ; 0.519      ;
; 0.369 ; bclk_cnt[4]  ; bclk_cnt[4]  ; AUD_BCLK     ; AUD_BCLK    ; 0.000        ; 0.000      ; 0.521      ;
; 0.369 ; bclk_cnt[6]  ; bclk_cnt[6]  ; AUD_BCLK     ; AUD_BCLK    ; 0.000        ; 0.000      ; 0.521      ;
; 0.369 ; bclk_cnt[15] ; bclk_cnt[15] ; AUD_BCLK     ; AUD_BCLK    ; 0.000        ; 0.000      ; 0.521      ;
; 0.370 ; bclk_cnt[8]  ; bclk_cnt[8]  ; AUD_BCLK     ; AUD_BCLK    ; 0.000        ; 0.000      ; 0.522      ;
; 0.370 ; bclk_cnt[17] ; bclk_cnt[17] ; AUD_BCLK     ; AUD_BCLK    ; 0.000        ; 0.000      ; 0.522      ;
; 0.370 ; bclk_cnt[18] ; bclk_cnt[18] ; AUD_BCLK     ; AUD_BCLK    ; 0.000        ; 0.000      ; 0.522      ;
; 0.491 ; bclk_cnt[12] ; bclk_cnt[13] ; AUD_BCLK     ; AUD_BCLK    ; 0.000        ; 0.000      ; 0.643      ;
; 0.493 ; bclk_cnt[0]  ; bclk_cnt[2]  ; AUD_BCLK     ; AUD_BCLK    ; 0.000        ; 0.000      ; 0.645      ;
; 0.494 ; bclk_cnt[5]  ; bclk_cnt[6]  ; AUD_BCLK     ; AUD_BCLK    ; 0.000        ; 0.000      ; 0.646      ;
; 0.494 ; bclk_cnt[7]  ; bclk_cnt[8]  ; AUD_BCLK     ; AUD_BCLK    ; 0.000        ; 0.000      ; 0.646      ;
; 0.495 ; bclk_cnt[13] ; bclk_cnt[14] ; AUD_BCLK     ; AUD_BCLK    ; 0.000        ; 0.000      ; 0.647      ;
; 0.496 ; bclk_cnt[21] ; bclk_cnt[22] ; AUD_BCLK     ; AUD_BCLK    ; 0.000        ; 0.000      ; 0.648      ;
; 0.496 ; bclk_cnt[14] ; bclk_cnt[15] ; AUD_BCLK     ; AUD_BCLK    ; 0.000        ; 0.000      ; 0.648      ;
; 0.497 ; bclk_cnt[9]  ; bclk_cnt[10] ; AUD_BCLK     ; AUD_BCLK    ; 0.000        ; 0.000      ; 0.649      ;
; 0.497 ; bclk_cnt[10] ; bclk_cnt[11] ; AUD_BCLK     ; AUD_BCLK    ; 0.000        ; 0.000      ; 0.649      ;
; 0.497 ; bclk_cnt[16] ; bclk_cnt[17] ; AUD_BCLK     ; AUD_BCLK    ; 0.000        ; 0.000      ; 0.649      ;
; 0.507 ; bclk_cnt[22] ; bclk_cnt[23] ; AUD_BCLK     ; AUD_BCLK    ; 0.000        ; 0.000      ; 0.659      ;
; 0.507 ; bclk_cnt[2]  ; bclk_cnt[3]  ; AUD_BCLK     ; AUD_BCLK    ; 0.000        ; 0.000      ; 0.659      ;
; 0.507 ; bclk_cnt[20] ; bclk_cnt[21] ; AUD_BCLK     ; AUD_BCLK    ; 0.000        ; 0.000      ; 0.659      ;
; 0.507 ; bclk_cnt[1]  ; bclk_cnt[2]  ; AUD_BCLK     ; AUD_BCLK    ; 0.000        ; 0.000      ; 0.659      ;
; 0.509 ; bclk_cnt[4]  ; bclk_cnt[5]  ; AUD_BCLK     ; AUD_BCLK    ; 0.000        ; 0.000      ; 0.661      ;
; 0.509 ; bclk_cnt[6]  ; bclk_cnt[7]  ; AUD_BCLK     ; AUD_BCLK    ; 0.000        ; 0.000      ; 0.661      ;
; 0.509 ; bclk_cnt[15] ; bclk_cnt[16] ; AUD_BCLK     ; AUD_BCLK    ; 0.000        ; 0.000      ; 0.661      ;
; 0.510 ; bclk_cnt[8]  ; bclk_cnt[9]  ; AUD_BCLK     ; AUD_BCLK    ; 0.000        ; 0.000      ; 0.662      ;
; 0.510 ; bclk_cnt[18] ; bclk_cnt[19] ; AUD_BCLK     ; AUD_BCLK    ; 0.000        ; 0.000      ; 0.662      ;
; 0.510 ; bclk_cnt[17] ; bclk_cnt[18] ; AUD_BCLK     ; AUD_BCLK    ; 0.000        ; 0.000      ; 0.662      ;
; 0.526 ; bclk_cnt[12] ; bclk_cnt[14] ; AUD_BCLK     ; AUD_BCLK    ; 0.000        ; 0.000      ; 0.678      ;
; 0.528 ; bclk_cnt[0]  ; bclk_cnt[3]  ; AUD_BCLK     ; AUD_BCLK    ; 0.000        ; 0.000      ; 0.680      ;
; 0.529 ; bclk_cnt[5]  ; bclk_cnt[7]  ; AUD_BCLK     ; AUD_BCLK    ; 0.000        ; 0.000      ; 0.681      ;
; 0.529 ; bclk_cnt[7]  ; bclk_cnt[9]  ; AUD_BCLK     ; AUD_BCLK    ; 0.000        ; 0.000      ; 0.681      ;
; 0.530 ; bclk_cnt[13] ; bclk_cnt[15] ; AUD_BCLK     ; AUD_BCLK    ; 0.000        ; 0.000      ; 0.682      ;
; 0.531 ; bclk_cnt[21] ; bclk_cnt[23] ; AUD_BCLK     ; AUD_BCLK    ; 0.000        ; 0.000      ; 0.683      ;
; 0.531 ; bclk_cnt[14] ; bclk_cnt[16] ; AUD_BCLK     ; AUD_BCLK    ; 0.000        ; 0.000      ; 0.683      ;
; 0.532 ; bclk_cnt[11] ; bclk_cnt[12] ; AUD_BCLK     ; AUD_BCLK    ; 0.000        ; 0.012      ; 0.696      ;
; 0.532 ; bclk_cnt[9]  ; bclk_cnt[11] ; AUD_BCLK     ; AUD_BCLK    ; 0.000        ; 0.000      ; 0.684      ;
; 0.532 ; bclk_cnt[16] ; bclk_cnt[18] ; AUD_BCLK     ; AUD_BCLK    ; 0.000        ; 0.000      ; 0.684      ;
; 0.542 ; bclk_cnt[20] ; bclk_cnt[22] ; AUD_BCLK     ; AUD_BCLK    ; 0.000        ; 0.000      ; 0.694      ;
; 0.542 ; bclk_cnt[1]  ; bclk_cnt[3]  ; AUD_BCLK     ; AUD_BCLK    ; 0.000        ; 0.000      ; 0.694      ;
; 0.544 ; bclk_cnt[4]  ; bclk_cnt[6]  ; AUD_BCLK     ; AUD_BCLK    ; 0.000        ; 0.000      ; 0.696      ;
; 0.544 ; bclk_cnt[6]  ; bclk_cnt[8]  ; AUD_BCLK     ; AUD_BCLK    ; 0.000        ; 0.000      ; 0.696      ;
; 0.544 ; bclk_cnt[15] ; bclk_cnt[17] ; AUD_BCLK     ; AUD_BCLK    ; 0.000        ; 0.000      ; 0.696      ;
; 0.545 ; bclk_cnt[8]  ; bclk_cnt[10] ; AUD_BCLK     ; AUD_BCLK    ; 0.000        ; 0.000      ; 0.697      ;
; 0.545 ; bclk_cnt[17] ; bclk_cnt[19] ; AUD_BCLK     ; AUD_BCLK    ; 0.000        ; 0.000      ; 0.697      ;
; 0.547 ; bclk_cnt[3]  ; bclk_cnt[4]  ; AUD_BCLK     ; AUD_BCLK    ; 0.000        ; 0.000      ; 0.699      ;
; 0.552 ; bclk_cnt[19] ; bclk_cnt[20] ; AUD_BCLK     ; AUD_BCLK    ; 0.000        ; 0.000      ; 0.704      ;
; 0.561 ; bclk_cnt[12] ; bclk_cnt[15] ; AUD_BCLK     ; AUD_BCLK    ; 0.000        ; 0.000      ; 0.713      ;
; 0.564 ; bclk_cnt[5]  ; bclk_cnt[8]  ; AUD_BCLK     ; AUD_BCLK    ; 0.000        ; 0.000      ; 0.716      ;
; 0.564 ; bclk_cnt[7]  ; bclk_cnt[10] ; AUD_BCLK     ; AUD_BCLK    ; 0.000        ; 0.000      ; 0.716      ;
; 0.565 ; bclk_cnt[13] ; bclk_cnt[16] ; AUD_BCLK     ; AUD_BCLK    ; 0.000        ; 0.000      ; 0.717      ;
; 0.566 ; bclk_cnt[14] ; bclk_cnt[17] ; AUD_BCLK     ; AUD_BCLK    ; 0.000        ; 0.000      ; 0.718      ;
; 0.567 ; bclk_cnt[11] ; bclk_cnt[13] ; AUD_BCLK     ; AUD_BCLK    ; 0.000        ; 0.012      ; 0.731      ;
; 0.567 ; bclk_cnt[16] ; bclk_cnt[19] ; AUD_BCLK     ; AUD_BCLK    ; 0.000        ; 0.000      ; 0.719      ;
; 0.572 ; bclk_cnt[10] ; bclk_cnt[12] ; AUD_BCLK     ; AUD_BCLK    ; 0.000        ; 0.012      ; 0.736      ;
; 0.577 ; bclk_cnt[20] ; bclk_cnt[23] ; AUD_BCLK     ; AUD_BCLK    ; 0.000        ; 0.000      ; 0.729      ;
; 0.579 ; bclk_cnt[4]  ; bclk_cnt[7]  ; AUD_BCLK     ; AUD_BCLK    ; 0.000        ; 0.000      ; 0.731      ;
; 0.579 ; bclk_cnt[6]  ; bclk_cnt[9]  ; AUD_BCLK     ; AUD_BCLK    ; 0.000        ; 0.000      ; 0.731      ;
; 0.579 ; bclk_cnt[15] ; bclk_cnt[18] ; AUD_BCLK     ; AUD_BCLK    ; 0.000        ; 0.000      ; 0.731      ;
; 0.580 ; bclk_cnt[8]  ; bclk_cnt[11] ; AUD_BCLK     ; AUD_BCLK    ; 0.000        ; 0.000      ; 0.732      ;
; 0.582 ; bclk_cnt[3]  ; bclk_cnt[5]  ; AUD_BCLK     ; AUD_BCLK    ; 0.000        ; 0.000      ; 0.734      ;
; 0.587 ; bclk_cnt[19] ; bclk_cnt[21] ; AUD_BCLK     ; AUD_BCLK    ; 0.000        ; 0.000      ; 0.739      ;
; 0.596 ; bclk_cnt[12] ; bclk_cnt[16] ; AUD_BCLK     ; AUD_BCLK    ; 0.000        ; 0.000      ; 0.748      ;
; 0.599 ; bclk_cnt[5]  ; bclk_cnt[9]  ; AUD_BCLK     ; AUD_BCLK    ; 0.000        ; 0.000      ; 0.751      ;
; 0.599 ; bclk_cnt[7]  ; bclk_cnt[11] ; AUD_BCLK     ; AUD_BCLK    ; 0.000        ; 0.000      ; 0.751      ;
; 0.600 ; bclk_cnt[13] ; bclk_cnt[17] ; AUD_BCLK     ; AUD_BCLK    ; 0.000        ; 0.000      ; 0.752      ;
; 0.601 ; bclk_cnt[2]  ; bclk_cnt[4]  ; AUD_BCLK     ; AUD_BCLK    ; 0.000        ; 0.000      ; 0.753      ;
; 0.601 ; bclk_cnt[14] ; bclk_cnt[18] ; AUD_BCLK     ; AUD_BCLK    ; 0.000        ; 0.000      ; 0.753      ;
; 0.602 ; bclk_cnt[11] ; bclk_cnt[14] ; AUD_BCLK     ; AUD_BCLK    ; 0.000        ; 0.012      ; 0.766      ;
; 0.604 ; bclk_cnt[18] ; bclk_cnt[20] ; AUD_BCLK     ; AUD_BCLK    ; 0.000        ; 0.000      ; 0.756      ;
; 0.607 ; bclk_cnt[10] ; bclk_cnt[13] ; AUD_BCLK     ; AUD_BCLK    ; 0.000        ; 0.012      ; 0.771      ;
; 0.607 ; bclk_cnt[9]  ; bclk_cnt[12] ; AUD_BCLK     ; AUD_BCLK    ; 0.000        ; 0.012      ; 0.771      ;
; 0.614 ; bclk_cnt[4]  ; bclk_cnt[8]  ; AUD_BCLK     ; AUD_BCLK    ; 0.000        ; 0.000      ; 0.766      ;
; 0.614 ; bclk_cnt[6]  ; bclk_cnt[10] ; AUD_BCLK     ; AUD_BCLK    ; 0.000        ; 0.000      ; 0.766      ;
; 0.614 ; bclk_cnt[15] ; bclk_cnt[19] ; AUD_BCLK     ; AUD_BCLK    ; 0.000        ; 0.000      ; 0.766      ;
; 0.617 ; bclk_cnt[3]  ; bclk_cnt[6]  ; AUD_BCLK     ; AUD_BCLK    ; 0.000        ; 0.000      ; 0.769      ;
; 0.622 ; bclk_cnt[19] ; bclk_cnt[22] ; AUD_BCLK     ; AUD_BCLK    ; 0.000        ; 0.000      ; 0.774      ;
; 0.622 ; bclk_cnt[0]  ; bclk_cnt[4]  ; AUD_BCLK     ; AUD_BCLK    ; 0.000        ; 0.000      ; 0.774      ;
; 0.631 ; bclk_cnt[12] ; bclk_cnt[17] ; AUD_BCLK     ; AUD_BCLK    ; 0.000        ; 0.000      ; 0.783      ;
; 0.634 ; bclk_cnt[5]  ; bclk_cnt[10] ; AUD_BCLK     ; AUD_BCLK    ; 0.000        ; 0.000      ; 0.786      ;
; 0.635 ; bclk_cnt[13] ; bclk_cnt[18] ; AUD_BCLK     ; AUD_BCLK    ; 0.000        ; 0.000      ; 0.787      ;
; 0.636 ; bclk_cnt[2]  ; bclk_cnt[5]  ; AUD_BCLK     ; AUD_BCLK    ; 0.000        ; 0.000      ; 0.788      ;
; 0.636 ; bclk_cnt[14] ; bclk_cnt[19] ; AUD_BCLK     ; AUD_BCLK    ; 0.000        ; 0.000      ; 0.788      ;
+-------+--------------+--------------+--------------+-------------+--------------+------------+------------+


+-----------------------------------------------------------------------------------------------------------+
; Fast Model Hold: 'AUD_DACLRCK'                                                                            ;
+-------+--------------+--------------+--------------+-------------+--------------+------------+------------+
; Slack ; From Node    ; To Node      ; Launch Clock ; Latch Clock ; Relationship ; Clock Skew ; Data Delay ;
+-------+--------------+--------------+--------------+-------------+--------------+------------+------------+
; 0.215 ; lrck_cnt[0]  ; lrck_cnt[0]  ; AUD_DACLRCK  ; AUD_DACLRCK ; 0.000        ; 0.000      ; 0.367      ;
; 0.241 ; lrck_cnt[15] ; lrck_cnt[15] ; AUD_DACLRCK  ; AUD_DACLRCK ; 0.000        ; 0.000      ; 0.393      ;
; 0.356 ; lrck_cnt[1]  ; lrck_cnt[1]  ; AUD_DACLRCK  ; AUD_DACLRCK ; 0.000        ; 0.000      ; 0.508      ;
; 0.356 ; lrck_cnt[14] ; lrck_cnt[14] ; AUD_DACLRCK  ; AUD_DACLRCK ; 0.000        ; 0.000      ; 0.508      ;
; 0.357 ; lrck_cnt[2]  ; lrck_cnt[2]  ; AUD_DACLRCK  ; AUD_DACLRCK ; 0.000        ; 0.000      ; 0.509      ;
; 0.358 ; lrck_cnt[3]  ; lrck_cnt[3]  ; AUD_DACLRCK  ; AUD_DACLRCK ; 0.000        ; 0.000      ; 0.510      ;
; 0.358 ; lrck_cnt[10] ; lrck_cnt[10] ; AUD_DACLRCK  ; AUD_DACLRCK ; 0.000        ; 0.000      ; 0.510      ;
; 0.358 ; lrck_cnt[12] ; lrck_cnt[12] ; AUD_DACLRCK  ; AUD_DACLRCK ; 0.000        ; 0.000      ; 0.510      ;
; 0.359 ; lrck_cnt[5]  ; lrck_cnt[5]  ; AUD_DACLRCK  ; AUD_DACLRCK ; 0.000        ; 0.000      ; 0.511      ;
; 0.359 ; lrck_cnt[8]  ; lrck_cnt[8]  ; AUD_DACLRCK  ; AUD_DACLRCK ; 0.000        ; 0.000      ; 0.511      ;
; 0.365 ; lrck_cnt[7]  ; lrck_cnt[7]  ; AUD_DACLRCK  ; AUD_DACLRCK ; 0.000        ; 0.000      ; 0.517      ;
; 0.369 ; lrck_cnt[9]  ; lrck_cnt[9]  ; AUD_DACLRCK  ; AUD_DACLRCK ; 0.000        ; 0.000      ; 0.521      ;
; 0.369 ; lrck_cnt[11] ; lrck_cnt[11] ; AUD_DACLRCK  ; AUD_DACLRCK ; 0.000        ; 0.000      ; 0.521      ;
; 0.370 ; lrck_cnt[13] ; lrck_cnt[13] ; AUD_DACLRCK  ; AUD_DACLRCK ; 0.000        ; 0.000      ; 0.522      ;
; 0.435 ; lrck_cnt[0]  ; lrck_cnt[1]  ; AUD_DACLRCK  ; AUD_DACLRCK ; 0.000        ; 0.000      ; 0.587      ;
; 0.438 ; lrck_cnt[4]  ; lrck_cnt[4]  ; AUD_DACLRCK  ; AUD_DACLRCK ; 0.000        ; 0.000      ; 0.590      ;
; 0.438 ; lrck_cnt[6]  ; lrck_cnt[6]  ; AUD_DACLRCK  ; AUD_DACLRCK ; 0.000        ; 0.000      ; 0.590      ;
; 0.491 ; lrck_cnt[1]  ; lrck_cnt[2]  ; AUD_DACLRCK  ; AUD_DACLRCK ; 0.000        ; 0.000      ; 0.643      ;
; 0.494 ; lrck_cnt[14] ; lrck_cnt[15] ; AUD_DACLRCK  ; AUD_DACLRCK ; 0.000        ; 0.000      ; 0.646      ;
; 0.495 ; lrck_cnt[2]  ; lrck_cnt[3]  ; AUD_DACLRCK  ; AUD_DACLRCK ; 0.000        ; 0.000      ; 0.647      ;
; 0.496 ; lrck_cnt[10] ; lrck_cnt[11] ; AUD_DACLRCK  ; AUD_DACLRCK ; 0.000        ; 0.000      ; 0.648      ;
; 0.496 ; lrck_cnt[12] ; lrck_cnt[13] ; AUD_DACLRCK  ; AUD_DACLRCK ; 0.000        ; 0.000      ; 0.648      ;
; 0.496 ; lrck_cnt[3]  ; lrck_cnt[4]  ; AUD_DACLRCK  ; AUD_DACLRCK ; 0.000        ; 0.000      ; 0.648      ;
; 0.497 ; lrck_cnt[5]  ; lrck_cnt[6]  ; AUD_DACLRCK  ; AUD_DACLRCK ; 0.000        ; 0.000      ; 0.649      ;
; 0.505 ; lrck_cnt[7]  ; lrck_cnt[8]  ; AUD_DACLRCK  ; AUD_DACLRCK ; 0.000        ; 0.000      ; 0.657      ;
; 0.509 ; lrck_cnt[9]  ; lrck_cnt[10] ; AUD_DACLRCK  ; AUD_DACLRCK ; 0.000        ; 0.000      ; 0.661      ;
; 0.509 ; lrck_cnt[11] ; lrck_cnt[12] ; AUD_DACLRCK  ; AUD_DACLRCK ; 0.000        ; 0.000      ; 0.661      ;
; 0.510 ; lrck_cnt[13] ; lrck_cnt[14] ; AUD_DACLRCK  ; AUD_DACLRCK ; 0.000        ; 0.000      ; 0.662      ;
; 0.526 ; lrck_cnt[1]  ; lrck_cnt[3]  ; AUD_DACLRCK  ; AUD_DACLRCK ; 0.000        ; 0.000      ; 0.678      ;
; 0.530 ; lrck_cnt[2]  ; lrck_cnt[4]  ; AUD_DACLRCK  ; AUD_DACLRCK ; 0.000        ; 0.000      ; 0.682      ;
; 0.531 ; lrck_cnt[3]  ; lrck_cnt[5]  ; AUD_DACLRCK  ; AUD_DACLRCK ; 0.000        ; 0.000      ; 0.683      ;
; 0.531 ; lrck_cnt[10] ; lrck_cnt[12] ; AUD_DACLRCK  ; AUD_DACLRCK ; 0.000        ; 0.000      ; 0.683      ;
; 0.531 ; lrck_cnt[12] ; lrck_cnt[14] ; AUD_DACLRCK  ; AUD_DACLRCK ; 0.000        ; 0.000      ; 0.683      ;
; 0.532 ; lrck_cnt[5]  ; lrck_cnt[7]  ; AUD_DACLRCK  ; AUD_DACLRCK ; 0.000        ; 0.000      ; 0.684      ;
; 0.544 ; lrck_cnt[9]  ; lrck_cnt[11] ; AUD_DACLRCK  ; AUD_DACLRCK ; 0.000        ; 0.000      ; 0.696      ;
; 0.544 ; lrck_cnt[11] ; lrck_cnt[13] ; AUD_DACLRCK  ; AUD_DACLRCK ; 0.000        ; 0.000      ; 0.696      ;
; 0.545 ; lrck_cnt[13] ; lrck_cnt[15] ; AUD_DACLRCK  ; AUD_DACLRCK ; 0.000        ; 0.000      ; 0.697      ;
; 0.552 ; lrck_cnt[8]  ; lrck_cnt[9]  ; AUD_DACLRCK  ; AUD_DACLRCK ; 0.000        ; 0.000      ; 0.704      ;
; 0.561 ; lrck_cnt[1]  ; lrck_cnt[4]  ; AUD_DACLRCK  ; AUD_DACLRCK ; 0.000        ; 0.000      ; 0.713      ;
; 0.565 ; lrck_cnt[2]  ; lrck_cnt[5]  ; AUD_DACLRCK  ; AUD_DACLRCK ; 0.000        ; 0.000      ; 0.717      ;
; 0.566 ; lrck_cnt[3]  ; lrck_cnt[6]  ; AUD_DACLRCK  ; AUD_DACLRCK ; 0.000        ; 0.000      ; 0.718      ;
; 0.566 ; lrck_cnt[10] ; lrck_cnt[13] ; AUD_DACLRCK  ; AUD_DACLRCK ; 0.000        ; 0.000      ; 0.718      ;
; 0.566 ; lrck_cnt[12] ; lrck_cnt[15] ; AUD_DACLRCK  ; AUD_DACLRCK ; 0.000        ; 0.000      ; 0.718      ;
; 0.567 ; lrck_cnt[5]  ; lrck_cnt[8]  ; AUD_DACLRCK  ; AUD_DACLRCK ; 0.000        ; 0.000      ; 0.719      ;
; 0.575 ; lrck_cnt[0]  ; lrck_cnt[2]  ; AUD_DACLRCK  ; AUD_DACLRCK ; 0.000        ; 0.000      ; 0.727      ;
; 0.576 ; lrck_cnt[4]  ; lrck_cnt[5]  ; AUD_DACLRCK  ; AUD_DACLRCK ; 0.000        ; 0.000      ; 0.728      ;
; 0.576 ; lrck_cnt[6]  ; lrck_cnt[7]  ; AUD_DACLRCK  ; AUD_DACLRCK ; 0.000        ; 0.000      ; 0.728      ;
; 0.579 ; lrck_cnt[9]  ; lrck_cnt[12] ; AUD_DACLRCK  ; AUD_DACLRCK ; 0.000        ; 0.000      ; 0.731      ;
; 0.579 ; lrck_cnt[11] ; lrck_cnt[14] ; AUD_DACLRCK  ; AUD_DACLRCK ; 0.000        ; 0.000      ; 0.731      ;
; 0.587 ; lrck_cnt[8]  ; lrck_cnt[10] ; AUD_DACLRCK  ; AUD_DACLRCK ; 0.000        ; 0.000      ; 0.739      ;
; 0.596 ; lrck_cnt[1]  ; lrck_cnt[5]  ; AUD_DACLRCK  ; AUD_DACLRCK ; 0.000        ; 0.000      ; 0.748      ;
; 0.599 ; lrck_cnt[7]  ; lrck_cnt[9]  ; AUD_DACLRCK  ; AUD_DACLRCK ; 0.000        ; 0.000      ; 0.751      ;
; 0.600 ; lrck_cnt[2]  ; lrck_cnt[6]  ; AUD_DACLRCK  ; AUD_DACLRCK ; 0.000        ; 0.000      ; 0.752      ;
; 0.601 ; lrck_cnt[3]  ; lrck_cnt[7]  ; AUD_DACLRCK  ; AUD_DACLRCK ; 0.000        ; 0.000      ; 0.753      ;
; 0.601 ; lrck_cnt[10] ; lrck_cnt[14] ; AUD_DACLRCK  ; AUD_DACLRCK ; 0.000        ; 0.000      ; 0.753      ;
; 0.610 ; lrck_cnt[0]  ; lrck_cnt[3]  ; AUD_DACLRCK  ; AUD_DACLRCK ; 0.000        ; 0.000      ; 0.762      ;
; 0.611 ; lrck_cnt[4]  ; lrck_cnt[6]  ; AUD_DACLRCK  ; AUD_DACLRCK ; 0.000        ; 0.000      ; 0.763      ;
; 0.611 ; lrck_cnt[6]  ; lrck_cnt[8]  ; AUD_DACLRCK  ; AUD_DACLRCK ; 0.000        ; 0.000      ; 0.763      ;
; 0.614 ; lrck_cnt[9]  ; lrck_cnt[13] ; AUD_DACLRCK  ; AUD_DACLRCK ; 0.000        ; 0.000      ; 0.766      ;
; 0.614 ; lrck_cnt[11] ; lrck_cnt[15] ; AUD_DACLRCK  ; AUD_DACLRCK ; 0.000        ; 0.000      ; 0.766      ;
; 0.622 ; lrck_cnt[8]  ; lrck_cnt[11] ; AUD_DACLRCK  ; AUD_DACLRCK ; 0.000        ; 0.000      ; 0.774      ;
; 0.631 ; lrck_cnt[1]  ; lrck_cnt[6]  ; AUD_DACLRCK  ; AUD_DACLRCK ; 0.000        ; 0.000      ; 0.783      ;
; 0.634 ; lrck_cnt[7]  ; lrck_cnt[10] ; AUD_DACLRCK  ; AUD_DACLRCK ; 0.000        ; 0.000      ; 0.786      ;
; 0.635 ; lrck_cnt[2]  ; lrck_cnt[7]  ; AUD_DACLRCK  ; AUD_DACLRCK ; 0.000        ; 0.000      ; 0.787      ;
; 0.636 ; lrck_cnt[3]  ; lrck_cnt[8]  ; AUD_DACLRCK  ; AUD_DACLRCK ; 0.000        ; 0.000      ; 0.788      ;
; 0.636 ; lrck_cnt[10] ; lrck_cnt[15] ; AUD_DACLRCK  ; AUD_DACLRCK ; 0.000        ; 0.000      ; 0.788      ;
; 0.645 ; lrck_cnt[0]  ; lrck_cnt[4]  ; AUD_DACLRCK  ; AUD_DACLRCK ; 0.000        ; 0.000      ; 0.797      ;
; 0.646 ; lrck_cnt[4]  ; lrck_cnt[7]  ; AUD_DACLRCK  ; AUD_DACLRCK ; 0.000        ; 0.000      ; 0.798      ;
; 0.649 ; lrck_cnt[9]  ; lrck_cnt[14] ; AUD_DACLRCK  ; AUD_DACLRCK ; 0.000        ; 0.000      ; 0.801      ;
; 0.657 ; lrck_cnt[8]  ; lrck_cnt[12] ; AUD_DACLRCK  ; AUD_DACLRCK ; 0.000        ; 0.000      ; 0.809      ;
; 0.661 ; lrck_cnt[5]  ; lrck_cnt[9]  ; AUD_DACLRCK  ; AUD_DACLRCK ; 0.000        ; 0.000      ; 0.813      ;
; 0.666 ; lrck_cnt[1]  ; lrck_cnt[7]  ; AUD_DACLRCK  ; AUD_DACLRCK ; 0.000        ; 0.000      ; 0.818      ;
; 0.669 ; lrck_cnt[7]  ; lrck_cnt[11] ; AUD_DACLRCK  ; AUD_DACLRCK ; 0.000        ; 0.000      ; 0.821      ;
; 0.670 ; lrck_cnt[2]  ; lrck_cnt[8]  ; AUD_DACLRCK  ; AUD_DACLRCK ; 0.000        ; 0.000      ; 0.822      ;
; 0.680 ; lrck_cnt[0]  ; lrck_cnt[5]  ; AUD_DACLRCK  ; AUD_DACLRCK ; 0.000        ; 0.000      ; 0.832      ;
; 0.681 ; lrck_cnt[4]  ; lrck_cnt[8]  ; AUD_DACLRCK  ; AUD_DACLRCK ; 0.000        ; 0.000      ; 0.833      ;
; 0.684 ; lrck_cnt[9]  ; lrck_cnt[15] ; AUD_DACLRCK  ; AUD_DACLRCK ; 0.000        ; 0.000      ; 0.836      ;
; 0.692 ; lrck_cnt[8]  ; lrck_cnt[13] ; AUD_DACLRCK  ; AUD_DACLRCK ; 0.000        ; 0.000      ; 0.844      ;
; 0.696 ; lrck_cnt[5]  ; lrck_cnt[10] ; AUD_DACLRCK  ; AUD_DACLRCK ; 0.000        ; 0.000      ; 0.848      ;
; 0.701 ; lrck_cnt[1]  ; lrck_cnt[8]  ; AUD_DACLRCK  ; AUD_DACLRCK ; 0.000        ; 0.000      ; 0.853      ;
; 0.704 ; lrck_cnt[7]  ; lrck_cnt[12] ; AUD_DACLRCK  ; AUD_DACLRCK ; 0.000        ; 0.000      ; 0.856      ;
; 0.705 ; lrck_cnt[6]  ; lrck_cnt[9]  ; AUD_DACLRCK  ; AUD_DACLRCK ; 0.000        ; 0.000      ; 0.857      ;
; 0.715 ; lrck_cnt[0]  ; lrck_cnt[6]  ; AUD_DACLRCK  ; AUD_DACLRCK ; 0.000        ; 0.000      ; 0.867      ;
; 0.727 ; lrck_cnt[8]  ; lrck_cnt[14] ; AUD_DACLRCK  ; AUD_DACLRCK ; 0.000        ; 0.000      ; 0.879      ;
; 0.730 ; lrck_cnt[3]  ; lrck_cnt[9]  ; AUD_DACLRCK  ; AUD_DACLRCK ; 0.000        ; 0.000      ; 0.882      ;
; 0.731 ; lrck_cnt[5]  ; lrck_cnt[11] ; AUD_DACLRCK  ; AUD_DACLRCK ; 0.000        ; 0.000      ; 0.883      ;
; 0.739 ; lrck_cnt[7]  ; lrck_cnt[13] ; AUD_DACLRCK  ; AUD_DACLRCK ; 0.000        ; 0.000      ; 0.891      ;
; 0.740 ; lrck_cnt[6]  ; lrck_cnt[10] ; AUD_DACLRCK  ; AUD_DACLRCK ; 0.000        ; 0.000      ; 0.892      ;
; 0.750 ; lrck_cnt[0]  ; lrck_cnt[7]  ; AUD_DACLRCK  ; AUD_DACLRCK ; 0.000        ; 0.000      ; 0.902      ;
; 0.762 ; lrck_cnt[8]  ; lrck_cnt[15] ; AUD_DACLRCK  ; AUD_DACLRCK ; 0.000        ; 0.000      ; 0.914      ;
; 0.764 ; lrck_cnt[2]  ; lrck_cnt[9]  ; AUD_DACLRCK  ; AUD_DACLRCK ; 0.000        ; 0.000      ; 0.916      ;
; 0.765 ; lrck_cnt[3]  ; lrck_cnt[10] ; AUD_DACLRCK  ; AUD_DACLRCK ; 0.000        ; 0.000      ; 0.917      ;
; 0.766 ; lrck_cnt[5]  ; lrck_cnt[12] ; AUD_DACLRCK  ; AUD_DACLRCK ; 0.000        ; 0.000      ; 0.918      ;
; 0.774 ; lrck_cnt[7]  ; lrck_cnt[14] ; AUD_DACLRCK  ; AUD_DACLRCK ; 0.000        ; 0.000      ; 0.926      ;
; 0.775 ; lrck_cnt[4]  ; lrck_cnt[9]  ; AUD_DACLRCK  ; AUD_DACLRCK ; 0.000        ; 0.000      ; 0.927      ;
; 0.775 ; lrck_cnt[6]  ; lrck_cnt[11] ; AUD_DACLRCK  ; AUD_DACLRCK ; 0.000        ; 0.000      ; 0.927      ;
; 0.785 ; lrck_cnt[0]  ; lrck_cnt[8]  ; AUD_DACLRCK  ; AUD_DACLRCK ; 0.000        ; 0.000      ; 0.937      ;
; 0.795 ; lrck_cnt[1]  ; lrck_cnt[9]  ; AUD_DACLRCK  ; AUD_DACLRCK ; 0.000        ; 0.000      ; 0.947      ;
; 0.799 ; lrck_cnt[2]  ; lrck_cnt[10] ; AUD_DACLRCK  ; AUD_DACLRCK ; 0.000        ; 0.000      ; 0.951      ;
; 0.800 ; lrck_cnt[3]  ; lrck_cnt[11] ; AUD_DACLRCK  ; AUD_DACLRCK ; 0.000        ; 0.000      ; 0.952      ;
+-------+--------------+--------------+--------------+-------------+--------------+------------+------------+


+----------------------------------------------------------------------------------------------------------------------------+
; Fast Model Recovery: 'AUD_BCLK'                                                                                            ;
+--------+------------------------------+--------------+--------------+-------------+--------------+------------+------------+
; Slack  ; From Node                    ; To Node      ; Launch Clock ; Latch Clock ; Relationship ; Clock Skew ; Data Delay ;
+--------+------------------------------+--------------+--------------+-------------+--------------+------------+------------+
; -1.128 ; audio_pll:u_audio_pll|locked ; bclk_cnt[0]  ; CLOCK_50     ; AUD_BCLK    ; 1.000        ; -0.370     ; 1.790      ;
; -1.128 ; audio_pll:u_audio_pll|locked ; bclk_cnt[1]  ; CLOCK_50     ; AUD_BCLK    ; 1.000        ; -0.370     ; 1.790      ;
; -1.128 ; audio_pll:u_audio_pll|locked ; bclk_cnt[2]  ; CLOCK_50     ; AUD_BCLK    ; 1.000        ; -0.370     ; 1.790      ;
; -1.128 ; audio_pll:u_audio_pll|locked ; bclk_cnt[3]  ; CLOCK_50     ; AUD_BCLK    ; 1.000        ; -0.370     ; 1.790      ;
; -1.128 ; audio_pll:u_audio_pll|locked ; bclk_cnt[4]  ; CLOCK_50     ; AUD_BCLK    ; 1.000        ; -0.370     ; 1.790      ;
; -1.128 ; audio_pll:u_audio_pll|locked ; bclk_cnt[5]  ; CLOCK_50     ; AUD_BCLK    ; 1.000        ; -0.370     ; 1.790      ;
; -1.128 ; audio_pll:u_audio_pll|locked ; bclk_cnt[6]  ; CLOCK_50     ; AUD_BCLK    ; 1.000        ; -0.370     ; 1.790      ;
; -1.128 ; audio_pll:u_audio_pll|locked ; bclk_cnt[7]  ; CLOCK_50     ; AUD_BCLK    ; 1.000        ; -0.370     ; 1.790      ;
; -1.128 ; audio_pll:u_audio_pll|locked ; bclk_cnt[8]  ; CLOCK_50     ; AUD_BCLK    ; 1.000        ; -0.370     ; 1.790      ;
; -1.128 ; audio_pll:u_audio_pll|locked ; bclk_cnt[9]  ; CLOCK_50     ; AUD_BCLK    ; 1.000        ; -0.370     ; 1.790      ;
; -1.128 ; audio_pll:u_audio_pll|locked ; bclk_cnt[10] ; CLOCK_50     ; AUD_BCLK    ; 1.000        ; -0.370     ; 1.790      ;
; -1.128 ; audio_pll:u_audio_pll|locked ; bclk_cnt[11] ; CLOCK_50     ; AUD_BCLK    ; 1.000        ; -0.370     ; 1.790      ;
; -1.115 ; audio_pll:u_audio_pll|locked ; bclk_cnt[12] ; CLOCK_50     ; AUD_BCLK    ; 1.000        ; -0.358     ; 1.789      ;
; -1.115 ; audio_pll:u_audio_pll|locked ; bclk_cnt[13] ; CLOCK_50     ; AUD_BCLK    ; 1.000        ; -0.358     ; 1.789      ;
; -1.115 ; audio_pll:u_audio_pll|locked ; bclk_cnt[14] ; CLOCK_50     ; AUD_BCLK    ; 1.000        ; -0.358     ; 1.789      ;
; -1.115 ; audio_pll:u_audio_pll|locked ; bclk_cnt[15] ; CLOCK_50     ; AUD_BCLK    ; 1.000        ; -0.358     ; 1.789      ;
; -1.115 ; audio_pll:u_audio_pll|locked ; bclk_cnt[16] ; CLOCK_50     ; AUD_BCLK    ; 1.000        ; -0.358     ; 1.789      ;
; -1.115 ; audio_pll:u_audio_pll|locked ; bclk_cnt[17] ; CLOCK_50     ; AUD_BCLK    ; 1.000        ; -0.358     ; 1.789      ;
; -1.115 ; audio_pll:u_audio_pll|locked ; bclk_cnt[18] ; CLOCK_50     ; AUD_BCLK    ; 1.000        ; -0.358     ; 1.789      ;
; -1.115 ; audio_pll:u_audio_pll|locked ; bclk_cnt[19] ; CLOCK_50     ; AUD_BCLK    ; 1.000        ; -0.358     ; 1.789      ;
; -1.115 ; audio_pll:u_audio_pll|locked ; bclk_cnt[20] ; CLOCK_50     ; AUD_BCLK    ; 1.000        ; -0.358     ; 1.789      ;
; -1.115 ; audio_pll:u_audio_pll|locked ; bclk_cnt[21] ; CLOCK_50     ; AUD_BCLK    ; 1.000        ; -0.358     ; 1.789      ;
; -1.115 ; audio_pll:u_audio_pll|locked ; bclk_cnt[22] ; CLOCK_50     ; AUD_BCLK    ; 1.000        ; -0.358     ; 1.789      ;
; -1.115 ; audio_pll:u_audio_pll|locked ; bclk_cnt[23] ; CLOCK_50     ; AUD_BCLK    ; 1.000        ; -0.358     ; 1.789      ;
+--------+------------------------------+--------------+--------------+-------------+--------------+------------+------------+


+----------------------------------------------------------------------------------------------------------------------------+
; Fast Model Recovery: 'AUD_DACLRCK'                                                                                         ;
+--------+------------------------------+--------------+--------------+-------------+--------------+------------+------------+
; Slack  ; From Node                    ; To Node      ; Launch Clock ; Latch Clock ; Relationship ; Clock Skew ; Data Delay ;
+--------+------------------------------+--------------+--------------+-------------+--------------+------------+------------+
; -1.100 ; audio_pll:u_audio_pll|locked ; lrck_cnt[0]  ; CLOCK_50     ; AUD_DACLRCK ; 1.000        ; -0.344     ; 1.788      ;
; -1.100 ; audio_pll:u_audio_pll|locked ; lrck_cnt[1]  ; CLOCK_50     ; AUD_DACLRCK ; 1.000        ; -0.344     ; 1.788      ;
; -1.100 ; audio_pll:u_audio_pll|locked ; lrck_cnt[2]  ; CLOCK_50     ; AUD_DACLRCK ; 1.000        ; -0.344     ; 1.788      ;
; -1.100 ; audio_pll:u_audio_pll|locked ; lrck_cnt[3]  ; CLOCK_50     ; AUD_DACLRCK ; 1.000        ; -0.344     ; 1.788      ;
; -1.100 ; audio_pll:u_audio_pll|locked ; lrck_cnt[4]  ; CLOCK_50     ; AUD_DACLRCK ; 1.000        ; -0.344     ; 1.788      ;
; -1.100 ; audio_pll:u_audio_pll|locked ; lrck_cnt[5]  ; CLOCK_50     ; AUD_DACLRCK ; 1.000        ; -0.344     ; 1.788      ;
; -1.100 ; audio_pll:u_audio_pll|locked ; lrck_cnt[6]  ; CLOCK_50     ; AUD_DACLRCK ; 1.000        ; -0.344     ; 1.788      ;
; -1.100 ; audio_pll:u_audio_pll|locked ; lrck_cnt[7]  ; CLOCK_50     ; AUD_DACLRCK ; 1.000        ; -0.344     ; 1.788      ;
; -1.100 ; audio_pll:u_audio_pll|locked ; lrck_cnt[8]  ; CLOCK_50     ; AUD_DACLRCK ; 1.000        ; -0.344     ; 1.788      ;
; -1.100 ; audio_pll:u_audio_pll|locked ; lrck_cnt[9]  ; CLOCK_50     ; AUD_DACLRCK ; 1.000        ; -0.344     ; 1.788      ;
; -1.100 ; audio_pll:u_audio_pll|locked ; lrck_cnt[10] ; CLOCK_50     ; AUD_DACLRCK ; 1.000        ; -0.344     ; 1.788      ;
; -1.100 ; audio_pll:u_audio_pll|locked ; lrck_cnt[11] ; CLOCK_50     ; AUD_DACLRCK ; 1.000        ; -0.344     ; 1.788      ;
; -1.100 ; audio_pll:u_audio_pll|locked ; lrck_cnt[12] ; CLOCK_50     ; AUD_DACLRCK ; 1.000        ; -0.344     ; 1.788      ;
; -1.100 ; audio_pll:u_audio_pll|locked ; lrck_cnt[13] ; CLOCK_50     ; AUD_DACLRCK ; 1.000        ; -0.344     ; 1.788      ;
; -1.100 ; audio_pll:u_audio_pll|locked ; lrck_cnt[14] ; CLOCK_50     ; AUD_DACLRCK ; 1.000        ; -0.344     ; 1.788      ;
; -1.100 ; audio_pll:u_audio_pll|locked ; lrck_cnt[15] ; CLOCK_50     ; AUD_DACLRCK ; 1.000        ; -0.344     ; 1.788      ;
+--------+------------------------------+--------------+--------------+-------------+--------------+------------+------------+


+-----------------------------------------------------------------------------------------------------------------------------------------------------+
; Fast Model Recovery: 'CLOCK_50'                                                                                                                     ;
+--------+------------------------------+---------------------------------------+--------------+-------------+--------------+------------+------------+
; Slack  ; From Node                    ; To Node                               ; Launch Clock ; Latch Clock ; Relationship ; Clock Skew ; Data Delay ;
+--------+------------------------------+---------------------------------------+--------------+-------------+--------------+------------+------------+
; -0.999 ; audio_pll:u_audio_pll|locked ; i2s_receiver:u_i2s_rx|left_data[0]    ; CLOCK_50     ; CLOCK_50    ; 1.000        ; 0.038      ; 2.012      ;
; -0.999 ; audio_pll:u_audio_pll|locked ; i2s_receiver:u_i2s_rx|left_data[1]    ; CLOCK_50     ; CLOCK_50    ; 1.000        ; 0.038      ; 2.012      ;
; -0.999 ; audio_pll:u_audio_pll|locked ; i2s_receiver:u_i2s_rx|left_data[2]    ; CLOCK_50     ; CLOCK_50    ; 1.000        ; 0.038      ; 2.012      ;
; -0.999 ; audio_pll:u_audio_pll|locked ; i2s_receiver:u_i2s_rx|left_data[3]    ; CLOCK_50     ; CLOCK_50    ; 1.000        ; 0.038      ; 2.012      ;
; -0.999 ; audio_pll:u_audio_pll|locked ; i2s_receiver:u_i2s_rx|left_data[4]    ; CLOCK_50     ; CLOCK_50    ; 1.000        ; 0.038      ; 2.012      ;
; -0.999 ; audio_pll:u_audio_pll|locked ; i2s_receiver:u_i2s_rx|left_data[5]    ; CLOCK_50     ; CLOCK_50    ; 1.000        ; 0.038      ; 2.012      ;
; -0.999 ; audio_pll:u_audio_pll|locked ; i2s_receiver:u_i2s_rx|left_data[6]    ; CLOCK_50     ; CLOCK_50    ; 1.000        ; 0.038      ; 2.012      ;
; -0.999 ; audio_pll:u_audio_pll|locked ; i2s_receiver:u_i2s_rx|left_data[7]    ; CLOCK_50     ; CLOCK_50    ; 1.000        ; 0.038      ; 2.012      ;
; -0.999 ; audio_pll:u_audio_pll|locked ; i2s_receiver:u_i2s_rx|left_data[8]    ; CLOCK_50     ; CLOCK_50    ; 1.000        ; 0.038      ; 2.012      ;
; -0.999 ; audio_pll:u_audio_pll|locked ; i2s_receiver:u_i2s_rx|left_data[9]    ; CLOCK_50     ; CLOCK_50    ; 1.000        ; 0.038      ; 2.012      ;
; -0.999 ; audio_pll:u_audio_pll|locked ; i2s_receiver:u_i2s_rx|left_data[10]   ; CLOCK_50     ; CLOCK_50    ; 1.000        ; 0.038      ; 2.012      ;
; -0.999 ; audio_pll:u_audio_pll|locked ; i2s_receiver:u_i2s_rx|left_data[11]   ; CLOCK_50     ; CLOCK_50    ; 1.000        ; 0.038      ; 2.012      ;
; -0.999 ; audio_pll:u_audio_pll|locked ; i2s_receiver:u_i2s_rx|left_data[12]   ; CLOCK_50     ; CLOCK_50    ; 1.000        ; 0.038      ; 2.012      ;
; -0.999 ; audio_pll:u_audio_pll|locked ; i2s_receiver:u_i2s_rx|left_data[13]   ; CLOCK_50     ; CLOCK_50    ; 1.000        ; 0.038      ; 2.012      ;
; -0.999 ; audio_pll:u_audio_pll|locked ; i2s_receiver:u_i2s_rx|left_data[14]   ; CLOCK_50     ; CLOCK_50    ; 1.000        ; 0.038      ; 2.012      ;
; -0.999 ; audio_pll:u_audio_pll|locked ; i2s_receiver:u_i2s_rx|left_data[15]   ; CLOCK_50     ; CLOCK_50    ; 1.000        ; 0.038      ; 2.012      ;
; -0.999 ; audio_pll:u_audio_pll|locked ; i2s_receiver:u_i2s_rx|right_data[0]   ; CLOCK_50     ; CLOCK_50    ; 1.000        ; 0.037      ; 2.011      ;
; -0.999 ; audio_pll:u_audio_pll|locked ; i2s_receiver:u_i2s_rx|right_data[1]   ; CLOCK_50     ; CLOCK_50    ; 1.000        ; 0.037      ; 2.011      ;
; -0.999 ; audio_pll:u_audio_pll|locked ; i2s_receiver:u_i2s_rx|right_data[2]   ; CLOCK_50     ; CLOCK_50    ; 1.000        ; 0.037      ; 2.011      ;
; -0.999 ; audio_pll:u_audio_pll|locked ; i2s_receiver:u_i2s_rx|right_data[3]   ; CLOCK_50     ; CLOCK_50    ; 1.000        ; 0.037      ; 2.011      ;
; -0.999 ; audio_pll:u_audio_pll|locked ; i2s_receiver:u_i2s_rx|right_data[4]   ; CLOCK_50     ; CLOCK_50    ; 1.000        ; 0.037      ; 2.011      ;
; -0.999 ; audio_pll:u_audio_pll|locked ; i2s_receiver:u_i2s_rx|right_data[5]   ; CLOCK_50     ; CLOCK_50    ; 1.000        ; 0.037      ; 2.011      ;
; -0.999 ; audio_pll:u_audio_pll|locked ; i2s_receiver:u_i2s_rx|right_data[6]   ; CLOCK_50     ; CLOCK_50    ; 1.000        ; 0.037      ; 2.011      ;
; -0.999 ; audio_pll:u_audio_pll|locked ; i2s_receiver:u_i2s_rx|right_data[7]   ; CLOCK_50     ; CLOCK_50    ; 1.000        ; 0.037      ; 2.011      ;
; -0.999 ; audio_pll:u_audio_pll|locked ; i2s_receiver:u_i2s_rx|right_data[8]   ; CLOCK_50     ; CLOCK_50    ; 1.000        ; 0.037      ; 2.011      ;
; -0.999 ; audio_pll:u_audio_pll|locked ; i2s_receiver:u_i2s_rx|right_data[9]   ; CLOCK_50     ; CLOCK_50    ; 1.000        ; 0.037      ; 2.011      ;
; -0.999 ; audio_pll:u_audio_pll|locked ; i2s_receiver:u_i2s_rx|right_data[10]  ; CLOCK_50     ; CLOCK_50    ; 1.000        ; 0.037      ; 2.011      ;
; -0.999 ; audio_pll:u_audio_pll|locked ; i2s_receiver:u_i2s_rx|right_data[11]  ; CLOCK_50     ; CLOCK_50    ; 1.000        ; 0.037      ; 2.011      ;
; -0.999 ; audio_pll:u_audio_pll|locked ; i2s_receiver:u_i2s_rx|right_data[12]  ; CLOCK_50     ; CLOCK_50    ; 1.000        ; 0.037      ; 2.011      ;
; -0.999 ; audio_pll:u_audio_pll|locked ; i2s_receiver:u_i2s_rx|right_data[13]  ; CLOCK_50     ; CLOCK_50    ; 1.000        ; 0.037      ; 2.011      ;
; -0.999 ; audio_pll:u_audio_pll|locked ; i2s_receiver:u_i2s_rx|right_data[14]  ; CLOCK_50     ; CLOCK_50    ; 1.000        ; 0.037      ; 2.011      ;
; -0.999 ; audio_pll:u_audio_pll|locked ; i2s_receiver:u_i2s_rx|right_data[15]  ; CLOCK_50     ; CLOCK_50    ; 1.000        ; 0.037      ; 2.011      ;
; -0.770 ; audio_pll:u_audio_pll|locked ; i2s_transmitter:u_i2s_tx|lr_r3        ; CLOCK_50     ; CLOCK_50    ; 1.000        ; -0.007     ; 1.795      ;
; -0.770 ; audio_pll:u_audio_pll|locked ; i2s_transmitter:u_i2s_tx|tx_shift[1]  ; CLOCK_50     ; CLOCK_50    ; 1.000        ; -0.008     ; 1.794      ;
; -0.770 ; audio_pll:u_audio_pll|locked ; i2s_transmitter:u_i2s_tx|tx_shift[2]  ; CLOCK_50     ; CLOCK_50    ; 1.000        ; -0.008     ; 1.794      ;
; -0.770 ; audio_pll:u_audio_pll|locked ; i2s_transmitter:u_i2s_tx|tx_shift[4]  ; CLOCK_50     ; CLOCK_50    ; 1.000        ; -0.008     ; 1.794      ;
; -0.770 ; audio_pll:u_audio_pll|locked ; i2s_transmitter:u_i2s_tx|tx_shift[5]  ; CLOCK_50     ; CLOCK_50    ; 1.000        ; -0.008     ; 1.794      ;
; -0.770 ; audio_pll:u_audio_pll|locked ; i2s_transmitter:u_i2s_tx|tx_shift[15] ; CLOCK_50     ; CLOCK_50    ; 1.000        ; -0.008     ; 1.794      ;
; -0.769 ; audio_pll:u_audio_pll|locked ; i2s_transmitter:u_i2s_tx|lr_r1        ; CLOCK_50     ; CLOCK_50    ; 1.000        ; -0.012     ; 1.789      ;
; -0.769 ; audio_pll:u_audio_pll|locked ; i2s_receiver:u_i2s_rx|left_buf[14]    ; CLOCK_50     ; CLOCK_50    ; 1.000        ; -0.012     ; 1.789      ;
; -0.769 ; audio_pll:u_audio_pll|locked ; i2s_receiver:u_i2s_rx|left_buf[13]    ; CLOCK_50     ; CLOCK_50    ; 1.000        ; -0.012     ; 1.789      ;
; -0.769 ; audio_pll:u_audio_pll|locked ; i2s_receiver:u_i2s_rx|left_buf[12]    ; CLOCK_50     ; CLOCK_50    ; 1.000        ; -0.012     ; 1.789      ;
; -0.769 ; audio_pll:u_audio_pll|locked ; i2s_receiver:u_i2s_rx|left_buf[11]    ; CLOCK_50     ; CLOCK_50    ; 1.000        ; -0.012     ; 1.789      ;
; -0.769 ; audio_pll:u_audio_pll|locked ; i2s_receiver:u_i2s_rx|left_buf[10]    ; CLOCK_50     ; CLOCK_50    ; 1.000        ; -0.012     ; 1.789      ;
; -0.769 ; audio_pll:u_audio_pll|locked ; i2s_receiver:u_i2s_rx|left_buf[9]     ; CLOCK_50     ; CLOCK_50    ; 1.000        ; -0.012     ; 1.789      ;
; -0.769 ; audio_pll:u_audio_pll|locked ; i2s_receiver:u_i2s_rx|left_buf[8]     ; CLOCK_50     ; CLOCK_50    ; 1.000        ; -0.012     ; 1.789      ;
; -0.769 ; audio_pll:u_audio_pll|locked ; i2s_receiver:u_i2s_rx|left_buf[7]     ; CLOCK_50     ; CLOCK_50    ; 1.000        ; -0.012     ; 1.789      ;
; -0.769 ; audio_pll:u_audio_pll|locked ; i2s_receiver:u_i2s_rx|left_buf[6]     ; CLOCK_50     ; CLOCK_50    ; 1.000        ; -0.012     ; 1.789      ;
; -0.769 ; audio_pll:u_audio_pll|locked ; i2s_receiver:u_i2s_rx|left_buf[5]     ; CLOCK_50     ; CLOCK_50    ; 1.000        ; -0.012     ; 1.789      ;
; -0.769 ; audio_pll:u_audio_pll|locked ; i2s_receiver:u_i2s_rx|left_buf[4]     ; CLOCK_50     ; CLOCK_50    ; 1.000        ; -0.012     ; 1.789      ;
; -0.769 ; audio_pll:u_audio_pll|locked ; i2s_receiver:u_i2s_rx|left_buf[3]     ; CLOCK_50     ; CLOCK_50    ; 1.000        ; -0.012     ; 1.789      ;
; -0.769 ; audio_pll:u_audio_pll|locked ; i2s_receiver:u_i2s_rx|left_buf[2]     ; CLOCK_50     ; CLOCK_50    ; 1.000        ; -0.012     ; 1.789      ;
; -0.769 ; audio_pll:u_audio_pll|locked ; i2s_receiver:u_i2s_rx|left_buf[1]     ; CLOCK_50     ; CLOCK_50    ; 1.000        ; -0.012     ; 1.789      ;
; -0.769 ; audio_pll:u_audio_pll|locked ; i2s_receiver:u_i2s_rx|left_buf[0]     ; CLOCK_50     ; CLOCK_50    ; 1.000        ; -0.012     ; 1.789      ;
; -0.769 ; audio_pll:u_audio_pll|locked ; i2s_transmitter:u_i2s_tx|tx_shift[0]  ; CLOCK_50     ; CLOCK_50    ; 1.000        ; -0.010     ; 1.791      ;
; -0.769 ; audio_pll:u_audio_pll|locked ; i2s_transmitter:u_i2s_tx|tx_shift[3]  ; CLOCK_50     ; CLOCK_50    ; 1.000        ; -0.008     ; 1.793      ;
; -0.769 ; audio_pll:u_audio_pll|locked ; i2s_transmitter:u_i2s_tx|tx_shift[6]  ; CLOCK_50     ; CLOCK_50    ; 1.000        ; -0.009     ; 1.792      ;
; -0.769 ; audio_pll:u_audio_pll|locked ; i2s_transmitter:u_i2s_tx|tx_shift[7]  ; CLOCK_50     ; CLOCK_50    ; 1.000        ; -0.009     ; 1.792      ;
; -0.769 ; audio_pll:u_audio_pll|locked ; i2s_transmitter:u_i2s_tx|tx_shift[8]  ; CLOCK_50     ; CLOCK_50    ; 1.000        ; -0.009     ; 1.792      ;
; -0.769 ; audio_pll:u_audio_pll|locked ; i2s_transmitter:u_i2s_tx|tx_shift[9]  ; CLOCK_50     ; CLOCK_50    ; 1.000        ; -0.008     ; 1.793      ;
; -0.769 ; audio_pll:u_audio_pll|locked ; i2s_transmitter:u_i2s_tx|tx_shift[10] ; CLOCK_50     ; CLOCK_50    ; 1.000        ; -0.009     ; 1.792      ;
; -0.769 ; audio_pll:u_audio_pll|locked ; i2s_transmitter:u_i2s_tx|tx_shift[11] ; CLOCK_50     ; CLOCK_50    ; 1.000        ; -0.009     ; 1.792      ;
; -0.769 ; audio_pll:u_audio_pll|locked ; i2s_transmitter:u_i2s_tx|tx_shift[12] ; CLOCK_50     ; CLOCK_50    ; 1.000        ; -0.009     ; 1.792      ;
; -0.769 ; audio_pll:u_audio_pll|locked ; i2s_transmitter:u_i2s_tx|tx_shift[13] ; CLOCK_50     ; CLOCK_50    ; 1.000        ; -0.008     ; 1.793      ;
; -0.769 ; audio_pll:u_audio_pll|locked ; i2s_transmitter:u_i2s_tx|tx_shift[14] ; CLOCK_50     ; CLOCK_50    ; 1.000        ; -0.008     ; 1.793      ;
; -0.769 ; audio_pll:u_audio_pll|locked ; i2c_av_config:u_i2c_cfg|cnt[0]        ; CLOCK_50     ; CLOCK_50    ; 1.000        ; -0.014     ; 1.787      ;
; -0.769 ; audio_pll:u_audio_pll|locked ; i2c_av_config:u_i2c_cfg|cnt[2]        ; CLOCK_50     ; CLOCK_50    ; 1.000        ; -0.014     ; 1.787      ;
; -0.769 ; audio_pll:u_audio_pll|locked ; i2c_av_config:u_i2c_cfg|cnt[3]        ; CLOCK_50     ; CLOCK_50    ; 1.000        ; -0.016     ; 1.785      ;
; -0.769 ; audio_pll:u_audio_pll|locked ; i2c_av_config:u_i2c_cfg|cnt[4]        ; CLOCK_50     ; CLOCK_50    ; 1.000        ; -0.016     ; 1.785      ;
; -0.769 ; audio_pll:u_audio_pll|locked ; i2c_av_config:u_i2c_cfg|cnt[1]        ; CLOCK_50     ; CLOCK_50    ; 1.000        ; -0.014     ; 1.787      ;
; -0.769 ; audio_pll:u_audio_pll|locked ; i2c_av_config:u_i2c_cfg|cnt[5]        ; CLOCK_50     ; CLOCK_50    ; 1.000        ; -0.014     ; 1.787      ;
; -0.769 ; audio_pll:u_audio_pll|locked ; i2c_av_config:u_i2c_cfg|cnt[6]        ; CLOCK_50     ; CLOCK_50    ; 1.000        ; -0.014     ; 1.787      ;
; -0.769 ; audio_pll:u_audio_pll|locked ; i2c_av_config:u_i2c_cfg|cnt[7]        ; CLOCK_50     ; CLOCK_50    ; 1.000        ; -0.014     ; 1.787      ;
; -0.769 ; audio_pll:u_audio_pll|locked ; i2c_av_config:u_i2c_cfg|cnt[8]        ; CLOCK_50     ; CLOCK_50    ; 1.000        ; -0.014     ; 1.787      ;
; -0.769 ; audio_pll:u_audio_pll|locked ; i2c_av_config:u_i2c_cfg|tick          ; CLOCK_50     ; CLOCK_50    ; 1.000        ; -0.016     ; 1.785      ;
; -0.769 ; audio_pll:u_audio_pll|locked ; i2c_av_config:u_i2c_cfg|reg_idx[2]    ; CLOCK_50     ; CLOCK_50    ; 1.000        ; -0.016     ; 1.785      ;
; -0.769 ; audio_pll:u_audio_pll|locked ; i2c_av_config:u_i2c_cfg|reg_idx[3]    ; CLOCK_50     ; CLOCK_50    ; 1.000        ; -0.016     ; 1.785      ;
; -0.769 ; audio_pll:u_audio_pll|locked ; i2c_av_config:u_i2c_cfg|byte_idx[0]   ; CLOCK_50     ; CLOCK_50    ; 1.000        ; -0.016     ; 1.785      ;
; -0.769 ; audio_pll:u_audio_pll|locked ; i2c_av_config:u_i2c_cfg|state.S_SEND  ; CLOCK_50     ; CLOCK_50    ; 1.000        ; -0.018     ; 1.783      ;
; -0.769 ; audio_pll:u_audio_pll|locked ; i2c_av_config:u_i2c_cfg|bit_idx[1]    ; CLOCK_50     ; CLOCK_50    ; 1.000        ; -0.016     ; 1.785      ;
; -0.769 ; audio_pll:u_audio_pll|locked ; i2c_av_config:u_i2c_cfg|bit_idx[2]    ; CLOCK_50     ; CLOCK_50    ; 1.000        ; -0.016     ; 1.785      ;
; -0.769 ; audio_pll:u_audio_pll|locked ; i2c_av_config:u_i2c_cfg|bit_idx[0]    ; CLOCK_50     ; CLOCK_50    ; 1.000        ; -0.016     ; 1.785      ;
; -0.769 ; audio_pll:u_audio_pll|locked ; i2c_av_config:u_i2c_cfg|dly[2]        ; CLOCK_50     ; CLOCK_50    ; 1.000        ; -0.019     ; 1.782      ;
; -0.769 ; audio_pll:u_audio_pll|locked ; i2c_av_config:u_i2c_cfg|dly[3]        ; CLOCK_50     ; CLOCK_50    ; 1.000        ; -0.019     ; 1.782      ;
; -0.769 ; audio_pll:u_audio_pll|locked ; i2c_av_config:u_i2c_cfg|dly[4]        ; CLOCK_50     ; CLOCK_50    ; 1.000        ; -0.019     ; 1.782      ;
; -0.769 ; audio_pll:u_audio_pll|locked ; i2c_av_config:u_i2c_cfg|dly[5]        ; CLOCK_50     ; CLOCK_50    ; 1.000        ; -0.019     ; 1.782      ;
; -0.769 ; audio_pll:u_audio_pll|locked ; i2c_av_config:u_i2c_cfg|dly[6]        ; CLOCK_50     ; CLOCK_50    ; 1.000        ; -0.019     ; 1.782      ;
; -0.769 ; audio_pll:u_audio_pll|locked ; i2c_av_config:u_i2c_cfg|dly[7]        ; CLOCK_50     ; CLOCK_50    ; 1.000        ; -0.019     ; 1.782      ;
; -0.769 ; audio_pll:u_audio_pll|locked ; i2c_av_config:u_i2c_cfg|dly[8]        ; CLOCK_50     ; CLOCK_50    ; 1.000        ; -0.019     ; 1.782      ;
; -0.769 ; audio_pll:u_audio_pll|locked ; i2c_av_config:u_i2c_cfg|dly[9]        ; CLOCK_50     ; CLOCK_50    ; 1.000        ; -0.021     ; 1.780      ;
; -0.769 ; audio_pll:u_audio_pll|locked ; i2c_av_config:u_i2c_cfg|dly[10]       ; CLOCK_50     ; CLOCK_50    ; 1.000        ; -0.021     ; 1.780      ;
; -0.769 ; audio_pll:u_audio_pll|locked ; i2c_av_config:u_i2c_cfg|dly[11]       ; CLOCK_50     ; CLOCK_50    ; 1.000        ; -0.021     ; 1.780      ;
; -0.769 ; audio_pll:u_audio_pll|locked ; i2c_av_config:u_i2c_cfg|dly[12]       ; CLOCK_50     ; CLOCK_50    ; 1.000        ; -0.021     ; 1.780      ;
; -0.769 ; audio_pll:u_audio_pll|locked ; i2c_av_config:u_i2c_cfg|dly[13]       ; CLOCK_50     ; CLOCK_50    ; 1.000        ; -0.021     ; 1.780      ;
; -0.769 ; audio_pll:u_audio_pll|locked ; i2c_av_config:u_i2c_cfg|dly[14]       ; CLOCK_50     ; CLOCK_50    ; 1.000        ; -0.021     ; 1.780      ;
; -0.769 ; audio_pll:u_audio_pll|locked ; i2c_av_config:u_i2c_cfg|dly[15]       ; CLOCK_50     ; CLOCK_50    ; 1.000        ; -0.021     ; 1.780      ;
; -0.769 ; audio_pll:u_audio_pll|locked ; i2c_av_config:u_i2c_cfg|dly[16]       ; CLOCK_50     ; CLOCK_50    ; 1.000        ; -0.021     ; 1.780      ;
; -0.769 ; audio_pll:u_audio_pll|locked ; i2c_av_config:u_i2c_cfg|dly[17]       ; CLOCK_50     ; CLOCK_50    ; 1.000        ; -0.021     ; 1.780      ;
; -0.769 ; audio_pll:u_audio_pll|locked ; i2c_av_config:u_i2c_cfg|dly[18]       ; CLOCK_50     ; CLOCK_50    ; 1.000        ; -0.021     ; 1.780      ;
; -0.769 ; audio_pll:u_audio_pll|locked ; i2c_av_config:u_i2c_cfg|dly[19]       ; CLOCK_50     ; CLOCK_50    ; 1.000        ; -0.021     ; 1.780      ;
+--------+------------------------------+---------------------------------------+--------------+-------------+--------------+------------+------------+


+----------------------------------------------------------------------------------------------------------------------------------------------------------------+
; Fast Model Removal: 'CLOCK_50'                                                                                                                                 ;
+-------+------------------------------+---------------------------------------------------+--------------+-------------+--------------+------------+------------+
; Slack ; From Node                    ; To Node                                           ; Launch Clock ; Latch Clock ; Relationship ; Clock Skew ; Data Delay ;
+-------+------------------------------+---------------------------------------------------+--------------+-------------+--------------+------------+------------+
; 1.631 ; audio_pll:u_audio_pll|locked ; i2s_receiver:u_i2s_rx|lr_r1                       ; CLOCK_50     ; CLOCK_50    ; 0.000        ; -0.029     ; 1.754      ;
; 1.631 ; audio_pll:u_audio_pll|locked ; i2s_receiver:u_i2s_rx|lr_r2                       ; CLOCK_50     ; CLOCK_50    ; 0.000        ; -0.029     ; 1.754      ;
; 1.631 ; audio_pll:u_audio_pll|locked ; i2s_receiver:u_i2s_rx|data_valid                  ; CLOCK_50     ; CLOCK_50    ; 0.000        ; -0.010     ; 1.773      ;
; 1.631 ; audio_pll:u_audio_pll|locked ; valid_cnt[0]                                      ; CLOCK_50     ; CLOCK_50    ; 0.000        ; -0.009     ; 1.774      ;
; 1.631 ; audio_pll:u_audio_pll|locked ; valid_cnt[1]                                      ; CLOCK_50     ; CLOCK_50    ; 0.000        ; -0.009     ; 1.774      ;
; 1.631 ; audio_pll:u_audio_pll|locked ; valid_cnt[2]                                      ; CLOCK_50     ; CLOCK_50    ; 0.000        ; -0.009     ; 1.774      ;
; 1.631 ; audio_pll:u_audio_pll|locked ; valid_cnt[3]                                      ; CLOCK_50     ; CLOCK_50    ; 0.000        ; -0.009     ; 1.774      ;
; 1.631 ; audio_pll:u_audio_pll|locked ; valid_cnt[4]                                      ; CLOCK_50     ; CLOCK_50    ; 0.000        ; -0.009     ; 1.774      ;
; 1.631 ; audio_pll:u_audio_pll|locked ; valid_cnt[5]                                      ; CLOCK_50     ; CLOCK_50    ; 0.000        ; -0.009     ; 1.774      ;
; 1.631 ; audio_pll:u_audio_pll|locked ; valid_cnt[6]                                      ; CLOCK_50     ; CLOCK_50    ; 0.000        ; -0.009     ; 1.774      ;
; 1.631 ; audio_pll:u_audio_pll|locked ; valid_cnt[7]                                      ; CLOCK_50     ; CLOCK_50    ; 0.000        ; -0.009     ; 1.774      ;
; 1.631 ; audio_pll:u_audio_pll|locked ; valid_cnt[8]                                      ; CLOCK_50     ; CLOCK_50    ; 0.000        ; -0.009     ; 1.774      ;
; 1.631 ; audio_pll:u_audio_pll|locked ; valid_cnt[9]                                      ; CLOCK_50     ; CLOCK_50    ; 0.000        ; -0.009     ; 1.774      ;
; 1.631 ; audio_pll:u_audio_pll|locked ; valid_cnt[10]                                     ; CLOCK_50     ; CLOCK_50    ; 0.000        ; -0.009     ; 1.774      ;
; 1.631 ; audio_pll:u_audio_pll|locked ; valid_cnt[11]                                     ; CLOCK_50     ; CLOCK_50    ; 0.000        ; -0.009     ; 1.774      ;
; 1.631 ; audio_pll:u_audio_pll|locked ; valid_cnt[12]                                     ; CLOCK_50     ; CLOCK_50    ; 0.000        ; -0.009     ; 1.774      ;
; 1.631 ; audio_pll:u_audio_pll|locked ; valid_cnt[13]                                     ; CLOCK_50     ; CLOCK_50    ; 0.000        ; -0.009     ; 1.774      ;
; 1.631 ; audio_pll:u_audio_pll|locked ; valid_cnt[14]                                     ; CLOCK_50     ; CLOCK_50    ; 0.000        ; -0.009     ; 1.774      ;
; 1.631 ; audio_pll:u_audio_pll|locked ; valid_cnt[15]                                     ; CLOCK_50     ; CLOCK_50    ; 0.000        ; -0.009     ; 1.774      ;
; 1.631 ; audio_pll:u_audio_pll|locked ; i2s_transmitter:u_i2s_tx|lr_r2                    ; CLOCK_50     ; CLOCK_50    ; 0.000        ; -0.010     ; 1.773      ;
; 1.631 ; audio_pll:u_audio_pll|locked ; i2s_transmitter:u_i2s_tx|first_bit                ; CLOCK_50     ; CLOCK_50    ; 0.000        ; -0.010     ; 1.773      ;
; 1.631 ; audio_pll:u_audio_pll|locked ; i2s_transmitter:u_i2s_tx|bit_cnt[0]               ; CLOCK_50     ; CLOCK_50    ; 0.000        ; -0.010     ; 1.773      ;
; 1.631 ; audio_pll:u_audio_pll|locked ; i2s_transmitter:u_i2s_tx|bit_cnt[1]               ; CLOCK_50     ; CLOCK_50    ; 0.000        ; -0.010     ; 1.773      ;
; 1.631 ; audio_pll:u_audio_pll|locked ; i2s_transmitter:u_i2s_tx|bit_cnt[2]               ; CLOCK_50     ; CLOCK_50    ; 0.000        ; -0.010     ; 1.773      ;
; 1.631 ; audio_pll:u_audio_pll|locked ; i2s_transmitter:u_i2s_tx|bit_cnt[3]               ; CLOCK_50     ; CLOCK_50    ; 0.000        ; -0.010     ; 1.773      ;
; 1.631 ; audio_pll:u_audio_pll|locked ; i2s_transmitter:u_i2s_tx|bit_cnt[4]               ; CLOCK_50     ; CLOCK_50    ; 0.000        ; -0.010     ; 1.773      ;
; 1.631 ; audio_pll:u_audio_pll|locked ; i2s_receiver:u_i2s_rx|skip_first                  ; CLOCK_50     ; CLOCK_50    ; 0.000        ; -0.029     ; 1.754      ;
; 1.631 ; audio_pll:u_audio_pll|locked ; i2s_receiver:u_i2s_rx|bit_cnt[0]                  ; CLOCK_50     ; CLOCK_50    ; 0.000        ; -0.029     ; 1.754      ;
; 1.631 ; audio_pll:u_audio_pll|locked ; i2s_receiver:u_i2s_rx|bit_cnt[1]                  ; CLOCK_50     ; CLOCK_50    ; 0.000        ; -0.029     ; 1.754      ;
; 1.631 ; audio_pll:u_audio_pll|locked ; i2s_receiver:u_i2s_rx|bit_cnt[2]                  ; CLOCK_50     ; CLOCK_50    ; 0.000        ; -0.029     ; 1.754      ;
; 1.631 ; audio_pll:u_audio_pll|locked ; i2s_receiver:u_i2s_rx|bit_cnt[3]                  ; CLOCK_50     ; CLOCK_50    ; 0.000        ; -0.029     ; 1.754      ;
; 1.631 ; audio_pll:u_audio_pll|locked ; i2s_receiver:u_i2s_rx|bit_cnt[4]                  ; CLOCK_50     ; CLOCK_50    ; 0.000        ; -0.029     ; 1.754      ;
; 1.631 ; audio_pll:u_audio_pll|locked ; i2s_receiver:u_i2s_rx|shift_reg[0]                ; CLOCK_50     ; CLOCK_50    ; 0.000        ; -0.015     ; 1.768      ;
; 1.631 ; audio_pll:u_audio_pll|locked ; i2s_receiver:u_i2s_rx|shift_reg[1]                ; CLOCK_50     ; CLOCK_50    ; 0.000        ; -0.015     ; 1.768      ;
; 1.631 ; audio_pll:u_audio_pll|locked ; i2s_receiver:u_i2s_rx|shift_reg[2]                ; CLOCK_50     ; CLOCK_50    ; 0.000        ; -0.015     ; 1.768      ;
; 1.631 ; audio_pll:u_audio_pll|locked ; i2s_receiver:u_i2s_rx|shift_reg[3]                ; CLOCK_50     ; CLOCK_50    ; 0.000        ; -0.015     ; 1.768      ;
; 1.631 ; audio_pll:u_audio_pll|locked ; i2s_receiver:u_i2s_rx|shift_reg[4]                ; CLOCK_50     ; CLOCK_50    ; 0.000        ; -0.015     ; 1.768      ;
; 1.631 ; audio_pll:u_audio_pll|locked ; i2s_receiver:u_i2s_rx|shift_reg[5]                ; CLOCK_50     ; CLOCK_50    ; 0.000        ; -0.015     ; 1.768      ;
; 1.631 ; audio_pll:u_audio_pll|locked ; i2s_receiver:u_i2s_rx|shift_reg[6]                ; CLOCK_50     ; CLOCK_50    ; 0.000        ; -0.015     ; 1.768      ;
; 1.631 ; audio_pll:u_audio_pll|locked ; i2s_receiver:u_i2s_rx|shift_reg[7]                ; CLOCK_50     ; CLOCK_50    ; 0.000        ; -0.015     ; 1.768      ;
; 1.631 ; audio_pll:u_audio_pll|locked ; i2s_receiver:u_i2s_rx|shift_reg[8]                ; CLOCK_50     ; CLOCK_50    ; 0.000        ; -0.015     ; 1.768      ;
; 1.631 ; audio_pll:u_audio_pll|locked ; i2s_receiver:u_i2s_rx|shift_reg[9]                ; CLOCK_50     ; CLOCK_50    ; 0.000        ; -0.015     ; 1.768      ;
; 1.631 ; audio_pll:u_audio_pll|locked ; i2s_receiver:u_i2s_rx|shift_reg[10]               ; CLOCK_50     ; CLOCK_50    ; 0.000        ; -0.015     ; 1.768      ;
; 1.631 ; audio_pll:u_audio_pll|locked ; i2s_receiver:u_i2s_rx|shift_reg[11]               ; CLOCK_50     ; CLOCK_50    ; 0.000        ; -0.015     ; 1.768      ;
; 1.631 ; audio_pll:u_audio_pll|locked ; i2s_receiver:u_i2s_rx|shift_reg[12]               ; CLOCK_50     ; CLOCK_50    ; 0.000        ; -0.015     ; 1.768      ;
; 1.631 ; audio_pll:u_audio_pll|locked ; i2s_receiver:u_i2s_rx|shift_reg[13]               ; CLOCK_50     ; CLOCK_50    ; 0.000        ; -0.015     ; 1.768      ;
; 1.631 ; audio_pll:u_audio_pll|locked ; i2s_receiver:u_i2s_rx|shift_reg[14]               ; CLOCK_50     ; CLOCK_50    ; 0.000        ; -0.015     ; 1.768      ;
; 1.631 ; audio_pll:u_audio_pll|locked ; i2s_receiver:u_i2s_rx|shift_reg[15]               ; CLOCK_50     ; CLOCK_50    ; 0.000        ; -0.015     ; 1.768      ;
; 1.631 ; audio_pll:u_audio_pll|locked ; i2s_receiver:u_i2s_rx|left_buf[15]                ; CLOCK_50     ; CLOCK_50    ; 0.000        ; -0.016     ; 1.767      ;
; 1.631 ; audio_pll:u_audio_pll|locked ; i2s_receiver:u_i2s_rx|left_data[15]~_Duplicate_1  ; CLOCK_50     ; CLOCK_50    ; 0.000        ; -0.016     ; 1.767      ;
; 1.631 ; audio_pll:u_audio_pll|locked ; i2s_receiver:u_i2s_rx|right_data[15]~_Duplicate_1 ; CLOCK_50     ; CLOCK_50    ; 0.000        ; -0.016     ; 1.767      ;
; 1.631 ; audio_pll:u_audio_pll|locked ; i2s_transmitter:u_i2s_tx|sdata                    ; CLOCK_50     ; CLOCK_50    ; 0.000        ; -0.010     ; 1.773      ;
; 1.632 ; audio_pll:u_audio_pll|locked ; i2s_transmitter:u_i2s_tx|bclk_r2                  ; CLOCK_50     ; CLOCK_50    ; 0.000        ; -0.021     ; 1.763      ;
; 1.648 ; audio_pll:u_audio_pll|locked ; i2s_transmitter:u_i2s_tx|bclk_r1                  ; CLOCK_50     ; CLOCK_50    ; 0.000        ; -0.009     ; 1.791      ;
; 1.649 ; audio_pll:u_audio_pll|locked ; i2s_transmitter:u_i2s_tx|lr_r1                    ; CLOCK_50     ; CLOCK_50    ; 0.000        ; -0.012     ; 1.789      ;
; 1.649 ; audio_pll:u_audio_pll|locked ; i2s_receiver:u_i2s_rx|left_buf[14]                ; CLOCK_50     ; CLOCK_50    ; 0.000        ; -0.012     ; 1.789      ;
; 1.649 ; audio_pll:u_audio_pll|locked ; i2s_receiver:u_i2s_rx|left_buf[13]                ; CLOCK_50     ; CLOCK_50    ; 0.000        ; -0.012     ; 1.789      ;
; 1.649 ; audio_pll:u_audio_pll|locked ; i2s_receiver:u_i2s_rx|left_buf[12]                ; CLOCK_50     ; CLOCK_50    ; 0.000        ; -0.012     ; 1.789      ;
; 1.649 ; audio_pll:u_audio_pll|locked ; i2s_receiver:u_i2s_rx|left_buf[11]                ; CLOCK_50     ; CLOCK_50    ; 0.000        ; -0.012     ; 1.789      ;
; 1.649 ; audio_pll:u_audio_pll|locked ; i2s_receiver:u_i2s_rx|left_buf[10]                ; CLOCK_50     ; CLOCK_50    ; 0.000        ; -0.012     ; 1.789      ;
; 1.649 ; audio_pll:u_audio_pll|locked ; i2s_receiver:u_i2s_rx|left_buf[9]                 ; CLOCK_50     ; CLOCK_50    ; 0.000        ; -0.012     ; 1.789      ;
; 1.649 ; audio_pll:u_audio_pll|locked ; i2s_receiver:u_i2s_rx|left_buf[8]                 ; CLOCK_50     ; CLOCK_50    ; 0.000        ; -0.012     ; 1.789      ;
; 1.649 ; audio_pll:u_audio_pll|locked ; i2s_receiver:u_i2s_rx|left_buf[7]                 ; CLOCK_50     ; CLOCK_50    ; 0.000        ; -0.012     ; 1.789      ;
; 1.649 ; audio_pll:u_audio_pll|locked ; i2s_receiver:u_i2s_rx|left_buf[6]                 ; CLOCK_50     ; CLOCK_50    ; 0.000        ; -0.012     ; 1.789      ;
; 1.649 ; audio_pll:u_audio_pll|locked ; i2s_receiver:u_i2s_rx|left_buf[5]                 ; CLOCK_50     ; CLOCK_50    ; 0.000        ; -0.012     ; 1.789      ;
; 1.649 ; audio_pll:u_audio_pll|locked ; i2s_receiver:u_i2s_rx|left_buf[4]                 ; CLOCK_50     ; CLOCK_50    ; 0.000        ; -0.012     ; 1.789      ;
; 1.649 ; audio_pll:u_audio_pll|locked ; i2s_receiver:u_i2s_rx|left_buf[3]                 ; CLOCK_50     ; CLOCK_50    ; 0.000        ; -0.012     ; 1.789      ;
; 1.649 ; audio_pll:u_audio_pll|locked ; i2s_receiver:u_i2s_rx|left_buf[2]                 ; CLOCK_50     ; CLOCK_50    ; 0.000        ; -0.012     ; 1.789      ;
; 1.649 ; audio_pll:u_audio_pll|locked ; i2s_receiver:u_i2s_rx|left_buf[1]                 ; CLOCK_50     ; CLOCK_50    ; 0.000        ; -0.012     ; 1.789      ;
; 1.649 ; audio_pll:u_audio_pll|locked ; i2s_receiver:u_i2s_rx|left_buf[0]                 ; CLOCK_50     ; CLOCK_50    ; 0.000        ; -0.012     ; 1.789      ;
; 1.649 ; audio_pll:u_audio_pll|locked ; i2s_transmitter:u_i2s_tx|tx_shift[0]              ; CLOCK_50     ; CLOCK_50    ; 0.000        ; -0.010     ; 1.791      ;
; 1.649 ; audio_pll:u_audio_pll|locked ; i2s_transmitter:u_i2s_tx|tx_shift[3]              ; CLOCK_50     ; CLOCK_50    ; 0.000        ; -0.008     ; 1.793      ;
; 1.649 ; audio_pll:u_audio_pll|locked ; i2s_transmitter:u_i2s_tx|tx_shift[6]              ; CLOCK_50     ; CLOCK_50    ; 0.000        ; -0.009     ; 1.792      ;
; 1.649 ; audio_pll:u_audio_pll|locked ; i2s_transmitter:u_i2s_tx|tx_shift[7]              ; CLOCK_50     ; CLOCK_50    ; 0.000        ; -0.009     ; 1.792      ;
; 1.649 ; audio_pll:u_audio_pll|locked ; i2s_transmitter:u_i2s_tx|tx_shift[8]              ; CLOCK_50     ; CLOCK_50    ; 0.000        ; -0.009     ; 1.792      ;
; 1.649 ; audio_pll:u_audio_pll|locked ; i2s_transmitter:u_i2s_tx|tx_shift[9]              ; CLOCK_50     ; CLOCK_50    ; 0.000        ; -0.008     ; 1.793      ;
; 1.649 ; audio_pll:u_audio_pll|locked ; i2s_transmitter:u_i2s_tx|tx_shift[10]             ; CLOCK_50     ; CLOCK_50    ; 0.000        ; -0.009     ; 1.792      ;
; 1.649 ; audio_pll:u_audio_pll|locked ; i2s_transmitter:u_i2s_tx|tx_shift[11]             ; CLOCK_50     ; CLOCK_50    ; 0.000        ; -0.009     ; 1.792      ;
; 1.649 ; audio_pll:u_audio_pll|locked ; i2s_transmitter:u_i2s_tx|tx_shift[12]             ; CLOCK_50     ; CLOCK_50    ; 0.000        ; -0.009     ; 1.792      ;
; 1.649 ; audio_pll:u_audio_pll|locked ; i2s_transmitter:u_i2s_tx|tx_shift[13]             ; CLOCK_50     ; CLOCK_50    ; 0.000        ; -0.008     ; 1.793      ;
; 1.649 ; audio_pll:u_audio_pll|locked ; i2s_transmitter:u_i2s_tx|tx_shift[14]             ; CLOCK_50     ; CLOCK_50    ; 0.000        ; -0.008     ; 1.793      ;
; 1.649 ; audio_pll:u_audio_pll|locked ; i2c_av_config:u_i2c_cfg|cnt[0]                    ; CLOCK_50     ; CLOCK_50    ; 0.000        ; -0.014     ; 1.787      ;
; 1.649 ; audio_pll:u_audio_pll|locked ; i2c_av_config:u_i2c_cfg|cnt[2]                    ; CLOCK_50     ; CLOCK_50    ; 0.000        ; -0.014     ; 1.787      ;
; 1.649 ; audio_pll:u_audio_pll|locked ; i2c_av_config:u_i2c_cfg|cnt[3]                    ; CLOCK_50     ; CLOCK_50    ; 0.000        ; -0.016     ; 1.785      ;
; 1.649 ; audio_pll:u_audio_pll|locked ; i2c_av_config:u_i2c_cfg|cnt[4]                    ; CLOCK_50     ; CLOCK_50    ; 0.000        ; -0.016     ; 1.785      ;
; 1.649 ; audio_pll:u_audio_pll|locked ; i2c_av_config:u_i2c_cfg|cnt[1]                    ; CLOCK_50     ; CLOCK_50    ; 0.000        ; -0.014     ; 1.787      ;
; 1.649 ; audio_pll:u_audio_pll|locked ; i2c_av_config:u_i2c_cfg|cnt[5]                    ; CLOCK_50     ; CLOCK_50    ; 0.000        ; -0.014     ; 1.787      ;
; 1.649 ; audio_pll:u_audio_pll|locked ; i2c_av_config:u_i2c_cfg|cnt[6]                    ; CLOCK_50     ; CLOCK_50    ; 0.000        ; -0.014     ; 1.787      ;
; 1.649 ; audio_pll:u_audio_pll|locked ; i2c_av_config:u_i2c_cfg|cnt[7]                    ; CLOCK_50     ; CLOCK_50    ; 0.000        ; -0.014     ; 1.787      ;
; 1.649 ; audio_pll:u_audio_pll|locked ; i2c_av_config:u_i2c_cfg|cnt[8]                    ; CLOCK_50     ; CLOCK_50    ; 0.000        ; -0.014     ; 1.787      ;
; 1.649 ; audio_pll:u_audio_pll|locked ; i2c_av_config:u_i2c_cfg|tick                      ; CLOCK_50     ; CLOCK_50    ; 0.000        ; -0.016     ; 1.785      ;
; 1.649 ; audio_pll:u_audio_pll|locked ; i2c_av_config:u_i2c_cfg|reg_idx[2]                ; CLOCK_50     ; CLOCK_50    ; 0.000        ; -0.016     ; 1.785      ;
; 1.649 ; audio_pll:u_audio_pll|locked ; i2c_av_config:u_i2c_cfg|reg_idx[3]                ; CLOCK_50     ; CLOCK_50    ; 0.000        ; -0.016     ; 1.785      ;
; 1.649 ; audio_pll:u_audio_pll|locked ; i2c_av_config:u_i2c_cfg|byte_idx[0]               ; CLOCK_50     ; CLOCK_50    ; 0.000        ; -0.016     ; 1.785      ;
; 1.649 ; audio_pll:u_audio_pll|locked ; i2c_av_config:u_i2c_cfg|state.S_SEND              ; CLOCK_50     ; CLOCK_50    ; 0.000        ; -0.018     ; 1.783      ;
; 1.649 ; audio_pll:u_audio_pll|locked ; i2c_av_config:u_i2c_cfg|bit_idx[1]                ; CLOCK_50     ; CLOCK_50    ; 0.000        ; -0.016     ; 1.785      ;
; 1.649 ; audio_pll:u_audio_pll|locked ; i2c_av_config:u_i2c_cfg|bit_idx[2]                ; CLOCK_50     ; CLOCK_50    ; 0.000        ; -0.016     ; 1.785      ;
; 1.649 ; audio_pll:u_audio_pll|locked ; i2c_av_config:u_i2c_cfg|bit_idx[0]                ; CLOCK_50     ; CLOCK_50    ; 0.000        ; -0.016     ; 1.785      ;
; 1.649 ; audio_pll:u_audio_pll|locked ; i2c_av_config:u_i2c_cfg|dly[2]                    ; CLOCK_50     ; CLOCK_50    ; 0.000        ; -0.019     ; 1.782      ;
; 1.649 ; audio_pll:u_audio_pll|locked ; i2c_av_config:u_i2c_cfg|dly[3]                    ; CLOCK_50     ; CLOCK_50    ; 0.000        ; -0.019     ; 1.782      ;
+-------+------------------------------+---------------------------------------------------+--------------+-------------+--------------+------------+------------+


+---------------------------------------------------------------------------------------------------------------------------+
; Fast Model Removal: 'AUD_DACLRCK'                                                                                         ;
+-------+------------------------------+--------------+--------------+-------------+--------------+------------+------------+
; Slack ; From Node                    ; To Node      ; Launch Clock ; Latch Clock ; Relationship ; Clock Skew ; Data Delay ;
+-------+------------------------------+--------------+--------------+-------------+--------------+------------+------------+
; 1.980 ; audio_pll:u_audio_pll|locked ; lrck_cnt[0]  ; CLOCK_50     ; AUD_DACLRCK ; 0.000        ; -0.344     ; 1.788      ;
; 1.980 ; audio_pll:u_audio_pll|locked ; lrck_cnt[1]  ; CLOCK_50     ; AUD_DACLRCK ; 0.000        ; -0.344     ; 1.788      ;
; 1.980 ; audio_pll:u_audio_pll|locked ; lrck_cnt[2]  ; CLOCK_50     ; AUD_DACLRCK ; 0.000        ; -0.344     ; 1.788      ;
; 1.980 ; audio_pll:u_audio_pll|locked ; lrck_cnt[3]  ; CLOCK_50     ; AUD_DACLRCK ; 0.000        ; -0.344     ; 1.788      ;
; 1.980 ; audio_pll:u_audio_pll|locked ; lrck_cnt[4]  ; CLOCK_50     ; AUD_DACLRCK ; 0.000        ; -0.344     ; 1.788      ;
; 1.980 ; audio_pll:u_audio_pll|locked ; lrck_cnt[5]  ; CLOCK_50     ; AUD_DACLRCK ; 0.000        ; -0.344     ; 1.788      ;
; 1.980 ; audio_pll:u_audio_pll|locked ; lrck_cnt[6]  ; CLOCK_50     ; AUD_DACLRCK ; 0.000        ; -0.344     ; 1.788      ;
; 1.980 ; audio_pll:u_audio_pll|locked ; lrck_cnt[7]  ; CLOCK_50     ; AUD_DACLRCK ; 0.000        ; -0.344     ; 1.788      ;
; 1.980 ; audio_pll:u_audio_pll|locked ; lrck_cnt[8]  ; CLOCK_50     ; AUD_DACLRCK ; 0.000        ; -0.344     ; 1.788      ;
; 1.980 ; audio_pll:u_audio_pll|locked ; lrck_cnt[9]  ; CLOCK_50     ; AUD_DACLRCK ; 0.000        ; -0.344     ; 1.788      ;
; 1.980 ; audio_pll:u_audio_pll|locked ; lrck_cnt[10] ; CLOCK_50     ; AUD_DACLRCK ; 0.000        ; -0.344     ; 1.788      ;
; 1.980 ; audio_pll:u_audio_pll|locked ; lrck_cnt[11] ; CLOCK_50     ; AUD_DACLRCK ; 0.000        ; -0.344     ; 1.788      ;
; 1.980 ; audio_pll:u_audio_pll|locked ; lrck_cnt[12] ; CLOCK_50     ; AUD_DACLRCK ; 0.000        ; -0.344     ; 1.788      ;
; 1.980 ; audio_pll:u_audio_pll|locked ; lrck_cnt[13] ; CLOCK_50     ; AUD_DACLRCK ; 0.000        ; -0.344     ; 1.788      ;
; 1.980 ; audio_pll:u_audio_pll|locked ; lrck_cnt[14] ; CLOCK_50     ; AUD_DACLRCK ; 0.000        ; -0.344     ; 1.788      ;
; 1.980 ; audio_pll:u_audio_pll|locked ; lrck_cnt[15] ; CLOCK_50     ; AUD_DACLRCK ; 0.000        ; -0.344     ; 1.788      ;
+-------+------------------------------+--------------+--------------+-------------+--------------+------------+------------+


+---------------------------------------------------------------------------------------------------------------------------+
; Fast Model Removal: 'AUD_BCLK'                                                                                            ;
+-------+------------------------------+--------------+--------------+-------------+--------------+------------+------------+
; Slack ; From Node                    ; To Node      ; Launch Clock ; Latch Clock ; Relationship ; Clock Skew ; Data Delay ;
+-------+------------------------------+--------------+--------------+-------------+--------------+------------+------------+
; 1.995 ; audio_pll:u_audio_pll|locked ; bclk_cnt[12] ; CLOCK_50     ; AUD_BCLK    ; 0.000        ; -0.358     ; 1.789      ;
; 1.995 ; audio_pll:u_audio_pll|locked ; bclk_cnt[13] ; CLOCK_50     ; AUD_BCLK    ; 0.000        ; -0.358     ; 1.789      ;
; 1.995 ; audio_pll:u_audio_pll|locked ; bclk_cnt[14] ; CLOCK_50     ; AUD_BCLK    ; 0.000        ; -0.358     ; 1.789      ;
; 1.995 ; audio_pll:u_audio_pll|locked ; bclk_cnt[15] ; CLOCK_50     ; AUD_BCLK    ; 0.000        ; -0.358     ; 1.789      ;
; 1.995 ; audio_pll:u_audio_pll|locked ; bclk_cnt[16] ; CLOCK_50     ; AUD_BCLK    ; 0.000        ; -0.358     ; 1.789      ;
; 1.995 ; audio_pll:u_audio_pll|locked ; bclk_cnt[17] ; CLOCK_50     ; AUD_BCLK    ; 0.000        ; -0.358     ; 1.789      ;
; 1.995 ; audio_pll:u_audio_pll|locked ; bclk_cnt[18] ; CLOCK_50     ; AUD_BCLK    ; 0.000        ; -0.358     ; 1.789      ;
; 1.995 ; audio_pll:u_audio_pll|locked ; bclk_cnt[19] ; CLOCK_50     ; AUD_BCLK    ; 0.000        ; -0.358     ; 1.789      ;
; 1.995 ; audio_pll:u_audio_pll|locked ; bclk_cnt[20] ; CLOCK_50     ; AUD_BCLK    ; 0.000        ; -0.358     ; 1.789      ;
; 1.995 ; audio_pll:u_audio_pll|locked ; bclk_cnt[21] ; CLOCK_50     ; AUD_BCLK    ; 0.000        ; -0.358     ; 1.789      ;
; 1.995 ; audio_pll:u_audio_pll|locked ; bclk_cnt[22] ; CLOCK_50     ; AUD_BCLK    ; 0.000        ; -0.358     ; 1.789      ;
; 1.995 ; audio_pll:u_audio_pll|locked ; bclk_cnt[23] ; CLOCK_50     ; AUD_BCLK    ; 0.000        ; -0.358     ; 1.789      ;
; 2.008 ; audio_pll:u_audio_pll|locked ; bclk_cnt[0]  ; CLOCK_50     ; AUD_BCLK    ; 0.000        ; -0.370     ; 1.790      ;
; 2.008 ; audio_pll:u_audio_pll|locked ; bclk_cnt[1]  ; CLOCK_50     ; AUD_BCLK    ; 0.000        ; -0.370     ; 1.790      ;
; 2.008 ; audio_pll:u_audio_pll|locked ; bclk_cnt[2]  ; CLOCK_50     ; AUD_BCLK    ; 0.000        ; -0.370     ; 1.790      ;
; 2.008 ; audio_pll:u_audio_pll|locked ; bclk_cnt[3]  ; CLOCK_50     ; AUD_BCLK    ; 0.000        ; -0.370     ; 1.790      ;
; 2.008 ; audio_pll:u_audio_pll|locked ; bclk_cnt[4]  ; CLOCK_50     ; AUD_BCLK    ; 0.000        ; -0.370     ; 1.790      ;
; 2.008 ; audio_pll:u_audio_pll|locked ; bclk_cnt[5]  ; CLOCK_50     ; AUD_BCLK    ; 0.000        ; -0.370     ; 1.790      ;
; 2.008 ; audio_pll:u_audio_pll|locked ; bclk_cnt[6]  ; CLOCK_50     ; AUD_BCLK    ; 0.000        ; -0.370     ; 1.790      ;
; 2.008 ; audio_pll:u_audio_pll|locked ; bclk_cnt[7]  ; CLOCK_50     ; AUD_BCLK    ; 0.000        ; -0.370     ; 1.790      ;
; 2.008 ; audio_pll:u_audio_pll|locked ; bclk_cnt[8]  ; CLOCK_50     ; AUD_BCLK    ; 0.000        ; -0.370     ; 1.790      ;
; 2.008 ; audio_pll:u_audio_pll|locked ; bclk_cnt[9]  ; CLOCK_50     ; AUD_BCLK    ; 0.000        ; -0.370     ; 1.790      ;
; 2.008 ; audio_pll:u_audio_pll|locked ; bclk_cnt[10] ; CLOCK_50     ; AUD_BCLK    ; 0.000        ; -0.370     ; 1.790      ;
; 2.008 ; audio_pll:u_audio_pll|locked ; bclk_cnt[11] ; CLOCK_50     ; AUD_BCLK    ; 0.000        ; -0.370     ; 1.790      ;
+-------+------------------------------+--------------+--------------+-------------+--------------+------------+------------+


+----------------------------------------------------------------------------------------------------------------------------------------------------------------------------------------------------------------------------+
; Fast Model Minimum Pulse Width: 'CLOCK_50'                                                                                                                                                                                 ;
+--------+--------------+----------------+------------------+----------+------------+----------------------------------------------------------------------------------------------------------------------------------------+
; Slack  ; Actual Width ; Required Width ; Type             ; Clock    ; Clock Edge ; Target                                                                                                                                 ;
+--------+--------------+----------------+------------------+----------+------------+----------------------------------------------------------------------------------------------------------------------------------------+
; -1.519 ; 0.500        ; 2.019          ; High Pulse Width ; CLOCK_50 ; Rise       ; i2s_receiver:u_i2s_rx|left_data[0]                                                                                                     ;
; -1.519 ; 0.500        ; 2.019          ; Low Pulse Width  ; CLOCK_50 ; Rise       ; i2s_receiver:u_i2s_rx|left_data[0]                                                                                                     ;
; -1.519 ; 0.500        ; 2.019          ; High Pulse Width ; CLOCK_50 ; Rise       ; i2s_receiver:u_i2s_rx|left_data[10]                                                                                                    ;
; -1.519 ; 0.500        ; 2.019          ; Low Pulse Width  ; CLOCK_50 ; Rise       ; i2s_receiver:u_i2s_rx|left_data[10]                                                                                                    ;
; -1.519 ; 0.500        ; 2.019          ; High Pulse Width ; CLOCK_50 ; Rise       ; i2s_receiver:u_i2s_rx|left_data[11]                                                                                                    ;
; -1.519 ; 0.500        ; 2.019          ; Low Pulse Width  ; CLOCK_50 ; Rise       ; i2s_receiver:u_i2s_rx|left_data[11]                                                                                                    ;
; -1.519 ; 0.500        ; 2.019          ; High Pulse Width ; CLOCK_50 ; Rise       ; i2s_receiver:u_i2s_rx|left_data[12]                                                                                                    ;
; -1.519 ; 0.500        ; 2.019          ; Low Pulse Width  ; CLOCK_50 ; Rise       ; i2s_receiver:u_i2s_rx|left_data[12]                                                                                                    ;
; -1.519 ; 0.500        ; 2.019          ; High Pulse Width ; CLOCK_50 ; Rise       ; i2s_receiver:u_i2s_rx|left_data[13]                                                                                                    ;
; -1.519 ; 0.500        ; 2.019          ; Low Pulse Width  ; CLOCK_50 ; Rise       ; i2s_receiver:u_i2s_rx|left_data[13]                                                                                                    ;
; -1.519 ; 0.500        ; 2.019          ; High Pulse Width ; CLOCK_50 ; Rise       ; i2s_receiver:u_i2s_rx|left_data[14]                                                                                                    ;
; -1.519 ; 0.500        ; 2.019          ; Low Pulse Width  ; CLOCK_50 ; Rise       ; i2s_receiver:u_i2s_rx|left_data[14]                                                                                                    ;
; -1.519 ; 0.500        ; 2.019          ; High Pulse Width ; CLOCK_50 ; Rise       ; i2s_receiver:u_i2s_rx|left_data[15]                                                                                                    ;
; -1.519 ; 0.500        ; 2.019          ; Low Pulse Width  ; CLOCK_50 ; Rise       ; i2s_receiver:u_i2s_rx|left_data[15]                                                                                                    ;
; -1.519 ; 0.500        ; 2.019          ; High Pulse Width ; CLOCK_50 ; Rise       ; i2s_receiver:u_i2s_rx|left_data[1]                                                                                                     ;
; -1.519 ; 0.500        ; 2.019          ; Low Pulse Width  ; CLOCK_50 ; Rise       ; i2s_receiver:u_i2s_rx|left_data[1]                                                                                                     ;
; -1.519 ; 0.500        ; 2.019          ; High Pulse Width ; CLOCK_50 ; Rise       ; i2s_receiver:u_i2s_rx|left_data[2]                                                                                                     ;
; -1.519 ; 0.500        ; 2.019          ; Low Pulse Width  ; CLOCK_50 ; Rise       ; i2s_receiver:u_i2s_rx|left_data[2]                                                                                                     ;
; -1.519 ; 0.500        ; 2.019          ; High Pulse Width ; CLOCK_50 ; Rise       ; i2s_receiver:u_i2s_rx|left_data[3]                                                                                                     ;
; -1.519 ; 0.500        ; 2.019          ; Low Pulse Width  ; CLOCK_50 ; Rise       ; i2s_receiver:u_i2s_rx|left_data[3]                                                                                                     ;
; -1.519 ; 0.500        ; 2.019          ; High Pulse Width ; CLOCK_50 ; Rise       ; i2s_receiver:u_i2s_rx|left_data[4]                                                                                                     ;
; -1.519 ; 0.500        ; 2.019          ; Low Pulse Width  ; CLOCK_50 ; Rise       ; i2s_receiver:u_i2s_rx|left_data[4]                                                                                                     ;
; -1.519 ; 0.500        ; 2.019          ; High Pulse Width ; CLOCK_50 ; Rise       ; i2s_receiver:u_i2s_rx|left_data[5]                                                                                                     ;
; -1.519 ; 0.500        ; 2.019          ; Low Pulse Width  ; CLOCK_50 ; Rise       ; i2s_receiver:u_i2s_rx|left_data[5]                                                                                                     ;
; -1.519 ; 0.500        ; 2.019          ; High Pulse Width ; CLOCK_50 ; Rise       ; i2s_receiver:u_i2s_rx|left_data[6]                                                                                                     ;
; -1.519 ; 0.500        ; 2.019          ; Low Pulse Width  ; CLOCK_50 ; Rise       ; i2s_receiver:u_i2s_rx|left_data[6]                                                                                                     ;
; -1.519 ; 0.500        ; 2.019          ; High Pulse Width ; CLOCK_50 ; Rise       ; i2s_receiver:u_i2s_rx|left_data[7]                                                                                                     ;
; -1.519 ; 0.500        ; 2.019          ; Low Pulse Width  ; CLOCK_50 ; Rise       ; i2s_receiver:u_i2s_rx|left_data[7]                                                                                                     ;
; -1.519 ; 0.500        ; 2.019          ; High Pulse Width ; CLOCK_50 ; Rise       ; i2s_receiver:u_i2s_rx|left_data[8]                                                                                                     ;
; -1.519 ; 0.500        ; 2.019          ; Low Pulse Width  ; CLOCK_50 ; Rise       ; i2s_receiver:u_i2s_rx|left_data[8]                                                                                                     ;
; -1.519 ; 0.500        ; 2.019          ; High Pulse Width ; CLOCK_50 ; Rise       ; i2s_receiver:u_i2s_rx|left_data[9]                                                                                                     ;
; -1.519 ; 0.500        ; 2.019          ; Low Pulse Width  ; CLOCK_50 ; Rise       ; i2s_receiver:u_i2s_rx|left_data[9]                                                                                                     ;
; -1.519 ; 0.500        ; 2.019          ; High Pulse Width ; CLOCK_50 ; Rise       ; i2s_receiver:u_i2s_rx|right_data[0]                                                                                                    ;
; -1.519 ; 0.500        ; 2.019          ; Low Pulse Width  ; CLOCK_50 ; Rise       ; i2s_receiver:u_i2s_rx|right_data[0]                                                                                                    ;
; -1.519 ; 0.500        ; 2.019          ; High Pulse Width ; CLOCK_50 ; Rise       ; i2s_receiver:u_i2s_rx|right_data[10]                                                                                                   ;
; -1.519 ; 0.500        ; 2.019          ; Low Pulse Width  ; CLOCK_50 ; Rise       ; i2s_receiver:u_i2s_rx|right_data[10]                                                                                                   ;
; -1.519 ; 0.500        ; 2.019          ; High Pulse Width ; CLOCK_50 ; Rise       ; i2s_receiver:u_i2s_rx|right_data[11]                                                                                                   ;
; -1.519 ; 0.500        ; 2.019          ; Low Pulse Width  ; CLOCK_50 ; Rise       ; i2s_receiver:u_i2s_rx|right_data[11]                                                                                                   ;
; -1.519 ; 0.500        ; 2.019          ; High Pulse Width ; CLOCK_50 ; Rise       ; i2s_receiver:u_i2s_rx|right_data[12]                                                                                                   ;
; -1.519 ; 0.500        ; 2.019          ; Low Pulse Width  ; CLOCK_50 ; Rise       ; i2s_receiver:u_i2s_rx|right_data[12]                                                                                                   ;
; -1.519 ; 0.500        ; 2.019          ; High Pulse Width ; CLOCK_50 ; Rise       ; i2s_receiver:u_i2s_rx|right_data[13]                                                                                                   ;
; -1.519 ; 0.500        ; 2.019          ; Low Pulse Width  ; CLOCK_50 ; Rise       ; i2s_receiver:u_i2s_rx|right_data[13]                                                                                                   ;
; -1.519 ; 0.500        ; 2.019          ; High Pulse Width ; CLOCK_50 ; Rise       ; i2s_receiver:u_i2s_rx|right_data[14]                                                                                                   ;
; -1.519 ; 0.500        ; 2.019          ; Low Pulse Width  ; CLOCK_50 ; Rise       ; i2s_receiver:u_i2s_rx|right_data[14]                                                                                                   ;
; -1.519 ; 0.500        ; 2.019          ; High Pulse Width ; CLOCK_50 ; Rise       ; i2s_receiver:u_i2s_rx|right_data[15]                                                                                                   ;
; -1.519 ; 0.500        ; 2.019          ; Low Pulse Width  ; CLOCK_50 ; Rise       ; i2s_receiver:u_i2s_rx|right_data[15]                                                                                                   ;
; -1.519 ; 0.500        ; 2.019          ; High Pulse Width ; CLOCK_50 ; Rise       ; i2s_receiver:u_i2s_rx|right_data[1]                                                                                                    ;
; -1.519 ; 0.500        ; 2.019          ; Low Pulse Width  ; CLOCK_50 ; Rise       ; i2s_receiver:u_i2s_rx|right_data[1]                                                                                                    ;
; -1.519 ; 0.500        ; 2.019          ; High Pulse Width ; CLOCK_50 ; Rise       ; i2s_receiver:u_i2s_rx|right_data[2]                                                                                                    ;
; -1.519 ; 0.500        ; 2.019          ; Low Pulse Width  ; CLOCK_50 ; Rise       ; i2s_receiver:u_i2s_rx|right_data[2]                                                                                                    ;
; -1.519 ; 0.500        ; 2.019          ; High Pulse Width ; CLOCK_50 ; Rise       ; i2s_receiver:u_i2s_rx|right_data[3]                                                                                                    ;
; -1.519 ; 0.500        ; 2.019          ; Low Pulse Width  ; CLOCK_50 ; Rise       ; i2s_receiver:u_i2s_rx|right_data[3]                                                                                                    ;
; -1.519 ; 0.500        ; 2.019          ; High Pulse Width ; CLOCK_50 ; Rise       ; i2s_receiver:u_i2s_rx|right_data[4]                                                                                                    ;
; -1.519 ; 0.500        ; 2.019          ; Low Pulse Width  ; CLOCK_50 ; Rise       ; i2s_receiver:u_i2s_rx|right_data[4]                                                                                                    ;
; -1.519 ; 0.500        ; 2.019          ; High Pulse Width ; CLOCK_50 ; Rise       ; i2s_receiver:u_i2s_rx|right_data[5]                                                                                                    ;
; -1.519 ; 0.500        ; 2.019          ; Low Pulse Width  ; CLOCK_50 ; Rise       ; i2s_receiver:u_i2s_rx|right_data[5]                                                                                                    ;
; -1.519 ; 0.500        ; 2.019          ; High Pulse Width ; CLOCK_50 ; Rise       ; i2s_receiver:u_i2s_rx|right_data[6]                                                                                                    ;
; -1.519 ; 0.500        ; 2.019          ; Low Pulse Width  ; CLOCK_50 ; Rise       ; i2s_receiver:u_i2s_rx|right_data[6]                                                                                                    ;
; -1.519 ; 0.500        ; 2.019          ; High Pulse Width ; CLOCK_50 ; Rise       ; i2s_receiver:u_i2s_rx|right_data[7]                                                                                                    ;
; -1.519 ; 0.500        ; 2.019          ; Low Pulse Width  ; CLOCK_50 ; Rise       ; i2s_receiver:u_i2s_rx|right_data[7]                                                                                                    ;
; -1.519 ; 0.500        ; 2.019          ; High Pulse Width ; CLOCK_50 ; Rise       ; i2s_receiver:u_i2s_rx|right_data[8]                                                                                                    ;
; -1.519 ; 0.500        ; 2.019          ; Low Pulse Width  ; CLOCK_50 ; Rise       ; i2s_receiver:u_i2s_rx|right_data[8]                                                                                                    ;
; -1.519 ; 0.500        ; 2.019          ; High Pulse Width ; CLOCK_50 ; Rise       ; i2s_receiver:u_i2s_rx|right_data[9]                                                                                                    ;
; -1.519 ; 0.500        ; 2.019          ; Low Pulse Width  ; CLOCK_50 ; Rise       ; i2s_receiver:u_i2s_rx|right_data[9]                                                                                                    ;
; -1.423 ; 0.500        ; 1.923          ; High Pulse Width ; CLOCK_50 ; Rise       ; text_renderer:u_text_renderer|font_rom:u_font_rom|altsyncram:rom_rtl_0|altsyncram_ob71:auto_generated|ram_block1a0~porta_address_reg0  ;
; -1.423 ; 0.500        ; 1.923          ; Low Pulse Width  ; CLOCK_50 ; Rise       ; text_renderer:u_text_renderer|font_rom:u_font_rom|altsyncram:rom_rtl_0|altsyncram_ob71:auto_generated|ram_block1a0~porta_address_reg0  ;
; -1.423 ; 0.500        ; 1.923          ; High Pulse Width ; CLOCK_50 ; Rise       ; text_renderer:u_text_renderer|font_rom:u_font_rom|altsyncram:rom_rtl_0|altsyncram_ob71:auto_generated|ram_block1a0~porta_address_reg1  ;
; -1.423 ; 0.500        ; 1.923          ; Low Pulse Width  ; CLOCK_50 ; Rise       ; text_renderer:u_text_renderer|font_rom:u_font_rom|altsyncram:rom_rtl_0|altsyncram_ob71:auto_generated|ram_block1a0~porta_address_reg1  ;
; -1.423 ; 0.500        ; 1.923          ; High Pulse Width ; CLOCK_50 ; Rise       ; text_renderer:u_text_renderer|font_rom:u_font_rom|altsyncram:rom_rtl_0|altsyncram_ob71:auto_generated|ram_block1a0~porta_address_reg10 ;
; -1.423 ; 0.500        ; 1.923          ; Low Pulse Width  ; CLOCK_50 ; Rise       ; text_renderer:u_text_renderer|font_rom:u_font_rom|altsyncram:rom_rtl_0|altsyncram_ob71:auto_generated|ram_block1a0~porta_address_reg10 ;
; -1.423 ; 0.500        ; 1.923          ; High Pulse Width ; CLOCK_50 ; Rise       ; text_renderer:u_text_renderer|font_rom:u_font_rom|altsyncram:rom_rtl_0|altsyncram_ob71:auto_generated|ram_block1a0~porta_address_reg2  ;
; -1.423 ; 0.500        ; 1.923          ; Low Pulse Width  ; CLOCK_50 ; Rise       ; text_renderer:u_text_renderer|font_rom:u_font_rom|altsyncram:rom_rtl_0|altsyncram_ob71:auto_generated|ram_block1a0~porta_address_reg2  ;
; -1.423 ; 0.500        ; 1.923          ; High Pulse Width ; CLOCK_50 ; Rise       ; text_renderer:u_text_renderer|font_rom:u_font_rom|altsyncram:rom_rtl_0|altsyncram_ob71:auto_generated|ram_block1a0~porta_address_reg3  ;
; -1.423 ; 0.500        ; 1.923          ; Low Pulse Width  ; CLOCK_50 ; Rise       ; text_renderer:u_text_renderer|font_rom:u_font_rom|altsyncram:rom_rtl_0|altsyncram_ob71:auto_generated|ram_block1a0~porta_address_reg3  ;
; -1.423 ; 0.500        ; 1.923          ; High Pulse Width ; CLOCK_50 ; Rise       ; text_renderer:u_text_renderer|font_rom:u_font_rom|altsyncram:rom_rtl_0|altsyncram_ob71:auto_generated|ram_block1a0~porta_address_reg4  ;
; -1.423 ; 0.500        ; 1.923          ; Low Pulse Width  ; CLOCK_50 ; Rise       ; text_renderer:u_text_renderer|font_rom:u_font_rom|altsyncram:rom_rtl_0|altsyncram_ob71:auto_generated|ram_block1a0~porta_address_reg4  ;
; -1.423 ; 0.500        ; 1.923          ; High Pulse Width ; CLOCK_50 ; Rise       ; text_renderer:u_text_renderer|font_rom:u_font_rom|altsyncram:rom_rtl_0|altsyncram_ob71:auto_generated|ram_block1a0~porta_address_reg5  ;
; -1.423 ; 0.500        ; 1.923          ; Low Pulse Width  ; CLOCK_50 ; Rise       ; text_renderer:u_text_renderer|font_rom:u_font_rom|altsyncram:rom_rtl_0|altsyncram_ob71:auto_generated|ram_block1a0~porta_address_reg5  ;
; -1.423 ; 0.500        ; 1.923          ; High Pulse Width ; CLOCK_50 ; Rise       ; text_renderer:u_text_renderer|font_rom:u_font_rom|altsyncram:rom_rtl_0|altsyncram_ob71:auto_generated|ram_block1a0~porta_address_reg6  ;
; -1.423 ; 0.500        ; 1.923          ; Low Pulse Width  ; CLOCK_50 ; Rise       ; text_renderer:u_text_renderer|font_rom:u_font_rom|altsyncram:rom_rtl_0|altsyncram_ob71:auto_generated|ram_block1a0~porta_address_reg6  ;
; -1.423 ; 0.500        ; 1.923          ; High Pulse Width ; CLOCK_50 ; Rise       ; text_renderer:u_text_renderer|font_rom:u_font_rom|altsyncram:rom_rtl_0|altsyncram_ob71:auto_generated|ram_block1a0~porta_address_reg7  ;
; -1.423 ; 0.500        ; 1.923          ; Low Pulse Width  ; CLOCK_50 ; Rise       ; text_renderer:u_text_renderer|font_rom:u_font_rom|altsyncram:rom_rtl_0|altsyncram_ob71:auto_generated|ram_block1a0~porta_address_reg7  ;
; -1.423 ; 0.500        ; 1.923          ; High Pulse Width ; CLOCK_50 ; Rise       ; text_renderer:u_text_renderer|font_rom:u_font_rom|altsyncram:rom_rtl_0|altsyncram_ob71:auto_generated|ram_block1a0~porta_address_reg8  ;
; -1.423 ; 0.500        ; 1.923          ; Low Pulse Width  ; CLOCK_50 ; Rise       ; text_renderer:u_text_renderer|font_rom:u_font_rom|altsyncram:rom_rtl_0|altsyncram_ob71:auto_generated|ram_block1a0~porta_address_reg8  ;
; -1.423 ; 0.500        ; 1.923          ; High Pulse Width ; CLOCK_50 ; Rise       ; text_renderer:u_text_renderer|font_rom:u_font_rom|altsyncram:rom_rtl_0|altsyncram_ob71:auto_generated|ram_block1a0~porta_address_reg9  ;
; -1.423 ; 0.500        ; 1.923          ; Low Pulse Width  ; CLOCK_50 ; Rise       ; text_renderer:u_text_renderer|font_rom:u_font_rom|altsyncram:rom_rtl_0|altsyncram_ob71:auto_generated|ram_block1a0~porta_address_reg9  ;
; -1.423 ; 0.500        ; 1.923          ; High Pulse Width ; CLOCK_50 ; Rise       ; text_renderer:u_text_renderer|font_rom:u_font_rom|altsyncram:rom_rtl_0|altsyncram_ob71:auto_generated|ram_block1a1~porta_address_reg0  ;
; -1.423 ; 0.500        ; 1.923          ; Low Pulse Width  ; CLOCK_50 ; Rise       ; text_renderer:u_text_renderer|font_rom:u_font_rom|altsyncram:rom_rtl_0|altsyncram_ob71:auto_generated|ram_block1a1~porta_address_reg0  ;
; -1.423 ; 0.500        ; 1.923          ; High Pulse Width ; CLOCK_50 ; Rise       ; text_renderer:u_text_renderer|font_rom:u_font_rom|altsyncram:rom_rtl_0|altsyncram_ob71:auto_generated|ram_block1a1~porta_address_reg1  ;
; -1.423 ; 0.500        ; 1.923          ; Low Pulse Width  ; CLOCK_50 ; Rise       ; text_renderer:u_text_renderer|font_rom:u_font_rom|altsyncram:rom_rtl_0|altsyncram_ob71:auto_generated|ram_block1a1~porta_address_reg1  ;
; -1.423 ; 0.500        ; 1.923          ; High Pulse Width ; CLOCK_50 ; Rise       ; text_renderer:u_text_renderer|font_rom:u_font_rom|altsyncram:rom_rtl_0|altsyncram_ob71:auto_generated|ram_block1a1~porta_address_reg10 ;
; -1.423 ; 0.500        ; 1.923          ; Low Pulse Width  ; CLOCK_50 ; Rise       ; text_renderer:u_text_renderer|font_rom:u_font_rom|altsyncram:rom_rtl_0|altsyncram_ob71:auto_generated|ram_block1a1~porta_address_reg10 ;
; -1.423 ; 0.500        ; 1.923          ; High Pulse Width ; CLOCK_50 ; Rise       ; text_renderer:u_text_renderer|font_rom:u_font_rom|altsyncram:rom_rtl_0|altsyncram_ob71:auto_generated|ram_block1a1~porta_address_reg2  ;
; -1.423 ; 0.500        ; 1.923          ; Low Pulse Width  ; CLOCK_50 ; Rise       ; text_renderer:u_text_renderer|font_rom:u_font_rom|altsyncram:rom_rtl_0|altsyncram_ob71:auto_generated|ram_block1a1~porta_address_reg2  ;
; -1.423 ; 0.500        ; 1.923          ; High Pulse Width ; CLOCK_50 ; Rise       ; text_renderer:u_text_renderer|font_rom:u_font_rom|altsyncram:rom_rtl_0|altsyncram_ob71:auto_generated|ram_block1a1~porta_address_reg3  ;
; -1.423 ; 0.500        ; 1.923          ; Low Pulse Width  ; CLOCK_50 ; Rise       ; text_renderer:u_text_renderer|font_rom:u_font_rom|altsyncram:rom_rtl_0|altsyncram_ob71:auto_generated|ram_block1a1~porta_address_reg3  ;
; -1.423 ; 0.500        ; 1.923          ; High Pulse Width ; CLOCK_50 ; Rise       ; text_renderer:u_text_renderer|font_rom:u_font_rom|altsyncram:rom_rtl_0|altsyncram_ob71:auto_generated|ram_block1a1~porta_address_reg4  ;
; -1.423 ; 0.500        ; 1.923          ; Low Pulse Width  ; CLOCK_50 ; Rise       ; text_renderer:u_text_renderer|font_rom:u_font_rom|altsyncram:rom_rtl_0|altsyncram_ob71:auto_generated|ram_block1a1~porta_address_reg4  ;
; -1.423 ; 0.500        ; 1.923          ; High Pulse Width ; CLOCK_50 ; Rise       ; text_renderer:u_text_renderer|font_rom:u_font_rom|altsyncram:rom_rtl_0|altsyncram_ob71:auto_generated|ram_block1a1~porta_address_reg5  ;
; -1.423 ; 0.500        ; 1.923          ; Low Pulse Width  ; CLOCK_50 ; Rise       ; text_renderer:u_text_renderer|font_rom:u_font_rom|altsyncram:rom_rtl_0|altsyncram_ob71:auto_generated|ram_block1a1~porta_address_reg5  ;
+--------+--------------+----------------+------------------+----------+------------+----------------------------------------------------------------------------------------------------------------------------------------+


+------------------------------------------------------------------------------------------------------+
; Fast Model Minimum Pulse Width: 'AUD_BCLK'                                                           ;
+--------+--------------+----------------+------------------+----------+------------+------------------+
; Slack  ; Actual Width ; Required Width ; Type             ; Clock    ; Clock Edge ; Target           ;
+--------+--------------+----------------+------------------+----------+------------+------------------+
; -1.222 ; 1.000        ; 2.222          ; Port Rate        ; AUD_BCLK ; Rise       ; AUD_BCLK         ;
; -0.500 ; 0.500        ; 1.000          ; High Pulse Width ; AUD_BCLK ; Rise       ; bclk_cnt[0]      ;
; -0.500 ; 0.500        ; 1.000          ; Low Pulse Width  ; AUD_BCLK ; Rise       ; bclk_cnt[0]      ;
; -0.500 ; 0.500        ; 1.000          ; High Pulse Width ; AUD_BCLK ; Rise       ; bclk_cnt[10]     ;
; -0.500 ; 0.500        ; 1.000          ; Low Pulse Width  ; AUD_BCLK ; Rise       ; bclk_cnt[10]     ;
; -0.500 ; 0.500        ; 1.000          ; High Pulse Width ; AUD_BCLK ; Rise       ; bclk_cnt[11]     ;
; -0.500 ; 0.500        ; 1.000          ; Low Pulse Width  ; AUD_BCLK ; Rise       ; bclk_cnt[11]     ;
; -0.500 ; 0.500        ; 1.000          ; High Pulse Width ; AUD_BCLK ; Rise       ; bclk_cnt[12]     ;
; -0.500 ; 0.500        ; 1.000          ; Low Pulse Width  ; AUD_BCLK ; Rise       ; bclk_cnt[12]     ;
; -0.500 ; 0.500        ; 1.000          ; High Pulse Width ; AUD_BCLK ; Rise       ; bclk_cnt[13]     ;
; -0.500 ; 0.500        ; 1.000          ; Low Pulse Width  ; AUD_BCLK ; Rise       ; bclk_cnt[13]     ;
; -0.500 ; 0.500        ; 1.000          ; High Pulse Width ; AUD_BCLK ; Rise       ; bclk_cnt[14]     ;
; -0.500 ; 0.500        ; 1.000          ; Low Pulse Width  ; AUD_BCLK ; Rise       ; bclk_cnt[14]     ;
; -0.500 ; 0.500        ; 1.000          ; High Pulse Width ; AUD_BCLK ; Rise       ; bclk_cnt[15]     ;
; -0.500 ; 0.500        ; 1.000          ; Low Pulse Width  ; AUD_BCLK ; Rise       ; bclk_cnt[15]     ;
; -0.500 ; 0.500        ; 1.000          ; High Pulse Width ; AUD_BCLK ; Rise       ; bclk_cnt[16]     ;
; -0.500 ; 0.500        ; 1.000          ; Low Pulse Width  ; AUD_BCLK ; Rise       ; bclk_cnt[16]     ;
; -0.500 ; 0.500        ; 1.000          ; High Pulse Width ; AUD_BCLK ; Rise       ; bclk_cnt[17]     ;
; -0.500 ; 0.500        ; 1.000          ; Low Pulse Width  ; AUD_BCLK ; Rise       ; bclk_cnt[17]     ;
; -0.500 ; 0.500        ; 1.000          ; High Pulse Width ; AUD_BCLK ; Rise       ; bclk_cnt[18]     ;
; -0.500 ; 0.500        ; 1.000          ; Low Pulse Width  ; AUD_BCLK ; Rise       ; bclk_cnt[18]     ;
; -0.500 ; 0.500        ; 1.000          ; High Pulse Width ; AUD_BCLK ; Rise       ; bclk_cnt[19]     ;
; -0.500 ; 0.500        ; 1.000          ; Low Pulse Width  ; AUD_BCLK ; Rise       ; bclk_cnt[19]     ;
; -0.500 ; 0.500        ; 1.000          ; High Pulse Width ; AUD_BCLK ; Rise       ; bclk_cnt[1]      ;
; -0.500 ; 0.500        ; 1.000          ; Low Pulse Width  ; AUD_BCLK ; Rise       ; bclk_cnt[1]      ;
; -0.500 ; 0.500        ; 1.000          ; High Pulse Width ; AUD_BCLK ; Rise       ; bclk_cnt[20]     ;
; -0.500 ; 0.500        ; 1.000          ; Low Pulse Width  ; AUD_BCLK ; Rise       ; bclk_cnt[20]     ;
; -0.500 ; 0.500        ; 1.000          ; High Pulse Width ; AUD_BCLK ; Rise       ; bclk_cnt[21]     ;
; -0.500 ; 0.500        ; 1.000          ; Low Pulse Width  ; AUD_BCLK ; Rise       ; bclk_cnt[21]     ;
; -0.500 ; 0.500        ; 1.000          ; High Pulse Width ; AUD_BCLK ; Rise       ; bclk_cnt[22]     ;
; -0.500 ; 0.500        ; 1.000          ; Low Pulse Width  ; AUD_BCLK ; Rise       ; bclk_cnt[22]     ;
; -0.500 ; 0.500        ; 1.000          ; High Pulse Width ; AUD_BCLK ; Rise       ; bclk_cnt[23]     ;
; -0.500 ; 0.500        ; 1.000          ; Low Pulse Width  ; AUD_BCLK ; Rise       ; bclk_cnt[23]     ;
; -0.500 ; 0.500        ; 1.000          ; High Pulse Width ; AUD_BCLK ; Rise       ; bclk_cnt[2]      ;
; -0.500 ; 0.500        ; 1.000          ; Low Pulse Width  ; AUD_BCLK ; Rise       ; bclk_cnt[2]      ;
; -0.500 ; 0.500        ; 1.000          ; High Pulse Width ; AUD_BCLK ; Rise       ; bclk_cnt[3]      ;
; -0.500 ; 0.500        ; 1.000          ; Low Pulse Width  ; AUD_BCLK ; Rise       ; bclk_cnt[3]      ;
; -0.500 ; 0.500        ; 1.000          ; High Pulse Width ; AUD_BCLK ; Rise       ; bclk_cnt[4]      ;
; -0.500 ; 0.500        ; 1.000          ; Low Pulse Width  ; AUD_BCLK ; Rise       ; bclk_cnt[4]      ;
; -0.500 ; 0.500        ; 1.000          ; High Pulse Width ; AUD_BCLK ; Rise       ; bclk_cnt[5]      ;
; -0.500 ; 0.500        ; 1.000          ; Low Pulse Width  ; AUD_BCLK ; Rise       ; bclk_cnt[5]      ;
; -0.500 ; 0.500        ; 1.000          ; High Pulse Width ; AUD_BCLK ; Rise       ; bclk_cnt[6]      ;
; -0.500 ; 0.500        ; 1.000          ; Low Pulse Width  ; AUD_BCLK ; Rise       ; bclk_cnt[6]      ;
; -0.500 ; 0.500        ; 1.000          ; High Pulse Width ; AUD_BCLK ; Rise       ; bclk_cnt[7]      ;
; -0.500 ; 0.500        ; 1.000          ; Low Pulse Width  ; AUD_BCLK ; Rise       ; bclk_cnt[7]      ;
; -0.500 ; 0.500        ; 1.000          ; High Pulse Width ; AUD_BCLK ; Rise       ; bclk_cnt[8]      ;
; -0.500 ; 0.500        ; 1.000          ; Low Pulse Width  ; AUD_BCLK ; Rise       ; bclk_cnt[8]      ;
; -0.500 ; 0.500        ; 1.000          ; High Pulse Width ; AUD_BCLK ; Rise       ; bclk_cnt[9]      ;
; -0.500 ; 0.500        ; 1.000          ; Low Pulse Width  ; AUD_BCLK ; Rise       ; bclk_cnt[9]      ;
; 0.500  ; 0.500        ; 0.000          ; High Pulse Width ; AUD_BCLK ; Rise       ; AUD_BCLK|combout ;
; 0.500  ; 0.500        ; 0.000          ; Low Pulse Width  ; AUD_BCLK ; Rise       ; AUD_BCLK|combout ;
; 0.500  ; 0.500        ; 0.000          ; High Pulse Width ; AUD_BCLK ; Rise       ; bclk_cnt[0]|clk  ;
; 0.500  ; 0.500        ; 0.000          ; Low Pulse Width  ; AUD_BCLK ; Rise       ; bclk_cnt[0]|clk  ;
; 0.500  ; 0.500        ; 0.000          ; High Pulse Width ; AUD_BCLK ; Rise       ; bclk_cnt[10]|clk ;
; 0.500  ; 0.500        ; 0.000          ; Low Pulse Width  ; AUD_BCLK ; Rise       ; bclk_cnt[10]|clk ;
; 0.500  ; 0.500        ; 0.000          ; High Pulse Width ; AUD_BCLK ; Rise       ; bclk_cnt[11]|clk ;
; 0.500  ; 0.500        ; 0.000          ; Low Pulse Width  ; AUD_BCLK ; Rise       ; bclk_cnt[11]|clk ;
; 0.500  ; 0.500        ; 0.000          ; High Pulse Width ; AUD_BCLK ; Rise       ; bclk_cnt[12]|clk ;
; 0.500  ; 0.500        ; 0.000          ; Low Pulse Width  ; AUD_BCLK ; Rise       ; bclk_cnt[12]|clk ;
; 0.500  ; 0.500        ; 0.000          ; High Pulse Width ; AUD_BCLK ; Rise       ; bclk_cnt[13]|clk ;
; 0.500  ; 0.500        ; 0.000          ; Low Pulse Width  ; AUD_BCLK ; Rise       ; bclk_cnt[13]|clk ;
; 0.500  ; 0.500        ; 0.000          ; High Pulse Width ; AUD_BCLK ; Rise       ; bclk_cnt[14]|clk ;
; 0.500  ; 0.500        ; 0.000          ; Low Pulse Width  ; AUD_BCLK ; Rise       ; bclk_cnt[14]|clk ;
; 0.500  ; 0.500        ; 0.000          ; High Pulse Width ; AUD_BCLK ; Rise       ; bclk_cnt[15]|clk ;
; 0.500  ; 0.500        ; 0.000          ; Low Pulse Width  ; AUD_BCLK ; Rise       ; bclk_cnt[15]|clk ;
; 0.500  ; 0.500        ; 0.000          ; High Pulse Width ; AUD_BCLK ; Rise       ; bclk_cnt[16]|clk ;
; 0.500  ; 0.500        ; 0.000          ; Low Pulse Width  ; AUD_BCLK ; Rise       ; bclk_cnt[16]|clk ;
; 0.500  ; 0.500        ; 0.000          ; High Pulse Width ; AUD_BCLK ; Rise       ; bclk_cnt[17]|clk ;
; 0.500  ; 0.500        ; 0.000          ; Low Pulse Width  ; AUD_BCLK ; Rise       ; bclk_cnt[17]|clk ;
; 0.500  ; 0.500        ; 0.000          ; High Pulse Width ; AUD_BCLK ; Rise       ; bclk_cnt[18]|clk ;
; 0.500  ; 0.500        ; 0.000          ; Low Pulse Width  ; AUD_BCLK ; Rise       ; bclk_cnt[18]|clk ;
; 0.500  ; 0.500        ; 0.000          ; High Pulse Width ; AUD_BCLK ; Rise       ; bclk_cnt[19]|clk ;
; 0.500  ; 0.500        ; 0.000          ; Low Pulse Width  ; AUD_BCLK ; Rise       ; bclk_cnt[19]|clk ;
; 0.500  ; 0.500        ; 0.000          ; High Pulse Width ; AUD_BCLK ; Rise       ; bclk_cnt[1]|clk  ;
; 0.500  ; 0.500        ; 0.000          ; Low Pulse Width  ; AUD_BCLK ; Rise       ; bclk_cnt[1]|clk  ;
; 0.500  ; 0.500        ; 0.000          ; High Pulse Width ; AUD_BCLK ; Rise       ; bclk_cnt[20]|clk ;
; 0.500  ; 0.500        ; 0.000          ; Low Pulse Width  ; AUD_BCLK ; Rise       ; bclk_cnt[20]|clk ;
; 0.500  ; 0.500        ; 0.000          ; High Pulse Width ; AUD_BCLK ; Rise       ; bclk_cnt[21]|clk ;
; 0.500  ; 0.500        ; 0.000          ; Low Pulse Width  ; AUD_BCLK ; Rise       ; bclk_cnt[21]|clk ;
; 0.500  ; 0.500        ; 0.000          ; High Pulse Width ; AUD_BCLK ; Rise       ; bclk_cnt[22]|clk ;
; 0.500  ; 0.500        ; 0.000          ; Low Pulse Width  ; AUD_BCLK ; Rise       ; bclk_cnt[22]|clk ;
; 0.500  ; 0.500        ; 0.000          ; High Pulse Width ; AUD_BCLK ; Rise       ; bclk_cnt[23]|clk ;
; 0.500  ; 0.500        ; 0.000          ; Low Pulse Width  ; AUD_BCLK ; Rise       ; bclk_cnt[23]|clk ;
; 0.500  ; 0.500        ; 0.000          ; High Pulse Width ; AUD_BCLK ; Rise       ; bclk_cnt[2]|clk  ;
; 0.500  ; 0.500        ; 0.000          ; Low Pulse Width  ; AUD_BCLK ; Rise       ; bclk_cnt[2]|clk  ;
; 0.500  ; 0.500        ; 0.000          ; High Pulse Width ; AUD_BCLK ; Rise       ; bclk_cnt[3]|clk  ;
; 0.500  ; 0.500        ; 0.000          ; Low Pulse Width  ; AUD_BCLK ; Rise       ; bclk_cnt[3]|clk  ;
; 0.500  ; 0.500        ; 0.000          ; High Pulse Width ; AUD_BCLK ; Rise       ; bclk_cnt[4]|clk  ;
; 0.500  ; 0.500        ; 0.000          ; Low Pulse Width  ; AUD_BCLK ; Rise       ; bclk_cnt[4]|clk  ;
; 0.500  ; 0.500        ; 0.000          ; High Pulse Width ; AUD_BCLK ; Rise       ; bclk_cnt[5]|clk  ;
; 0.500  ; 0.500        ; 0.000          ; Low Pulse Width  ; AUD_BCLK ; Rise       ; bclk_cnt[5]|clk  ;
; 0.500  ; 0.500        ; 0.000          ; High Pulse Width ; AUD_BCLK ; Rise       ; bclk_cnt[6]|clk  ;
; 0.500  ; 0.500        ; 0.000          ; Low Pulse Width  ; AUD_BCLK ; Rise       ; bclk_cnt[6]|clk  ;
; 0.500  ; 0.500        ; 0.000          ; High Pulse Width ; AUD_BCLK ; Rise       ; bclk_cnt[7]|clk  ;
; 0.500  ; 0.500        ; 0.000          ; Low Pulse Width  ; AUD_BCLK ; Rise       ; bclk_cnt[7]|clk  ;
; 0.500  ; 0.500        ; 0.000          ; High Pulse Width ; AUD_BCLK ; Rise       ; bclk_cnt[8]|clk  ;
; 0.500  ; 0.500        ; 0.000          ; Low Pulse Width  ; AUD_BCLK ; Rise       ; bclk_cnt[8]|clk  ;
; 0.500  ; 0.500        ; 0.000          ; High Pulse Width ; AUD_BCLK ; Rise       ; bclk_cnt[9]|clk  ;
; 0.500  ; 0.500        ; 0.000          ; Low Pulse Width  ; AUD_BCLK ; Rise       ; bclk_cnt[9]|clk  ;
+--------+--------------+----------------+------------------+----------+------------+------------------+


+------------------------------------------------------------------------------------------------------------+
; Fast Model Minimum Pulse Width: 'AUD_DACLRCK'                                                              ;
+--------+--------------+----------------+------------------+-------------+------------+---------------------+
; Slack  ; Actual Width ; Required Width ; Type             ; Clock       ; Clock Edge ; Target              ;
+--------+--------------+----------------+------------------+-------------+------------+---------------------+
; -1.222 ; 1.000        ; 2.222          ; Port Rate        ; AUD_DACLRCK ; Rise       ; AUD_DACLRCK         ;
; -0.500 ; 0.500        ; 1.000          ; High Pulse Width ; AUD_DACLRCK ; Rise       ; lrck_cnt[0]         ;
; -0.500 ; 0.500        ; 1.000          ; Low Pulse Width  ; AUD_DACLRCK ; Rise       ; lrck_cnt[0]         ;
; -0.500 ; 0.500        ; 1.000          ; High Pulse Width ; AUD_DACLRCK ; Rise       ; lrck_cnt[10]        ;
; -0.500 ; 0.500        ; 1.000          ; Low Pulse Width  ; AUD_DACLRCK ; Rise       ; lrck_cnt[10]        ;
; -0.500 ; 0.500        ; 1.000          ; High Pulse Width ; AUD_DACLRCK ; Rise       ; lrck_cnt[11]        ;
; -0.500 ; 0.500        ; 1.000          ; Low Pulse Width  ; AUD_DACLRCK ; Rise       ; lrck_cnt[11]        ;
; -0.500 ; 0.500        ; 1.000          ; High Pulse Width ; AUD_DACLRCK ; Rise       ; lrck_cnt[12]        ;
; -0.500 ; 0.500        ; 1.000          ; Low Pulse Width  ; AUD_DACLRCK ; Rise       ; lrck_cnt[12]        ;
; -0.500 ; 0.500        ; 1.000          ; High Pulse Width ; AUD_DACLRCK ; Rise       ; lrck_cnt[13]        ;
; -0.500 ; 0.500        ; 1.000          ; Low Pulse Width  ; AUD_DACLRCK ; Rise       ; lrck_cnt[13]        ;
; -0.500 ; 0.500        ; 1.000          ; High Pulse Width ; AUD_DACLRCK ; Rise       ; lrck_cnt[14]        ;
; -0.500 ; 0.500        ; 1.000          ; Low Pulse Width  ; AUD_DACLRCK ; Rise       ; lrck_cnt[14]        ;
; -0.500 ; 0.500        ; 1.000          ; High Pulse Width ; AUD_DACLRCK ; Rise       ; lrck_cnt[15]        ;
; -0.500 ; 0.500        ; 1.000          ; Low Pulse Width  ; AUD_DACLRCK ; Rise       ; lrck_cnt[15]        ;
; -0.500 ; 0.500        ; 1.000          ; High Pulse Width ; AUD_DACLRCK ; Rise       ; lrck_cnt[1]         ;
; -0.500 ; 0.500        ; 1.000          ; Low Pulse Width  ; AUD_DACLRCK ; Rise       ; lrck_cnt[1]         ;
; -0.500 ; 0.500        ; 1.000          ; High Pulse Width ; AUD_DACLRCK ; Rise       ; lrck_cnt[2]         ;
; -0.500 ; 0.500        ; 1.000          ; Low Pulse Width  ; AUD_DACLRCK ; Rise       ; lrck_cnt[2]         ;
; -0.500 ; 0.500        ; 1.000          ; High Pulse Width ; AUD_DACLRCK ; Rise       ; lrck_cnt[3]         ;
; -0.500 ; 0.500        ; 1.000          ; Low Pulse Width  ; AUD_DACLRCK ; Rise       ; lrck_cnt[3]         ;
; -0.500 ; 0.500        ; 1.000          ; High Pulse Width ; AUD_DACLRCK ; Rise       ; lrck_cnt[4]         ;
; -0.500 ; 0.500        ; 1.000          ; Low Pulse Width  ; AUD_DACLRCK ; Rise       ; lrck_cnt[4]         ;
; -0.500 ; 0.500        ; 1.000          ; High Pulse Width ; AUD_DACLRCK ; Rise       ; lrck_cnt[5]         ;
; -0.500 ; 0.500        ; 1.000          ; Low Pulse Width  ; AUD_DACLRCK ; Rise       ; lrck_cnt[5]         ;
; -0.500 ; 0.500        ; 1.000          ; High Pulse Width ; AUD_DACLRCK ; Rise       ; lrck_cnt[6]         ;
; -0.500 ; 0.500        ; 1.000          ; Low Pulse Width  ; AUD_DACLRCK ; Rise       ; lrck_cnt[6]         ;
; -0.500 ; 0.500        ; 1.000          ; High Pulse Width ; AUD_DACLRCK ; Rise       ; lrck_cnt[7]         ;
; -0.500 ; 0.500        ; 1.000          ; Low Pulse Width  ; AUD_DACLRCK ; Rise       ; lrck_cnt[7]         ;
; -0.500 ; 0.500        ; 1.000          ; High Pulse Width ; AUD_DACLRCK ; Rise       ; lrck_cnt[8]         ;
; -0.500 ; 0.500        ; 1.000          ; Low Pulse Width  ; AUD_DACLRCK ; Rise       ; lrck_cnt[8]         ;
; -0.500 ; 0.500        ; 1.000          ; High Pulse Width ; AUD_DACLRCK ; Rise       ; lrck_cnt[9]         ;
; -0.500 ; 0.500        ; 1.000          ; Low Pulse Width  ; AUD_DACLRCK ; Rise       ; lrck_cnt[9]         ;
; 0.500  ; 0.500        ; 0.000          ; High Pulse Width ; AUD_DACLRCK ; Rise       ; AUD_DACLRCK|combout ;
; 0.500  ; 0.500        ; 0.000          ; Low Pulse Width  ; AUD_DACLRCK ; Rise       ; AUD_DACLRCK|combout ;
; 0.500  ; 0.500        ; 0.000          ; High Pulse Width ; AUD_DACLRCK ; Rise       ; lrck_cnt[0]|clk     ;
; 0.500  ; 0.500        ; 0.000          ; Low Pulse Width  ; AUD_DACLRCK ; Rise       ; lrck_cnt[0]|clk     ;
; 0.500  ; 0.500        ; 0.000          ; High Pulse Width ; AUD_DACLRCK ; Rise       ; lrck_cnt[10]|clk    ;
; 0.500  ; 0.500        ; 0.000          ; Low Pulse Width  ; AUD_DACLRCK ; Rise       ; lrck_cnt[10]|clk    ;
; 0.500  ; 0.500        ; 0.000          ; High Pulse Width ; AUD_DACLRCK ; Rise       ; lrck_cnt[11]|clk    ;
; 0.500  ; 0.500        ; 0.000          ; Low Pulse Width  ; AUD_DACLRCK ; Rise       ; lrck_cnt[11]|clk    ;
; 0.500  ; 0.500        ; 0.000          ; High Pulse Width ; AUD_DACLRCK ; Rise       ; lrck_cnt[12]|clk    ;
; 0.500  ; 0.500        ; 0.000          ; Low Pulse Width  ; AUD_DACLRCK ; Rise       ; lrck_cnt[12]|clk    ;
; 0.500  ; 0.500        ; 0.000          ; High Pulse Width ; AUD_DACLRCK ; Rise       ; lrck_cnt[13]|clk    ;
; 0.500  ; 0.500        ; 0.000          ; Low Pulse Width  ; AUD_DACLRCK ; Rise       ; lrck_cnt[13]|clk    ;
; 0.500  ; 0.500        ; 0.000          ; High Pulse Width ; AUD_DACLRCK ; Rise       ; lrck_cnt[14]|clk    ;
; 0.500  ; 0.500        ; 0.000          ; Low Pulse Width  ; AUD_DACLRCK ; Rise       ; lrck_cnt[14]|clk    ;
; 0.500  ; 0.500        ; 0.000          ; High Pulse Width ; AUD_DACLRCK ; Rise       ; lrck_cnt[15]|clk    ;
; 0.500  ; 0.500        ; 0.000          ; Low Pulse Width  ; AUD_DACLRCK ; Rise       ; lrck_cnt[15]|clk    ;
; 0.500  ; 0.500        ; 0.000          ; High Pulse Width ; AUD_DACLRCK ; Rise       ; lrck_cnt[1]|clk     ;
; 0.500  ; 0.500        ; 0.000          ; Low Pulse Width  ; AUD_DACLRCK ; Rise       ; lrck_cnt[1]|clk     ;
; 0.500  ; 0.500        ; 0.000          ; High Pulse Width ; AUD_DACLRCK ; Rise       ; lrck_cnt[2]|clk     ;
; 0.500  ; 0.500        ; 0.000          ; Low Pulse Width  ; AUD_DACLRCK ; Rise       ; lrck_cnt[2]|clk     ;
; 0.500  ; 0.500        ; 0.000          ; High Pulse Width ; AUD_DACLRCK ; Rise       ; lrck_cnt[3]|clk     ;
; 0.500  ; 0.500        ; 0.000          ; Low Pulse Width  ; AUD_DACLRCK ; Rise       ; lrck_cnt[3]|clk     ;
; 0.500  ; 0.500        ; 0.000          ; High Pulse Width ; AUD_DACLRCK ; Rise       ; lrck_cnt[4]|clk     ;
; 0.500  ; 0.500        ; 0.000          ; Low Pulse Width  ; AUD_DACLRCK ; Rise       ; lrck_cnt[4]|clk     ;
; 0.500  ; 0.500        ; 0.000          ; High Pulse Width ; AUD_DACLRCK ; Rise       ; lrck_cnt[5]|clk     ;
; 0.500  ; 0.500        ; 0.000          ; Low Pulse Width  ; AUD_DACLRCK ; Rise       ; lrck_cnt[5]|clk     ;
; 0.500  ; 0.500        ; 0.000          ; High Pulse Width ; AUD_DACLRCK ; Rise       ; lrck_cnt[6]|clk     ;
; 0.500  ; 0.500        ; 0.000          ; Low Pulse Width  ; AUD_DACLRCK ; Rise       ; lrck_cnt[6]|clk     ;
; 0.500  ; 0.500        ; 0.000          ; High Pulse Width ; AUD_DACLRCK ; Rise       ; lrck_cnt[7]|clk     ;
; 0.500  ; 0.500        ; 0.000          ; Low Pulse Width  ; AUD_DACLRCK ; Rise       ; lrck_cnt[7]|clk     ;
; 0.500  ; 0.500        ; 0.000          ; High Pulse Width ; AUD_DACLRCK ; Rise       ; lrck_cnt[8]|clk     ;
; 0.500  ; 0.500        ; 0.000          ; Low Pulse Width  ; AUD_DACLRCK ; Rise       ; lrck_cnt[8]|clk     ;
; 0.500  ; 0.500        ; 0.000          ; High Pulse Width ; AUD_DACLRCK ; Rise       ; lrck_cnt[9]|clk     ;
; 0.500  ; 0.500        ; 0.000          ; Low Pulse Width  ; AUD_DACLRCK ; Rise       ; lrck_cnt[9]|clk     ;
+--------+--------------+----------------+------------------+-------------+------------+---------------------+


+---------------------------------------------------------------------------+
; Setup Times                                                               ;
+-------------+------------+--------+--------+------------+-----------------+
; Data Port   ; Clock Port ; Rise   ; Fall   ; Clock Edge ; Clock Reference ;
+-------------+------------+--------+--------+------------+-----------------+
; AUD_ADCDAT  ; CLOCK_50   ; 2.489  ; 2.489  ; Rise       ; CLOCK_50        ;
; AUD_ADCLRCK ; CLOCK_50   ; 2.469  ; 2.469  ; Rise       ; CLOCK_50        ;
; AUD_BCLK    ; CLOCK_50   ; -0.051 ; -0.051 ; Rise       ; CLOCK_50        ;
; AUD_DACLRCK ; CLOCK_50   ; -0.114 ; -0.114 ; Rise       ; CLOCK_50        ;
; KEY[*]      ; CLOCK_50   ; 4.057  ; 4.057  ; Rise       ; CLOCK_50        ;
;  KEY[0]     ; CLOCK_50   ; 3.914  ; 3.914  ; Rise       ; CLOCK_50        ;
;  KEY[1]     ; CLOCK_50   ; 4.057  ; 4.057  ; Rise       ; CLOCK_50        ;
;  KEY[2]     ; CLOCK_50   ; 1.966  ; 1.966  ; Rise       ; CLOCK_50        ;
; SW[*]       ; CLOCK_50   ; 3.524  ; 3.524  ; Rise       ; CLOCK_50        ;
;  SW[0]      ; CLOCK_50   ; 3.084  ; 3.084  ; Rise       ; CLOCK_50        ;
;  SW[1]      ; CLOCK_50   ; 3.056  ; 3.056  ; Rise       ; CLOCK_50        ;
;  SW[2]      ; CLOCK_50   ; 3.019  ; 3.019  ; Rise       ; CLOCK_50        ;
;  SW[3]      ; CLOCK_50   ; 2.667  ; 2.667  ; Rise       ; CLOCK_50        ;
;  SW[17]     ; CLOCK_50   ; 3.524  ; 3.524  ; Rise       ; CLOCK_50        ;
+-------------+------------+--------+--------+------------+-----------------+


+---------------------------------------------------------------------------+
; Hold Times                                                                ;
+-------------+------------+--------+--------+------------+-----------------+
; Data Port   ; Clock Port ; Rise   ; Fall   ; Clock Edge ; Clock Reference ;
+-------------+------------+--------+--------+------------+-----------------+
; AUD_ADCDAT  ; CLOCK_50   ; -2.369 ; -2.369 ; Rise       ; CLOCK_50        ;
; AUD_ADCLRCK ; CLOCK_50   ; -2.349 ; -2.349 ; Rise       ; CLOCK_50        ;
; AUD_BCLK    ; CLOCK_50   ; 0.171  ; 0.171  ; Rise       ; CLOCK_50        ;
; AUD_DACLRCK ; CLOCK_50   ; 0.234  ; 0.234  ; Rise       ; CLOCK_50        ;
; KEY[*]      ; CLOCK_50   ; -1.846 ; -1.846 ; Rise       ; CLOCK_50        ;
;  KEY[0]     ; CLOCK_50   ; -2.423 ; -2.423 ; Rise       ; CLOCK_50        ;
;  KEY[1]     ; CLOCK_50   ; -2.462 ; -2.462 ; Rise       ; CLOCK_50        ;
;  KEY[2]     ; CLOCK_50   ; -1.846 ; -1.846 ; Rise       ; CLOCK_50        ;
; SW[*]       ; CLOCK_50   ; -1.496 ; -1.496 ; Rise       ; CLOCK_50        ;
;  SW[0]      ; CLOCK_50   ; -1.925 ; -1.925 ; Rise       ; CLOCK_50        ;
;  SW[1]      ; CLOCK_50   ; -1.894 ; -1.894 ; Rise       ; CLOCK_50        ;
;  SW[2]      ; CLOCK_50   ; -1.857 ; -1.857 ; Rise       ; CLOCK_50        ;
;  SW[3]      ; CLOCK_50   ; -1.496 ; -1.496 ; Rise       ; CLOCK_50        ;
;  SW[17]     ; CLOCK_50   ; -3.051 ; -3.051 ; Rise       ; CLOCK_50        ;
+-------------+------------+--------+--------+------------+-----------------+


+-------------------------------------------------------------------------+
; Clock to Output Times                                                   ;
+------------+-------------+-------+-------+------------+-----------------+
; Data Port  ; Clock Port  ; Rise  ; Fall  ; Clock Edge ; Clock Reference ;
+------------+-------------+-------+-------+------------+-----------------+
; LEDG[*]    ; AUD_BCLK    ; 4.797 ; 4.797 ; Rise       ; AUD_BCLK        ;
;  LEDG[1]   ; AUD_BCLK    ; 4.797 ; 4.797 ; Rise       ; AUD_BCLK        ;
; LEDG[*]    ; AUD_DACLRCK ; 5.224 ; 5.224 ; Rise       ; AUD_DACLRCK     ;
;  LEDG[2]   ; AUD_DACLRCK ; 5.224 ; 5.224 ; Rise       ; AUD_DACLRCK     ;
; AUD_DACDAT ; CLOCK_50    ; 5.624 ; 5.624 ; Rise       ; CLOCK_50        ;
; AUD_XCK    ; CLOCK_50    ; 5.087 ; 5.087 ; Rise       ; CLOCK_50        ;
; I2C_SCLK   ; CLOCK_50    ; 4.276 ; 4.276 ; Rise       ; CLOCK_50        ;
; I2C_SDAT   ; CLOCK_50    ; 4.263 ; 4.263 ; Rise       ; CLOCK_50        ;
; LEDG[*]    ; CLOCK_50    ; 4.952 ; 4.952 ; Rise       ; CLOCK_50        ;
;  LEDG[0]   ; CLOCK_50    ; 4.907 ; 4.907 ; Rise       ; CLOCK_50        ;
;  LEDG[3]   ; CLOCK_50    ; 4.597 ; 4.597 ; Rise       ; CLOCK_50        ;
;  LEDG[4]   ; CLOCK_50    ; 4.952 ; 4.952 ; Rise       ; CLOCK_50        ;
;  LEDG[5]   ; CLOCK_50    ; 4.515 ; 4.515 ; Rise       ; CLOCK_50        ;
;  LEDG[6]   ; CLOCK_50    ; 4.485 ; 4.485 ; Rise       ; CLOCK_50        ;
; LEDR[*]    ; CLOCK_50    ; 5.186 ; 5.186 ; Rise       ; CLOCK_50        ;
;  LEDR[5]   ; CLOCK_50    ; 4.909 ; 4.909 ; Rise       ; CLOCK_50        ;
;  LEDR[6]   ; CLOCK_50    ; 5.186 ; 5.186 ; Rise       ; CLOCK_50        ;
;  LEDR[7]   ; CLOCK_50    ; 4.562 ; 4.562 ; Rise       ; CLOCK_50        ;
;  LEDR[8]   ; CLOCK_50    ; 4.455 ; 4.455 ; Rise       ; CLOCK_50        ;
;  LEDR[9]   ; CLOCK_50    ; 4.676 ; 4.676 ; Rise       ; CLOCK_50        ;
;  LEDR[10]  ; CLOCK_50    ; 4.645 ; 4.645 ; Rise       ; CLOCK_50        ;
; VGA_BLANK  ; CLOCK_50    ; 5.618 ; 5.618 ; Rise       ; CLOCK_50        ;
; VGA_CLK    ; CLOCK_50    ; 4.425 ; 4.425 ; Rise       ; CLOCK_50        ;
; VGA_G[*]   ; CLOCK_50    ; 4.494 ; 4.494 ; Rise       ; CLOCK_50        ;
;  VGA_G[7]  ; CLOCK_50    ; 4.494 ; 4.494 ; Rise       ; CLOCK_50        ;
;  VGA_G[8]  ; CLOCK_50    ; 4.388 ; 4.388 ; Rise       ; CLOCK_50        ;
;  VGA_G[9]  ; CLOCK_50    ; 4.389 ; 4.389 ; Rise       ; CLOCK_50        ;
; VGA_HS     ; CLOCK_50    ; 5.551 ; 5.551 ; Rise       ; CLOCK_50        ;
; VGA_R[*]   ; CLOCK_50    ; 4.592 ; 4.592 ; Rise       ; CLOCK_50        ;
;  VGA_R[6]  ; CLOCK_50    ; 4.592 ; 4.592 ; Rise       ; CLOCK_50        ;
;  VGA_R[7]  ; CLOCK_50    ; 4.577 ; 4.577 ; Rise       ; CLOCK_50        ;
;  VGA_R[8]  ; CLOCK_50    ; 4.586 ; 4.586 ; Rise       ; CLOCK_50        ;
;  VGA_R[9]  ; CLOCK_50    ; 4.567 ; 4.567 ; Rise       ; CLOCK_50        ;
; VGA_VS     ; CLOCK_50    ; 5.665 ; 5.665 ; Rise       ; CLOCK_50        ;
+------------+-------------+-------+-------+------------+-----------------+


+-------------------------------------------------------------------------+
; Minimum Clock to Output Times                                           ;
+------------+-------------+-------+-------+------------+-----------------+
; Data Port  ; Clock Port  ; Rise  ; Fall  ; Clock Edge ; Clock Reference ;
+------------+-------------+-------+-------+------------+-----------------+
; LEDG[*]    ; AUD_BCLK    ; 4.797 ; 4.797 ; Rise       ; AUD_BCLK        ;
;  LEDG[1]   ; AUD_BCLK    ; 4.797 ; 4.797 ; Rise       ; AUD_BCLK        ;
; LEDG[*]    ; AUD_DACLRCK ; 5.224 ; 5.224 ; Rise       ; AUD_DACLRCK     ;
;  LEDG[2]   ; AUD_DACLRCK ; 5.224 ; 5.224 ; Rise       ; AUD_DACLRCK     ;
; AUD_DACDAT ; CLOCK_50    ; 5.624 ; 5.624 ; Rise       ; CLOCK_50        ;
; AUD_XCK    ; CLOCK_50    ; 5.087 ; 5.087 ; Rise       ; CLOCK_50        ;
; I2C_SCLK   ; CLOCK_50    ; 4.276 ; 4.276 ; Rise       ; CLOCK_50        ;
; I2C_SDAT   ; CLOCK_50    ; 4.263 ; 4.263 ; Rise       ; CLOCK_50        ;
; LEDG[*]    ; CLOCK_50    ; 4.485 ; 4.485 ; Rise       ; CLOCK_50        ;
;  LEDG[0]   ; CLOCK_50    ; 4.907 ; 4.907 ; Rise       ; CLOCK_50        ;
;  LEDG[3]   ; CLOCK_50    ; 4.597 ; 4.597 ; Rise       ; CLOCK_50        ;
;  LEDG[4]   ; CLOCK_50    ; 4.952 ; 4.952 ; Rise       ; CLOCK_50        ;
;  LEDG[5]   ; CLOCK_50    ; 4.515 ; 4.515 ; Rise       ; CLOCK_50        ;
;  LEDG[6]   ; CLOCK_50    ; 4.485 ; 4.485 ; Rise       ; CLOCK_50        ;
; LEDR[*]    ; CLOCK_50    ; 4.455 ; 4.455 ; Rise       ; CLOCK_50        ;
;  LEDR[5]   ; CLOCK_50    ; 4.909 ; 4.909 ; Rise       ; CLOCK_50        ;
;  LEDR[6]   ; CLOCK_50    ; 5.186 ; 5.186 ; Rise       ; CLOCK_50        ;
;  LEDR[7]   ; CLOCK_50    ; 4.562 ; 4.562 ; Rise       ; CLOCK_50        ;
;  LEDR[8]   ; CLOCK_50    ; 4.455 ; 4.455 ; Rise       ; CLOCK_50        ;
;  LEDR[9]   ; CLOCK_50    ; 4.676 ; 4.676 ; Rise       ; CLOCK_50        ;
;  LEDR[10]  ; CLOCK_50    ; 4.645 ; 4.645 ; Rise       ; CLOCK_50        ;
; VGA_BLANK  ; CLOCK_50    ; 5.424 ; 5.424 ; Rise       ; CLOCK_50        ;
; VGA_CLK    ; CLOCK_50    ; 4.425 ; 4.425 ; Rise       ; CLOCK_50        ;
; VGA_G[*]   ; CLOCK_50    ; 4.388 ; 4.388 ; Rise       ; CLOCK_50        ;
;  VGA_G[7]  ; CLOCK_50    ; 4.494 ; 4.494 ; Rise       ; CLOCK_50        ;
;  VGA_G[8]  ; CLOCK_50    ; 4.388 ; 4.388 ; Rise       ; CLOCK_50        ;
;  VGA_G[9]  ; CLOCK_50    ; 4.389 ; 4.389 ; Rise       ; CLOCK_50        ;
; VGA_HS     ; CLOCK_50    ; 5.132 ; 5.132 ; Rise       ; CLOCK_50        ;
; VGA_R[*]   ; CLOCK_50    ; 4.567 ; 4.567 ; Rise       ; CLOCK_50        ;
;  VGA_R[6]  ; CLOCK_50    ; 4.592 ; 4.592 ; Rise       ; CLOCK_50        ;
;  VGA_R[7]  ; CLOCK_50    ; 4.577 ; 4.577 ; Rise       ; CLOCK_50        ;
;  VGA_R[8]  ; CLOCK_50    ; 4.586 ; 4.586 ; Rise       ; CLOCK_50        ;
;  VGA_R[9]  ; CLOCK_50    ; 4.567 ; 4.567 ; Rise       ; CLOCK_50        ;
; VGA_VS     ; CLOCK_50    ; 4.926 ; 4.926 ; Rise       ; CLOCK_50        ;
+------------+-------------+-------+-------+------------+-----------------+


+----------------------------------------------------------+
; Propagation Delay                                        ;
+------------+-------------+-------+-------+-------+-------+
; Input Port ; Output Port ; RR    ; RF    ; FR    ; FF    ;
+------------+-------------+-------+-------+-------+-------+
; SW[0]      ; HEX0[0]     ; 4.159 ; 4.159 ; 4.159 ; 4.159 ;
; SW[0]      ; HEX0[1]     ; 4.030 ; 4.030 ; 4.030 ; 4.030 ;
; SW[0]      ; HEX0[2]     ;       ; 4.071 ; 4.071 ;       ;
; SW[0]      ; HEX0[3]     ; 4.054 ; 4.054 ; 4.054 ; 4.054 ;
; SW[0]      ; HEX0[4]     ; 4.038 ;       ;       ; 4.038 ;
; SW[0]      ; HEX0[5]     ; 4.026 ;       ;       ; 4.026 ;
; SW[0]      ; HEX0[6]     ; 4.019 ;       ;       ; 4.019 ;
; SW[0]      ; LEDR[0]     ; 3.646 ;       ;       ; 3.646 ;
; SW[1]      ; HEX0[0]     ;       ; 4.129 ; 4.129 ;       ;
; SW[1]      ; HEX0[1]     ; 4.000 ; 4.000 ; 4.000 ; 4.000 ;
; SW[1]      ; HEX0[2]     ; 4.047 ;       ;       ; 4.047 ;
; SW[1]      ; HEX0[3]     ; 4.024 ; 4.024 ; 4.024 ; 4.024 ;
; SW[1]      ; HEX0[4]     ; 4.006 ; 4.006 ; 4.006 ; 4.006 ;
; SW[1]      ; HEX0[5]     ; 4.003 ;       ;       ; 4.003 ;
; SW[1]      ; HEX0[6]     ; 3.994 ; 3.994 ; 3.994 ; 3.994 ;
; SW[1]      ; LEDG[7]     ;       ; 3.529 ; 3.529 ;       ;
; SW[1]      ; LEDR[0]     ; 3.448 ;       ;       ; 3.448 ;
; SW[1]      ; LEDR[1]     ; 3.473 ;       ;       ; 3.473 ;
; SW[1]      ; LEDR[2]     ; 3.419 ;       ;       ; 3.419 ;
; SW[1]      ; LEDR[3]     ;       ; 3.422 ; 3.422 ;       ;
; SW[1]      ; LEDR[4]     ; 3.481 ;       ;       ; 3.481 ;
; SW[2]      ; HEX0[0]     ; 4.084 ; 4.084 ; 4.084 ; 4.084 ;
; SW[2]      ; HEX0[1]     ; 3.964 ;       ;       ; 3.964 ;
; SW[2]      ; HEX0[2]     ;       ; 4.014 ; 4.014 ;       ;
; SW[2]      ; HEX0[3]     ; 3.983 ; 3.983 ; 3.983 ; 3.983 ;
; SW[2]      ; HEX0[4]     ; 3.979 ;       ;       ; 3.979 ;
; SW[2]      ; HEX0[5]     ;       ; 3.969 ; 3.969 ;       ;
; SW[2]      ; HEX0[6]     ; 3.967 ; 3.967 ; 3.967 ; 3.967 ;
; SW[2]      ; LEDG[7]     ;       ; 3.922 ; 3.922 ;       ;
; SW[2]      ; LEDR[0]     ; 3.768 ;       ;       ; 3.768 ;
; SW[2]      ; LEDR[2]     ; 3.738 ;       ;       ; 3.738 ;
; SW[2]      ; LEDR[3]     ;       ; 3.738 ; 3.738 ;       ;
; SW[2]      ; LEDR[4]     ; 3.874 ;       ;       ; 3.874 ;
; SW[3]      ; HEX0[0]     ;       ; 3.728 ; 3.728 ;       ;
; SW[3]      ; HEX0[1]     ; 3.600 ;       ;       ; 3.600 ;
; SW[3]      ; HEX0[2]     ;       ; 3.651 ; 3.651 ;       ;
; SW[3]      ; HEX0[3]     ;       ; 3.623 ; 3.623 ;       ;
; SW[3]      ; HEX0[4]     ; 3.614 ;       ;       ; 3.614 ;
; SW[3]      ; HEX0[5]     ;       ; 3.604 ; 3.604 ;       ;
; SW[3]      ; HEX0[6]     ;       ; 3.602 ; 3.602 ;       ;
; SW[3]      ; LEDG[7]     ;       ; 3.420 ; 3.420 ;       ;
; SW[3]      ; LEDR[0]     ; 3.449 ;       ;       ; 3.449 ;
; SW[3]      ; LEDR[1]     ;       ; 3.447 ; 3.447 ;       ;
; SW[3]      ; LEDR[2]     ; 3.415 ;       ;       ; 3.415 ;
; SW[3]      ; LEDR[3]     ; 3.424 ;       ;       ; 3.424 ;
; SW[3]      ; LEDR[4]     ; 3.372 ;       ;       ; 3.372 ;
; SW[17]     ; LEDG[8]     ; 5.473 ;       ;       ; 5.473 ;
; SW[17]     ; LEDR[17]    ; 5.513 ;       ;       ; 5.513 ;
+------------+-------------+-------+-------+-------+-------+


+----------------------------------------------------------+
; Minimum Propagation Delay                                ;
+------------+-------------+-------+-------+-------+-------+
; Input Port ; Output Port ; RR    ; RF    ; FR    ; FF    ;
+------------+-------------+-------+-------+-------+-------+
; SW[0]      ; HEX0[0]     ; 4.159 ; 4.159 ; 4.159 ; 4.159 ;
; SW[0]      ; HEX0[1]     ; 4.030 ; 4.030 ; 4.030 ; 4.030 ;
; SW[0]      ; HEX0[2]     ;       ; 4.071 ; 4.071 ;       ;
; SW[0]      ; HEX0[3]     ; 4.054 ; 4.054 ; 4.054 ; 4.054 ;
; SW[0]      ; HEX0[4]     ; 4.038 ;       ;       ; 4.038 ;
; SW[0]      ; HEX0[5]     ; 4.026 ;       ;       ; 4.026 ;
; SW[0]      ; HEX0[6]     ; 4.019 ;       ;       ; 4.019 ;
; SW[0]      ; LEDR[0]     ; 3.646 ;       ;       ; 3.646 ;
; SW[1]      ; HEX0[0]     ;       ; 4.129 ; 4.129 ;       ;
; SW[1]      ; HEX0[1]     ; 4.000 ; 4.000 ; 4.000 ; 4.000 ;
; SW[1]      ; HEX0[2]     ; 4.047 ;       ;       ; 4.047 ;
; SW[1]      ; HEX0[3]     ; 4.024 ; 4.024 ; 4.024 ; 4.024 ;
; SW[1]      ; HEX0[4]     ; 4.006 ; 4.006 ; 4.006 ; 4.006 ;
; SW[1]      ; HEX0[5]     ; 4.003 ;       ;       ; 4.003 ;
; SW[1]      ; HEX0[6]     ; 3.994 ; 3.994 ; 3.994 ; 3.994 ;
; SW[1]      ; LEDG[7]     ;       ; 3.529 ; 3.529 ;       ;
; SW[1]      ; LEDR[0]     ; 3.448 ;       ;       ; 3.448 ;
; SW[1]      ; LEDR[1]     ; 3.473 ;       ;       ; 3.473 ;
; SW[1]      ; LEDR[2]     ; 3.419 ;       ;       ; 3.419 ;
; SW[1]      ; LEDR[3]     ;       ; 3.422 ; 3.422 ;       ;
; SW[1]      ; LEDR[4]     ; 3.481 ;       ;       ; 3.481 ;
; SW[2]      ; HEX0[0]     ; 4.084 ; 4.084 ; 4.084 ; 4.084 ;
; SW[2]      ; HEX0[1]     ; 3.964 ;       ;       ; 3.964 ;
; SW[2]      ; HEX0[2]     ;       ; 4.014 ; 4.014 ;       ;
; SW[2]      ; HEX0[3]     ; 3.983 ; 3.983 ; 3.983 ; 3.983 ;
; SW[2]      ; HEX0[4]     ; 3.979 ;       ;       ; 3.979 ;
; SW[2]      ; HEX0[5]     ;       ; 3.969 ; 3.969 ;       ;
; SW[2]      ; HEX0[6]     ; 3.967 ; 3.967 ; 3.967 ; 3.967 ;
; SW[2]      ; LEDG[7]     ;       ; 3.922 ; 3.922 ;       ;
; SW[2]      ; LEDR[0]     ; 3.768 ;       ;       ; 3.768 ;
; SW[2]      ; LEDR[2]     ; 3.738 ;       ;       ; 3.738 ;
; SW[2]      ; LEDR[3]     ;       ; 3.738 ; 3.738 ;       ;
; SW[2]      ; LEDR[4]     ; 3.874 ;       ;       ; 3.874 ;
; SW[3]      ; HEX0[0]     ;       ; 3.728 ; 3.728 ;       ;
; SW[3]      ; HEX0[1]     ; 3.600 ;       ;       ; 3.600 ;
; SW[3]      ; HEX0[2]     ;       ; 3.651 ; 3.651 ;       ;
; SW[3]      ; HEX0[3]     ;       ; 3.623 ; 3.623 ;       ;
; SW[3]      ; HEX0[4]     ; 3.614 ;       ;       ; 3.614 ;
; SW[3]      ; HEX0[5]     ;       ; 3.604 ; 3.604 ;       ;
; SW[3]      ; HEX0[6]     ;       ; 3.602 ; 3.602 ;       ;
; SW[3]      ; LEDG[7]     ;       ; 3.420 ; 3.420 ;       ;
; SW[3]      ; LEDR[0]     ; 3.449 ;       ;       ; 3.449 ;
; SW[3]      ; LEDR[1]     ;       ; 3.447 ; 3.447 ;       ;
; SW[3]      ; LEDR[2]     ; 3.415 ;       ;       ; 3.415 ;
; SW[3]      ; LEDR[3]     ; 3.424 ;       ;       ; 3.424 ;
; SW[3]      ; LEDR[4]     ; 3.372 ;       ;       ; 3.372 ;
; SW[17]     ; LEDG[8]     ; 5.473 ;       ;       ; 5.473 ;
; SW[17]     ; LEDR[17]    ; 5.513 ;       ;       ; 5.513 ;
+------------+-------------+-------+-------+-------+-------+


+----------------------------------------------------------------------+
; Output Enable Times                                                  ;
+-----------+------------+-------+------+------------+-----------------+
; Data Port ; Clock Port ; Rise  ; Fall ; Clock Edge ; Clock Reference ;
+-----------+------------+-------+------+------------+-----------------+
; I2C_SDAT  ; CLOCK_50   ; 4.512 ;      ; Rise       ; CLOCK_50        ;
+-----------+------------+-------+------+------------+-----------------+


+----------------------------------------------------------------------+
; Minimum Output Enable Times                                          ;
+-----------+------------+-------+------+------------+-----------------+
; Data Port ; Clock Port ; Rise  ; Fall ; Clock Edge ; Clock Reference ;
+-----------+------------+-------+------+------------+-----------------+
; I2C_SDAT  ; CLOCK_50   ; 4.512 ;      ; Rise       ; CLOCK_50        ;
+-----------+------------+-------+------+------------+-----------------+


+-------------------------------------------------------------------------------+
; Output Disable Times                                                          ;
+-----------+------------+-----------+-----------+------------+-----------------+
; Data Port ; Clock Port ; 0 to Hi-Z ; 1 to Hi-Z ; Clock Edge ; Clock Reference ;
+-----------+------------+-----------+-----------+------------+-----------------+
; I2C_SDAT  ; CLOCK_50   ; 4.512     ;           ; Rise       ; CLOCK_50        ;
+-----------+------------+-----------+-----------+------------+-----------------+


+-------------------------------------------------------------------------------+
; Minimum Output Disable Times                                                  ;
+-----------+------------+-----------+-----------+------------+-----------------+
; Data Port ; Clock Port ; 0 to Hi-Z ; 1 to Hi-Z ; Clock Edge ; Clock Reference ;
+-----------+------------+-----------+-----------+------------+-----------------+
; I2C_SDAT  ; CLOCK_50   ; 4.512     ;           ; Rise       ; CLOCK_50        ;
+-----------+------------+-----------+-----------+------------+-----------------+


+---------------------------------------------------------------------------------+
; Multicorner Timing Analysis Summary                                             ;
+------------------+----------+--------+----------+---------+---------------------+
; Clock            ; Setup    ; Hold   ; Recovery ; Removal ; Minimum Pulse Width ;
+------------------+----------+--------+----------+---------+---------------------+
; Worst-case Slack ; -7.379   ; -0.234 ; -2.476   ; 1.631   ; -1.519              ;
;  AUD_BCLK        ; -2.170   ; 0.215  ; -2.323   ; 1.995   ; -1.222              ;
;  AUD_DACLRCK     ; -1.590   ; 0.215  ; -2.276   ; 1.980   ; -1.222              ;
;  CLOCK_50        ; -7.379   ; -0.234 ; -2.476   ; 1.631   ; -1.519              ;
; Design-wide TNS  ; -735.588 ; -0.405 ; -466.16  ; 0.0     ; -512.264            ;
;  AUD_BCLK        ; -29.046  ; 0.000  ; -55.548  ; 0.000   ; -25.222             ;
;  AUD_DACLRCK     ; -15.375  ; 0.000  ; -36.416  ; 0.000   ; -17.222             ;
;  CLOCK_50        ; -691.167 ; -0.405 ; -374.196 ; 0.000   ; -469.820            ;
+------------------+----------+--------+----------+---------+---------------------+


+-------------------------------------------------------------------------+
; Setup Times                                                             ;
+-------------+------------+-------+-------+------------+-----------------+
; Data Port   ; Clock Port ; Rise  ; Fall  ; Clock Edge ; Clock Reference ;
+-------------+------------+-------+-------+------------+-----------------+
; AUD_ADCDAT  ; CLOCK_50   ; 4.579 ; 4.579 ; Rise       ; CLOCK_50        ;
; AUD_ADCLRCK ; CLOCK_50   ; 4.551 ; 4.551 ; Rise       ; CLOCK_50        ;
; AUD_BCLK    ; CLOCK_50   ; 0.457 ; 0.457 ; Rise       ; CLOCK_50        ;
; AUD_DACLRCK ; CLOCK_50   ; 0.373 ; 0.373 ; Rise       ; CLOCK_50        ;
; KEY[*]      ; CLOCK_50   ; 8.000 ; 8.000 ; Rise       ; CLOCK_50        ;
;  KEY[0]     ; CLOCK_50   ; 7.676 ; 7.676 ; Rise       ; CLOCK_50        ;
;  KEY[1]     ; CLOCK_50   ; 8.000 ; 8.000 ; Rise       ; CLOCK_50        ;
;  KEY[2]     ; CLOCK_50   ; 3.624 ; 3.624 ; Rise       ; CLOCK_50        ;
; SW[*]       ; CLOCK_50   ; 9.188 ; 9.188 ; Rise       ; CLOCK_50        ;
;  SW[0]      ; CLOCK_50   ; 9.188 ; 9.188 ; Rise       ; CLOCK_50        ;
;  SW[1]      ; CLOCK_50   ; 9.163 ; 9.163 ; Rise       ; CLOCK_50        ;
;  SW[2]      ; CLOCK_50   ; 9.105 ; 9.105 ; Rise       ; CLOCK_50        ;
;  SW[3]      ; CLOCK_50   ; 8.444 ; 8.444 ; Rise       ; CLOCK_50        ;
;  SW[17]     ; CLOCK_50   ; 6.651 ; 6.651 ; Rise       ; CLOCK_50        ;
+-------------+------------+-------+-------+------------+-----------------+


+---------------------------------------------------------------------------+
; Hold Times                                                                ;
+-------------+------------+--------+--------+------------+-----------------+
; Data Port   ; Clock Port ; Rise   ; Fall   ; Clock Edge ; Clock Reference ;
+-------------+------------+--------+--------+------------+-----------------+
; AUD_ADCDAT  ; CLOCK_50   ; -2.369 ; -2.369 ; Rise       ; CLOCK_50        ;
; AUD_ADCLRCK ; CLOCK_50   ; -2.349 ; -2.349 ; Rise       ; CLOCK_50        ;
; AUD_BCLK    ; CLOCK_50   ; 0.171  ; 0.171  ; Rise       ; CLOCK_50        ;
; AUD_DACLRCK ; CLOCK_50   ; 0.234  ; 0.234  ; Rise       ; CLOCK_50        ;
; KEY[*]      ; CLOCK_50   ; -1.846 ; -1.846 ; Rise       ; CLOCK_50        ;
;  KEY[0]     ; CLOCK_50   ; -2.423 ; -2.423 ; Rise       ; CLOCK_50        ;
;  KEY[1]     ; CLOCK_50   ; -2.462 ; -2.462 ; Rise       ; CLOCK_50        ;
;  KEY[2]     ; CLOCK_50   ; -1.846 ; -1.846 ; Rise       ; CLOCK_50        ;
; SW[*]       ; CLOCK_50   ; -1.496 ; -1.496 ; Rise       ; CLOCK_50        ;
;  SW[0]      ; CLOCK_50   ; -1.925 ; -1.925 ; Rise       ; CLOCK_50        ;
;  SW[1]      ; CLOCK_50   ; -1.894 ; -1.894 ; Rise       ; CLOCK_50        ;
;  SW[2]      ; CLOCK_50   ; -1.857 ; -1.857 ; Rise       ; CLOCK_50        ;
;  SW[3]      ; CLOCK_50   ; -1.496 ; -1.496 ; Rise       ; CLOCK_50        ;
;  SW[17]     ; CLOCK_50   ; -3.051 ; -3.051 ; Rise       ; CLOCK_50        ;
+-------------+------------+--------+--------+------------+-----------------+


+---------------------------------------------------------------------------+
; Clock to Output Times                                                     ;
+------------+-------------+--------+--------+------------+-----------------+
; Data Port  ; Clock Port  ; Rise   ; Fall   ; Clock Edge ; Clock Reference ;
+------------+-------------+--------+--------+------------+-----------------+
; LEDG[*]    ; AUD_BCLK    ; 8.895  ; 8.895  ; Rise       ; AUD_BCLK        ;
;  LEDG[1]   ; AUD_BCLK    ; 8.895  ; 8.895  ; Rise       ; AUD_BCLK        ;
; LEDG[*]    ; AUD_DACLRCK ; 9.821  ; 9.821  ; Rise       ; AUD_DACLRCK     ;
;  LEDG[2]   ; AUD_DACLRCK ; 9.821  ; 9.821  ; Rise       ; AUD_DACLRCK     ;
; AUD_DACDAT ; CLOCK_50    ; 10.272 ; 10.272 ; Rise       ; CLOCK_50        ;
; AUD_XCK    ; CLOCK_50    ; 9.383  ; 9.383  ; Rise       ; CLOCK_50        ;
; I2C_SCLK   ; CLOCK_50    ; 7.628  ; 7.628  ; Rise       ; CLOCK_50        ;
; I2C_SDAT   ; CLOCK_50    ; 7.601  ; 7.601  ; Rise       ; CLOCK_50        ;
; LEDG[*]    ; CLOCK_50    ; 9.100  ; 9.100  ; Rise       ; CLOCK_50        ;
;  LEDG[0]   ; CLOCK_50    ; 9.006  ; 9.006  ; Rise       ; CLOCK_50        ;
;  LEDG[3]   ; CLOCK_50    ; 8.294  ; 8.294  ; Rise       ; CLOCK_50        ;
;  LEDG[4]   ; CLOCK_50    ; 9.100  ; 9.100  ; Rise       ; CLOCK_50        ;
;  LEDG[5]   ; CLOCK_50    ; 8.057  ; 8.057  ; Rise       ; CLOCK_50        ;
;  LEDG[6]   ; CLOCK_50    ; 8.106  ; 8.106  ; Rise       ; CLOCK_50        ;
; LEDR[*]    ; CLOCK_50    ; 9.686  ; 9.686  ; Rise       ; CLOCK_50        ;
;  LEDR[5]   ; CLOCK_50    ; 9.008  ; 9.008  ; Rise       ; CLOCK_50        ;
;  LEDR[6]   ; CLOCK_50    ; 9.686  ; 9.686  ; Rise       ; CLOCK_50        ;
;  LEDR[7]   ; CLOCK_50    ; 8.139  ; 8.139  ; Rise       ; CLOCK_50        ;
;  LEDR[8]   ; CLOCK_50    ; 8.076  ; 8.076  ; Rise       ; CLOCK_50        ;
;  LEDR[9]   ; CLOCK_50    ; 8.548  ; 8.548  ; Rise       ; CLOCK_50        ;
;  LEDR[10]  ; CLOCK_50    ; 8.517  ; 8.517  ; Rise       ; CLOCK_50        ;
; VGA_BLANK  ; CLOCK_50    ; 10.468 ; 10.468 ; Rise       ; CLOCK_50        ;
; VGA_CLK    ; CLOCK_50    ; 7.919  ; 7.919  ; Rise       ; CLOCK_50        ;
; VGA_G[*]   ; CLOCK_50    ; 8.143  ; 8.143  ; Rise       ; CLOCK_50        ;
;  VGA_G[7]  ; CLOCK_50    ; 8.143  ; 8.143  ; Rise       ; CLOCK_50        ;
;  VGA_G[8]  ; CLOCK_50    ; 7.923  ; 7.923  ; Rise       ; CLOCK_50        ;
;  VGA_G[9]  ; CLOCK_50    ; 7.924  ; 7.924  ; Rise       ; CLOCK_50        ;
; VGA_HS     ; CLOCK_50    ; 10.459 ; 10.459 ; Rise       ; CLOCK_50        ;
; VGA_R[*]   ; CLOCK_50    ; 8.366  ; 8.366  ; Rise       ; CLOCK_50        ;
;  VGA_R[6]  ; CLOCK_50    ; 8.360  ; 8.360  ; Rise       ; CLOCK_50        ;
;  VGA_R[7]  ; CLOCK_50    ; 8.335  ; 8.335  ; Rise       ; CLOCK_50        ;
;  VGA_R[8]  ; CLOCK_50    ; 8.366  ; 8.366  ; Rise       ; CLOCK_50        ;
;  VGA_R[9]  ; CLOCK_50    ; 8.333  ; 8.333  ; Rise       ; CLOCK_50        ;
; VGA_VS     ; CLOCK_50    ; 10.624 ; 10.624 ; Rise       ; CLOCK_50        ;
+------------+-------------+--------+--------+------------+-----------------+


+-------------------------------------------------------------------------+
; Minimum Clock to Output Times                                           ;
+------------+-------------+-------+-------+------------+-----------------+
; Data Port  ; Clock Port  ; Rise  ; Fall  ; Clock Edge ; Clock Reference ;
+------------+-------------+-------+-------+------------+-----------------+
; LEDG[*]    ; AUD_BCLK    ; 4.797 ; 4.797 ; Rise       ; AUD_BCLK        ;
;  LEDG[1]   ; AUD_BCLK    ; 4.797 ; 4.797 ; Rise       ; AUD_BCLK        ;
; LEDG[*]    ; AUD_DACLRCK ; 5.224 ; 5.224 ; Rise       ; AUD_DACLRCK     ;
;  LEDG[2]   ; AUD_DACLRCK ; 5.224 ; 5.224 ; Rise       ; AUD_DACLRCK     ;
; AUD_DACDAT ; CLOCK_50    ; 5.624 ; 5.624 ; Rise       ; CLOCK_50        ;
; AUD_XCK    ; CLOCK_50    ; 5.087 ; 5.087 ; Rise       ; CLOCK_50        ;
; I2C_SCLK   ; CLOCK_50    ; 4.276 ; 4.276 ; Rise       ; CLOCK_50        ;
; I2C_SDAT   ; CLOCK_50    ; 4.263 ; 4.263 ; Rise       ; CLOCK_50        ;
; LEDG[*]    ; CLOCK_50    ; 4.485 ; 4.485 ; Rise       ; CLOCK_50        ;
;  LEDG[0]   ; CLOCK_50    ; 4.907 ; 4.907 ; Rise       ; CLOCK_50        ;
;  LEDG[3]   ; CLOCK_50    ; 4.597 ; 4.597 ; Rise       ; CLOCK_50        ;
;  LEDG[4]   ; CLOCK_50    ; 4.952 ; 4.952 ; Rise       ; CLOCK_50        ;
;  LEDG[5]   ; CLOCK_50    ; 4.515 ; 4.515 ; Rise       ; CLOCK_50        ;
;  LEDG[6]   ; CLOCK_50    ; 4.485 ; 4.485 ; Rise       ; CLOCK_50        ;
; LEDR[*]    ; CLOCK_50    ; 4.455 ; 4.455 ; Rise       ; CLOCK_50        ;
;  LEDR[5]   ; CLOCK_50    ; 4.909 ; 4.909 ; Rise       ; CLOCK_50        ;
;  LEDR[6]   ; CLOCK_50    ; 5.186 ; 5.186 ; Rise       ; CLOCK_50        ;
;  LEDR[7]   ; CLOCK_50    ; 4.562 ; 4.562 ; Rise       ; CLOCK_50        ;
;  LEDR[8]   ; CLOCK_50    ; 4.455 ; 4.455 ; Rise       ; CLOCK_50        ;
;  LEDR[9]   ; CLOCK_50    ; 4.676 ; 4.676 ; Rise       ; CLOCK_50        ;
;  LEDR[10]  ; CLOCK_50    ; 4.645 ; 4.645 ; Rise       ; CLOCK_50        ;
; VGA_BLANK  ; CLOCK_50    ; 5.424 ; 5.424 ; Rise       ; CLOCK_50        ;
; VGA_CLK    ; CLOCK_50    ; 4.425 ; 4.425 ; Rise       ; CLOCK_50        ;
; VGA_G[*]   ; CLOCK_50    ; 4.388 ; 4.388 ; Rise       ; CLOCK_50        ;
;  VGA_G[7]  ; CLOCK_50    ; 4.494 ; 4.494 ; Rise       ; CLOCK_50        ;
;  VGA_G[8]  ; CLOCK_50    ; 4.388 ; 4.388 ; Rise       ; CLOCK_50        ;
;  VGA_G[9]  ; CLOCK_50    ; 4.389 ; 4.389 ; Rise       ; CLOCK_50        ;
; VGA_HS     ; CLOCK_50    ; 5.132 ; 5.132 ; Rise       ; CLOCK_50        ;
; VGA_R[*]   ; CLOCK_50    ; 4.567 ; 4.567 ; Rise       ; CLOCK_50        ;
;  VGA_R[6]  ; CLOCK_50    ; 4.592 ; 4.592 ; Rise       ; CLOCK_50        ;
;  VGA_R[7]  ; CLOCK_50    ; 4.577 ; 4.577 ; Rise       ; CLOCK_50        ;
;  VGA_R[8]  ; CLOCK_50    ; 4.586 ; 4.586 ; Rise       ; CLOCK_50        ;
;  VGA_R[9]  ; CLOCK_50    ; 4.567 ; 4.567 ; Rise       ; CLOCK_50        ;
; VGA_VS     ; CLOCK_50    ; 4.926 ; 4.926 ; Rise       ; CLOCK_50        ;
+------------+-------------+-------+-------+------------+-----------------+


+----------------------------------------------------------+
; Progagation Delay                                        ;
+------------+-------------+-------+-------+-------+-------+
; Input Port ; Output Port ; RR    ; RF    ; FR    ; FF    ;
+------------+-------------+-------+-------+-------+-------+
; SW[0]      ; HEX0[0]     ; 7.995 ; 7.995 ; 7.995 ; 7.995 ;
; SW[0]      ; HEX0[1]     ; 7.742 ; 7.742 ; 7.742 ; 7.742 ;
; SW[0]      ; HEX0[2]     ;       ; 7.701 ; 7.701 ;       ;
; SW[0]      ; HEX0[3]     ; 7.759 ; 7.759 ; 7.759 ; 7.759 ;
; SW[0]      ; HEX0[4]     ; 7.739 ;       ;       ; 7.739 ;
; SW[0]      ; HEX0[5]     ; 7.721 ;       ;       ; 7.721 ;
; SW[0]      ; HEX0[6]     ; 7.721 ;       ;       ; 7.721 ;
; SW[0]      ; LEDR[0]     ; 6.920 ;       ;       ; 6.920 ;
; SW[1]      ; HEX0[0]     ;       ; 7.932 ; 7.932 ;       ;
; SW[1]      ; HEX0[1]     ; 7.716 ; 7.716 ; 7.716 ; 7.716 ;
; SW[1]      ; HEX0[2]     ; 7.723 ;       ;       ; 7.723 ;
; SW[1]      ; HEX0[3]     ; 7.704 ; 7.704 ; 7.704 ; 7.704 ;
; SW[1]      ; HEX0[4]     ; 7.713 ; 7.713 ; 7.713 ; 7.713 ;
; SW[1]      ; HEX0[5]     ; 7.700 ;       ;       ; 7.700 ;
; SW[1]      ; HEX0[6]     ; 7.700 ; 7.700 ; 7.700 ; 7.700 ;
; SW[1]      ; LEDG[7]     ;       ; 6.787 ; 6.787 ;       ;
; SW[1]      ; LEDR[0]     ; 6.519 ;       ;       ; 6.519 ;
; SW[1]      ; LEDR[1]     ; 6.517 ;       ;       ; 6.517 ;
; SW[1]      ; LEDR[2]     ; 6.487 ;       ;       ; 6.487 ;
; SW[1]      ; LEDR[3]     ;       ; 6.492 ; 6.492 ;       ;
; SW[1]      ; LEDR[4]     ; 6.616 ;       ;       ; 6.616 ;
; SW[2]      ; HEX0[0]     ; 7.866 ; 7.866 ; 7.866 ; 7.866 ;
; SW[2]      ; HEX0[1]     ; 7.617 ;       ;       ; 7.617 ;
; SW[2]      ; HEX0[2]     ;       ; 7.638 ; 7.638 ;       ;
; SW[2]      ; HEX0[3]     ; 7.632 ; 7.632 ; 7.632 ; 7.632 ;
; SW[2]      ; HEX0[4]     ; 7.626 ;       ;       ; 7.626 ;
; SW[2]      ; HEX0[5]     ;       ; 7.614 ; 7.614 ;       ;
; SW[2]      ; HEX0[6]     ; 7.614 ; 7.614 ; 7.614 ; 7.614 ;
; SW[2]      ; LEDG[7]     ;       ; 7.522 ; 7.522 ;       ;
; SW[2]      ; LEDR[0]     ; 7.068 ;       ;       ; 7.068 ;
; SW[2]      ; LEDR[2]     ; 7.040 ;       ;       ; 7.040 ;
; SW[2]      ; LEDR[3]     ;       ; 7.040 ; 7.040 ;       ;
; SW[2]      ; LEDR[4]     ; 7.351 ;       ;       ; 7.351 ;
; SW[3]      ; HEX0[0]     ;       ; 7.215 ; 7.215 ;       ;
; SW[3]      ; HEX0[1]     ; 6.955 ;       ;       ; 6.955 ;
; SW[3]      ; HEX0[2]     ;       ; 6.978 ; 6.978 ;       ;
; SW[3]      ; HEX0[3]     ;       ; 6.979 ; 6.979 ;       ;
; SW[3]      ; HEX0[4]     ; 6.962 ;       ;       ; 6.962 ;
; SW[3]      ; HEX0[5]     ;       ; 6.954 ; 6.954 ;       ;
; SW[3]      ; HEX0[6]     ;       ; 6.924 ; 6.924 ;       ;
; SW[3]      ; LEDG[7]     ;       ; 6.573 ; 6.573 ;       ;
; SW[3]      ; LEDR[0]     ; 6.590 ;       ;       ; 6.590 ;
; SW[3]      ; LEDR[1]     ;       ; 6.548 ; 6.548 ;       ;
; SW[3]      ; LEDR[2]     ; 6.559 ;       ;       ; 6.559 ;
; SW[3]      ; LEDR[3]     ; 6.565 ;       ;       ; 6.565 ;
; SW[3]      ; LEDR[4]     ; 6.402 ;       ;       ; 6.402 ;
; SW[17]     ; LEDG[8]     ; 9.565 ;       ;       ; 9.565 ;
; SW[17]     ; LEDR[17]    ; 9.605 ;       ;       ; 9.605 ;
+------------+-------------+-------+-------+-------+-------+


+----------------------------------------------------------+
; Minimum Progagation Delay                                ;
+------------+-------------+-------+-------+-------+-------+
; Input Port ; Output Port ; RR    ; RF    ; FR    ; FF    ;
+------------+-------------+-------+-------+-------+-------+
; SW[0]      ; HEX0[0]     ; 4.159 ; 4.159 ; 4.159 ; 4.159 ;
; SW[0]      ; HEX0[1]     ; 4.030 ; 4.030 ; 4.030 ; 4.030 ;
; SW[0]      ; HEX0[2]     ;       ; 4.071 ; 4.071 ;       ;
; SW[0]      ; HEX0[3]     ; 4.054 ; 4.054 ; 4.054 ; 4.054 ;
; SW[0]      ; HEX0[4]     ; 4.038 ;       ;       ; 4.038 ;
; SW[0]      ; HEX0[5]     ; 4.026 ;       ;       ; 4.026 ;
; SW[0]      ; HEX0[6]     ; 4.019 ;       ;       ; 4.019 ;
; SW[0]      ; LEDR[0]     ; 3.646 ;       ;       ; 3.646 ;
; SW[1]      ; HEX0[0]     ;       ; 4.129 ; 4.129 ;       ;
; SW[1]      ; HEX0[1]     ; 4.000 ; 4.000 ; 4.000 ; 4.000 ;
; SW[1]      ; HEX0[2]     ; 4.047 ;       ;       ; 4.047 ;
; SW[1]      ; HEX0[3]     ; 4.024 ; 4.024 ; 4.024 ; 4.024 ;
; SW[1]      ; HEX0[4]     ; 4.006 ; 4.006 ; 4.006 ; 4.006 ;
; SW[1]      ; HEX0[5]     ; 4.003 ;       ;       ; 4.003 ;
; SW[1]      ; HEX0[6]     ; 3.994 ; 3.994 ; 3.994 ; 3.994 ;
; SW[1]      ; LEDG[7]     ;       ; 3.529 ; 3.529 ;       ;
; SW[1]      ; LEDR[0]     ; 3.448 ;       ;       ; 3.448 ;
; SW[1]      ; LEDR[1]     ; 3.473 ;       ;       ; 3.473 ;
; SW[1]      ; LEDR[2]     ; 3.419 ;       ;       ; 3.419 ;
; SW[1]      ; LEDR[3]     ;       ; 3.422 ; 3.422 ;       ;
; SW[1]      ; LEDR[4]     ; 3.481 ;       ;       ; 3.481 ;
; SW[2]      ; HEX0[0]     ; 4.084 ; 4.084 ; 4.084 ; 4.084 ;
; SW[2]      ; HEX0[1]     ; 3.964 ;       ;       ; 3.964 ;
; SW[2]      ; HEX0[2]     ;       ; 4.014 ; 4.014 ;       ;
; SW[2]      ; HEX0[3]     ; 3.983 ; 3.983 ; 3.983 ; 3.983 ;
; SW[2]      ; HEX0[4]     ; 3.979 ;       ;       ; 3.979 ;
; SW[2]      ; HEX0[5]     ;       ; 3.969 ; 3.969 ;       ;
; SW[2]      ; HEX0[6]     ; 3.967 ; 3.967 ; 3.967 ; 3.967 ;
; SW[2]      ; LEDG[7]     ;       ; 3.922 ; 3.922 ;       ;
; SW[2]      ; LEDR[0]     ; 3.768 ;       ;       ; 3.768 ;
; SW[2]      ; LEDR[2]     ; 3.738 ;       ;       ; 3.738 ;
; SW[2]      ; LEDR[3]     ;       ; 3.738 ; 3.738 ;       ;
; SW[2]      ; LEDR[4]     ; 3.874 ;       ;       ; 3.874 ;
; SW[3]      ; HEX0[0]     ;       ; 3.728 ; 3.728 ;       ;
; SW[3]      ; HEX0[1]     ; 3.600 ;       ;       ; 3.600 ;
; SW[3]      ; HEX0[2]     ;       ; 3.651 ; 3.651 ;       ;
; SW[3]      ; HEX0[3]     ;       ; 3.623 ; 3.623 ;       ;
; SW[3]      ; HEX0[4]     ; 3.614 ;       ;       ; 3.614 ;
; SW[3]      ; HEX0[5]     ;       ; 3.604 ; 3.604 ;       ;
; SW[3]      ; HEX0[6]     ;       ; 3.602 ; 3.602 ;       ;
; SW[3]      ; LEDG[7]     ;       ; 3.420 ; 3.420 ;       ;
; SW[3]      ; LEDR[0]     ; 3.449 ;       ;       ; 3.449 ;
; SW[3]      ; LEDR[1]     ;       ; 3.447 ; 3.447 ;       ;
; SW[3]      ; LEDR[2]     ; 3.415 ;       ;       ; 3.415 ;
; SW[3]      ; LEDR[3]     ; 3.424 ;       ;       ; 3.424 ;
; SW[3]      ; LEDR[4]     ; 3.372 ;       ;       ; 3.372 ;
; SW[17]     ; LEDG[8]     ; 5.473 ;       ;       ; 5.473 ;
; SW[17]     ; LEDR[17]    ; 5.513 ;       ;       ; 5.513 ;
+------------+-------------+-------+-------+-------+-------+


+-----------------------------------------------------------------------+
; Setup Transfers                                                       ;
+-------------+-------------+----------+----------+----------+----------+
; From Clock  ; To Clock    ; RR Paths ; FR Paths ; RF Paths ; FF Paths ;
+-------------+-------------+----------+----------+----------+----------+
; AUD_BCLK    ; AUD_BCLK    ; 300      ; 0        ; 0        ; 0        ;
; AUD_DACLRCK ; AUD_DACLRCK ; 136      ; 0        ; 0        ; 0        ;
; AUD_BCLK    ; CLOCK_50    ; 1        ; 1        ; 0        ; 0        ;
; AUD_DACLRCK ; CLOCK_50    ; 1        ; 1        ; 0        ; 0        ;
; CLOCK_50    ; CLOCK_50    ; 72071    ; 0        ; 0        ; 0        ;
+-------------+-------------+----------+----------+----------+----------+
Entries labeled "false path" only account for clock-to-clock false paths and not path-based false paths. As a result, actual path counts may be lower than reported.


+-----------------------------------------------------------------------+
; Hold Transfers                                                        ;
+-------------+-------------+----------+----------+----------+----------+
; From Clock  ; To Clock    ; RR Paths ; FR Paths ; RF Paths ; FF Paths ;
+-------------+-------------+----------+----------+----------+----------+
; AUD_BCLK    ; AUD_BCLK    ; 300      ; 0        ; 0        ; 0        ;
; AUD_DACLRCK ; AUD_DACLRCK ; 136      ; 0        ; 0        ; 0        ;
; AUD_BCLK    ; CLOCK_50    ; 1        ; 1        ; 0        ; 0        ;
; AUD_DACLRCK ; CLOCK_50    ; 1        ; 1        ; 0        ; 0        ;
; CLOCK_50    ; CLOCK_50    ; 72071    ; 0        ; 0        ; 0        ;
+-------------+-------------+----------+----------+----------+----------+
Entries labeled "false path" only account for clock-to-clock false paths and not path-based false paths. As a result, actual path counts may be lower than reported.


+----------------------------------------------------------------------+
; Recovery Transfers                                                   ;
+------------+-------------+----------+----------+----------+----------+
; From Clock ; To Clock    ; RR Paths ; FR Paths ; RF Paths ; FF Paths ;
+------------+-------------+----------+----------+----------+----------+
; CLOCK_50   ; AUD_BCLK    ; 24       ; 0        ; 0        ; 0        ;
; CLOCK_50   ; AUD_DACLRCK ; 16       ; 0        ; 0        ; 0        ;
; CLOCK_50   ; CLOCK_50    ; 180      ; 0        ; 0        ; 0        ;
+------------+-------------+----------+----------+----------+----------+
Entries labeled "false path" only account for clock-to-clock false paths and not path-based false paths. As a result, actual path counts may be lower than reported.


+----------------------------------------------------------------------+
; Removal Transfers                                                    ;
+------------+-------------+----------+----------+----------+----------+
; From Clock ; To Clock    ; RR Paths ; FR Paths ; RF Paths ; FF Paths ;
+------------+-------------+----------+----------+----------+----------+
; CLOCK_50   ; AUD_BCLK    ; 24       ; 0        ; 0        ; 0        ;
; CLOCK_50   ; AUD_DACLRCK ; 16       ; 0        ; 0        ; 0        ;
; CLOCK_50   ; CLOCK_50    ; 180      ; 0        ; 0        ; 0        ;
+------------+-------------+----------+----------+----------+----------+
Entries labeled "false path" only account for clock-to-clock false paths and not path-based false paths. As a result, actual path counts may be lower than reported.


---------------
; Report TCCS ;
---------------
No dedicated SERDES Transmitter circuitry present in device or used in design


---------------
; Report RSKM ;
---------------
No dedicated SERDES Receiver circuitry present in device or used in design


+------------------------------------------------+
; Unconstrained Paths                            ;
+---------------------------------+-------+------+
; Property                        ; Setup ; Hold ;
+---------------------------------+-------+------+
; Illegal Clocks                  ; 0     ; 0    ;
; Unconstrained Clocks            ; 0     ; 0    ;
; Unconstrained Input Ports       ; 11    ; 11   ;
; Unconstrained Input Port Paths  ; 471   ; 471  ;
; Unconstrained Output Ports      ; 43    ; 43   ;
; Unconstrained Output Port Paths ; 97    ; 97   ;
+---------------------------------+-------+------+


+------------------------------------+
; TimeQuest Timing Analyzer Messages ;
+------------------------------------+
Info: *******************************************************************
Info: Running Quartus II 64-Bit TimeQuest Timing Analyzer
    Info: Version 13.0.1 Build 232 06/12/2013 Service Pack 1 SJ Web Edition
    Info: Processing started: Wed May 20 16:13:59 2026
Info: Command: quartus_sta karaoke_top -c karaoke_top
Info: qsta_default_script.tcl version: #1
Warning (20028): Parallel compilation is not licensed and has been disabled
Critical Warning (332012): Synopsys Design Constraints File file not found: 'karaoke_top.sdc'. A Synopsys Design Constraints File is required by the TimeQuest Timing Analyzer to get proper timing constraints. Without it, the Compiler will not properly optimize the design.
Info (332142): No user constrained base clocks found in the design. Calling "derive_clocks -period 1.0"
Info (332105): Deriving Clocks
    Info (332105): create_clock -period 1.000 -name AUD_BCLK AUD_BCLK
    Info (332105): create_clock -period 1.000 -name CLOCK_50 CLOCK_50
    Info (332105): create_clock -period 1.000 -name AUD_DACLRCK AUD_DACLRCK
Info: Found TIMEQUEST_REPORT_SCRIPT_INCLUDE_DEFAULT_ANALYSIS = ON
Info: Analyzing Slow Model
Critical Warning (332148): Timing requirements not met
Info (332146): Worst-case setup slack is -7.379
    Info (332119):     Slack End Point TNS Clock 
    Info (332119): ========= ============= =====================
    Info (332119):    -7.379      -691.167 CLOCK_50 
    Info (332119):    -2.170       -29.046 AUD_BCLK 
    Info (332119):    -1.590       -15.375 AUD_DACLRCK 
Info (332146): Worst-case hold slack is 0.143
    Info (332119):     Slack End Point TNS Clock 
    Info (332119): ========= ============= =====================
    Info (332119):     0.143         0.000 CLOCK_50 
    Info (332119):     0.391         0.000 AUD_BCLK 
    Info (332119):     0.391         0.000 AUD_DACLRCK 
Info (332146): Worst-case recovery slack is -2.476
    Info (332119):     Slack End Point TNS Clock 
    Info (332119): ========= ============= =====================
    Info (332119):    -2.476      -374.196 CLOCK_50 
    Info (332119):    -2.323       -55.548 AUD_BCLK 
    Info (332119):    -2.276       -36.416 AUD_DACLRCK 
Info (332146): Worst-case removal slack is 2.750
    Info (332119):     Slack End Point TNS Clock 
    Info (332119): ========= ============= =====================
    Info (332119):     2.750         0.000 CLOCK_50 
    Info (332119):     3.046         0.000 AUD_DACLRCK 
    Info (332119):     3.076         0.000 AUD_BCLK 
Info (332146): Worst-case minimum pulse width slack is -1.423
    Info (332119):     Slack End Point TNS Clock 
    Info (332119): ========= ============= =====================
    Info (332119):    -1.423      -463.676 CLOCK_50 
    Info (332119):    -1.222       -25.222 AUD_BCLK 
    Info (332119):    -1.222       -17.222 AUD_DACLRCK 
Info (332001): The selected device family is not supported by the report_metastability command.
Info: Analyzing Fast Model
Critical Warning (332148): Timing requirements not met
Info (332146): Worst-case setup slack is -2.644
    Info (332119):     Slack End Point TNS Clock 
    Info (332119): ========= ============= =====================
    Info (332119):    -2.644      -176.271 CLOCK_50 
    Info (332119):    -0.520        -3.459 AUD_BCLK 
    Info (332119):    -0.209        -0.729 AUD_DACLRCK 
Info (332146): Worst-case hold slack is -0.234
    Info (332119):     Slack End Point TNS Clock 
    Info (332119): ========= ============= =====================
    Info (332119):    -0.234        -0.405 CLOCK_50 
    Info (332119):     0.215         0.000 AUD_BCLK 
    Info (332119):     0.215         0.000 AUD_DACLRCK 
Info (332146): Worst-case recovery slack is -1.128
    Info (332119):     Slack End Point TNS Clock 
    Info (332119): ========= ============= =====================
    Info (332119):    -1.128       -26.916 AUD_BCLK 
    Info (332119):    -1.100       -17.600 AUD_DACLRCK 
    Info (332119):    -0.999      -144.832 CLOCK_50 
Info (332146): Worst-case removal slack is 1.631
    Info (332119):     Slack End Point TNS Clock 
    Info (332119): ========= ============= =====================
    Info (332119):     1.631         0.000 CLOCK_50 
    Info (332119):     1.980         0.000 AUD_DACLRCK 
    Info (332119):     1.995         0.000 AUD_BCLK 
Info (332146): Worst-case minimum pulse width slack is -1.519
    Info (332119):     Slack End Point TNS Clock 
    Info (332119): ========= ============= =====================
    Info (332119):    -1.519      -469.820 CLOCK_50 
    Info (332119):    -1.222       -25.222 AUD_BCLK 
    Info (332119):    -1.222       -17.222 AUD_DACLRCK 
Info (332001): The selected device family is not supported by the report_metastability command.
Info (332102): Design is not fully constrained for setup requirements
Info (332102): Design is not fully constrained for hold requirements
Info: Quartus II 64-Bit TimeQuest Timing Analyzer was successful. 0 errors, 4 warnings
    Info: Peak virtual memory: 4582 megabytes
    Info: Processing ended: Wed May 20 16:14:00 2026
    Info: Elapsed time: 00:00:01
    Info: Total CPU time (on all processors): 00:00:01


